age,hdl,ldl,max_heart_rate_achieved,exercise_induced_angina,st_depression,has_heart_disease
44.0,57.0,106.0,165.0,0.0,0.3,0
57.0,69.0,110.0,150.0,0.0,2.1,1
29.0,52.0,108.0,210.0,0.0,0.8,0
72.0,59.0,104.0,137.0,0.0,2.1,1
62.0,65.0,75.0,181.0,1.0,1.3,1
50.0,46.0,101.0,185.0,0.0,0.8,0
50.0,63.0,124.0,182.0,0.0,2.1,0
58.0,54.0,99.0,135.0,1.0,0.9,1
51.0,84.0,104.0,190.0,0.0,0.4,0
51.0,50.0,104.0,151.0,0.0,0.3,0
63.0,65.0,81.0,125.0,1.0,1.2,1
61.0,65.0,148.0,145.0,1.0,0.4,0
53.0,52.0,104.0,181.0,0.0,1.6,0
53.0,63.0,92.0,173.0,0.0,1.0,0
56.0,41.0,107.0,167.0,0.0,0.2,0
46.0,46.0,36.0,178.0,0.0,0.6,0
49.0,47.0,81.0,180.0,0.0,0.3,0
61.0,44.0,191.0,121.0,1.0,0.1,1
52.0,67.0,65.0,176.0,0.0,1.1,0
36.0,86.0,66.0,209.0,0.0,1.1,0
48.0,58.0,134.0,157.0,0.0,1.4,1
63.0,47.0,148.0,151.0,1.0,0.4,0
51.0,53.0,88.0,176.0,0.0,0.7,0
52.0,77.0,58.0,158.0,0.0,0.9,0
62.0,57.0,147.0,129.0,1.0,2.9,1
78.0,61.0,96.0,164.0,0.0,0.6,0
45.0,50.0,108.0,173.0,0.0,0.3,0
72.0,64.0,62.0,157.0,0.0,0.7,0
38.0,39.0,84.0,206.0,0.0,3.0,0
56.0,56.0,100.0,180.0,0.0,0.5,0
39.0,61.0,97.0,182.0,0.0,0.0,0
72.0,68.0,91.0,149.0,1.0,0.6,1
65.0,39.0,79.0,132.0,0.0,1.2,1
69.0,57.0,116.0,123.0,0.0,1.0,0
42.0,73.0,93.0,194.0,0.0,1.4,0
63.0,39.0,82.0,158.0,0.0,0.7,0
47.0,50.0,155.0,154.0,1.0,0.9,0
48.0,71.0,107.0,168.0,0.0,0.5,0
61.0,41.0,106.0,160.0,1.0,0.4,1
65.0,43.0,102.0,139.0,0.0,1.9,1
57.0,32.0,121.0,177.0,0.0,1.0,0
46.0,48.0,153.0,210.0,0.0,0.2,0
43.0,70.0,126.0,194.0,0.0,1.6,0
73.0,46.0,78.0,132.0,0.0,1.2,0
62.0,71.0,161.0,130.0,0.0,2.0,1
63.0,68.0,128.0,169.0,0.0,1.2,0
82.0,65.0,97.0,132.0,0.0,1.1,0
43.0,38.0,101.0,173.0,1.0,0.4,1
87.0,69.0,121.0,140.0,1.0,3.1,1
90.0,70.0,99.0,140.0,0.0,0.7,1
75.0,56.0,181.0,109.0,0.0,0.7,1
65.0,66.0,55.0,153.0,0.0,0.2,0
45.0,72.0,83.0,174.0,0.0,0.2,0
67.0,90.0,92.0,153.0,0.0,0.6,0
48.0,53.0,108.0,166.0,0.0,0.9,0
54.0,44.0,98.0,180.0,0.0,0.2,0
50.0,49.0,97.0,175.0,1.0,0.7,0
58.0,57.0,114.0,171.0,0.0,0.3,1
71.0,47.0,90.0,132.0,1.0,0.1,1
47.0,55.0,96.0,145.0,1.0,0.3,1
41.0,51.0,45.0,144.0,1.0,1.5,0
41.0,45.0,62.0,200.0,1.0,0.3,0
41.0,58.0,136.0,208.0,0.0,0.0,0
35.0,65.0,136.0,193.0,0.0,1.4,0
42.0,90.0,61.0,204.0,0.0,0.3,0
71.0,57.0,127.0,152.0,1.0,3.0,1
46.0,48.0,64.0,207.0,1.0,0.9,0
57.0,58.0,154.0,148.0,0.0,1.1,0
38.0,36.0,116.0,170.0,0.0,3.6,1
56.0,57.0,94.0,150.0,0.0,0.2,0
31.0,72.0,111.0,184.0,0.0,1.2,0
45.0,32.0,128.0,169.0,0.0,1.4,0
83.0,35.0,112.0,121.0,1.0,0.1,1
46.0,47.0,138.0,166.0,0.0,1.2,0
69.0,38.0,117.0,169.0,0.0,0.5,0
60.0,56.0,56.0,157.0,0.0,2.6,0
52.0,63.0,84.0,177.0,0.0,0.7,0
46.0,42.0,93.0,205.0,0.0,0.2,0
71.0,61.0,120.0,150.0,0.0,0.7,0
52.0,67.0,128.0,182.0,1.0,0.6,0
74.0,53.0,104.0,136.0,0.0,2.2,0
45.0,58.0,78.0,182.0,0.0,0.5,1
55.0,66.0,88.0,166.0,0.0,0.2,0
60.0,54.0,117.0,186.0,0.0,1.3,0
59.0,71.0,107.0,141.0,0.0,3.8,1
38.0,66.0,74.0,184.0,0.0,0.2,0
45.0,49.0,82.0,193.0,0.0,0.1,0
51.0,58.0,148.0,166.0,0.0,0.3,0
43.0,43.0,98.0,201.0,0.0,0.6,0
63.0,48.0,119.0,149.0,1.0,0.4,1
62.0,31.0,67.0,118.0,1.0,2.8,1
29.0,59.0,98.0,195.0,0.0,0.9,0
31.0,57.0,116.0,195.0,0.0,0.8,0
37.0,57.0,35.0,192.0,0.0,0.3,0
56.0,59.0,100.0,167.0,0.0,0.6,0
80.0,66.0,178.0,132.0,0.0,1.0,0
49.0,58.0,55.0,193.0,0.0,1.1,0
57.0,41.0,79.0,134.0,1.0,2.8,1
40.0,61.0,149.0,196.0,0.0,0.6,0
40.0,51.0,110.0,179.0,0.0,0.2,0
29.0,52.0,142.0,167.0,0.0,1.9,1
54.0,68.0,97.0,154.0,0.0,0.7,0
66.0,51.0,147.0,140.0,1.0,1.5,1
49.0,51.0,101.0,185.0,0.0,0.6,0
72.0,63.0,49.0,159.0,0.0,1.9,0
57.0,52.0,80.0,167.0,0.0,0.3,0
54.0,65.0,157.0,151.0,0.0,0.8,0
61.0,55.0,77.0,164.0,1.0,0.1,0
60.0,40.0,111.0,151.0,1.0,1.8,1
69.0,46.0,81.0,109.0,0.0,1.6,1
44.0,46.0,120.0,195.0,0.0,0.2,0
24.0,52.0,58.0,210.0,0.0,0.7,0
55.0,52.0,108.0,161.0,1.0,3.7,1
46.0,59.0,82.0,184.0,0.0,0.5,0
54.0,69.0,81.0,162.0,0.0,0.1,0
76.0,43.0,154.0,168.0,0.0,0.2,0
40.0,52.0,82.0,172.0,0.0,1.4,0
64.0,52.0,95.0,150.0,1.0,0.6,1
66.0,41.0,101.0,155.0,0.0,0.3,1
60.0,48.0,83.0,120.0,1.0,1.0,1
69.0,49.0,114.0,154.0,0.0,0.5,0
48.0,56.0,112.0,160.0,0.0,1.3,0
45.0,49.0,129.0,201.0,0.0,0.3,0
68.0,56.0,77.0,155.0,0.0,0.7,0
63.0,30.0,126.0,155.0,1.0,0.0,1
72.0,55.0,148.0,127.0,1.0,0.5,1
57.0,48.0,113.0,176.0,0.0,0.8,0
75.0,51.0,114.0,141.0,0.0,2.4,1
50.0,53.0,84.0,184.0,0.0,1.0,0
40.0,61.0,148.0,179.0,0.0,0.8,1
28.0,21.0,119.0,179.0,0.0,0.1,0
40.0,43.0,76.0,180.0,0.0,0.6,0
65.0,48.0,154.0,162.0,0.0,0.6,0
35.0,62.0,111.0,189.0,0.0,1.4,0
48.0,42.0,67.0,184.0,0.0,0.7,0
81.0,61.0,149.0,134.0,1.0,2.2,1
65.0,74.0,193.0,141.0,0.0,2.4,1
77.0,60.0,70.0,149.0,0.0,0.7,0
41.0,49.0,134.0,198.0,1.0,0.7,0
22.0,77.0,119.0,209.0,0.0,0.9,0
74.0,55.0,102.0,156.0,0.0,0.4,0
36.0,44.0,71.0,198.0,0.0,0.3,0
55.0,51.0,98.0,176.0,1.0,0.8,0
57.0,47.0,112.0,151.0,1.0,1.7,1
42.0,57.0,128.0,186.0,0.0,1.7,0
74.0,60.0,118.0,135.0,0.0,0.4,0
74.0,43.0,132.0,106.0,0.0,1.1,1
61.0,40.0,120.0,136.0,1.0,1.1,1
54.0,79.0,86.0,173.0,0.0,0.4,0
56.0,41.0,65.0,154.0,1.0,1.7,1
40.0,52.0,154.0,175.0,1.0,0.1,0
51.0,35.0,113.0,164.0,0.0,0.3,1
53.0,61.0,105.0,171.0,0.0,0.1,0
43.0,44.0,139.0,186.0,0.0,0.3,0
65.0,47.0,112.0,141.0,0.0,0.4,1
35.0,73.0,98.0,176.0,0.0,1.1,1
48.0,60.0,129.0,183.0,0.0,0.2,0
25.0,66.0,70.0,210.0,0.0,0.8,0
60.0,46.0,50.0,108.0,1.0,1.9,1
64.0,69.0,97.0,150.0,0.0,1.0,0
62.0,60.0,97.0,186.0,0.0,0.5,0
90.0,78.0,121.0,129.0,0.0,0.6,0
66.0,54.0,120.0,138.0,1.0,0.5,1
42.0,49.0,72.0,178.0,1.0,2.2,0
89.0,56.0,127.0,118.0,0.0,0.3,1
42.0,59.0,85.0,172.0,0.0,0.3,0
64.0,43.0,106.0,138.0,0.0,4.3,1
64.0,64.0,113.0,158.0,0.0,0.2,0
43.0,47.0,77.0,200.0,0.0,0.4,0
72.0,63.0,116.0,134.0,0.0,1.2,1
59.0,55.0,69.0,152.0,0.0,1.1,0
61.0,50.0,89.0,146.0,1.0,0.4,1
45.0,55.0,99.0,168.0,0.0,0.8,0
71.0,41.0,134.0,130.0,0.0,0.7,1
43.0,46.0,87.0,172.0,0.0,3.1,0
31.0,52.0,105.0,210.0,0.0,0.6,0
73.0,56.0,79.0,143.0,0.0,1.3,1
48.0,62.0,62.0,183.0,1.0,0.1,0
55.0,48.0,87.0,178.0,1.0,1.0,0
79.0,65.0,67.0,151.0,0.0,0.3,0
69.0,52.0,65.0,174.0,1.0,2.0,0
62.0,38.0,67.0,169.0,0.0,0.4,0
68.0,33.0,92.0,154.0,0.0,0.9,0
45.0,50.0,103.0,181.0,0.0,0.8,0
64.0,74.0,102.0,170.0,0.0,0.4,0
68.0,53.0,106.0,148.0,0.0,0.0,0
64.0,55.0,123.0,175.0,0.0,0.6,0
51.0,76.0,101.0,170.0,0.0,0.6,0
18.0,53.0,79.0,210.0,0.0,0.0,0
61.0,44.0,121.0,139.0,1.0,1.5,1
55.0,50.0,78.0,178.0,0.0,0.0,0
49.0,67.0,35.0,183.0,1.0,1.7,0
64.0,48.0,170.0,153.0,0.0,0.3,0
57.0,50.0,68.0,159.0,0.0,0.8,1
57.0,64.0,94.0,134.0,1.0,3.4,1
35.0,45.0,53.0,186.0,0.0,0.5,0
35.0,51.0,75.0,163.0,0.0,0.1,0
59.0,37.0,119.0,162.0,1.0,0.7,1
55.0,62.0,94.0,158.0,1.0,1.3,1
56.0,57.0,94.0,178.0,0.0,0.6,0
56.0,62.0,165.0,170.0,0.0,1.1,0
59.0,40.0,130.0,156.0,1.0,0.6,1
54.0,55.0,102.0,140.0,1.0,3.3,1
56.0,56.0,77.0,161.0,0.0,1.2,1
57.0,37.0,153.0,151.0,0.0,0.7,1
66.0,59.0,110.0,160.0,0.0,0.4,0
47.0,70.0,134.0,187.0,0.0,0.9,0
64.0,63.0,113.0,162.0,0.0,0.3,0
62.0,56.0,53.0,166.0,0.0,3.2,0
55.0,52.0,126.0,179.0,0.0,0.0,0
48.0,78.0,123.0,171.0,0.0,0.5,0
59.0,72.0,53.0,162.0,0.0,0.3,0
65.0,79.0,93.0,150.0,0.0,0.0,1
40.0,56.0,135.0,184.0,0.0,0.3,0
55.0,49.0,134.0,151.0,1.0,1.9,1
55.0,71.0,96.0,171.0,0.0,0.2,0
45.0,30.0,132.0,176.0,1.0,1.7,1
46.0,54.0,77.0,160.0,0.0,1.3,0
34.0,54.0,145.0,184.0,0.0,0.8,0
40.0,81.0,49.0,176.0,0.0,1.1,0
34.0,55.0,130.0,194.0,0.0,0.1,0
46.0,81.0,109.0,177.0,0.0,1.3,0
47.0,79.0,50.0,176.0,0.0,0.1,0
47.0,70.0,35.0,180.0,0.0,0.4,0
59.0,71.0,53.0,175.0,0.0,0.5,0
52.0,61.0,83.0,155.0,0.0,0.8,0
45.0,60.0,85.0,193.0,0.0,1.1,0
45.0,52.0,96.0,161.0,0.0,0.2,0
39.0,51.0,115.0,179.0,0.0,0.1,0
51.0,51.0,123.0,137.0,1.0,0.4,1
51.0,36.0,87.0,151.0,0.0,0.3,1
75.0,54.0,123.0,134.0,0.0,0.6,1
74.0,60.0,130.0,128.0,1.0,1.1,1
73.0,70.0,143.0,156.0,0.0,1.3,0
81.0,40.0,80.0,103.0,1.0,0.9,1
38.0,72.0,84.0,199.0,0.0,0.3,0
63.0,58.0,100.0,174.0,0.0,0.4,0
64.0,66.0,64.0,141.0,1.0,0.8,1
60.0,61.0,123.0,161.0,1.0,1.5,1
82.0,54.0,114.0,112.0,1.0,2.1,1
87.0,64.0,150.0,127.0,1.0,1.3,1
67.0,42.0,136.0,122.0,0.0,1.5,1
62.0,51.0,97.0,147.0,1.0,1.3,0
39.0,37.0,103.0,188.0,0.0,0.2,0
39.0,65.0,71.0,185.0,0.0,0.2,0
63.0,90.0,104.0,188.0,0.0,1.2,0
53.0,83.0,114.0,149.0,0.0,0.8,1
37.0,38.0,113.0,198.0,0.0,0.1,0
52.0,33.0,160.0,187.0,0.0,0.2,0
59.0,34.0,86.0,169.0,0.0,1.6,0
66.0,51.0,143.0,166.0,0.0,3.2,0
53.0,30.0,106.0,188.0,0.0,0.7,0
51.0,56.0,97.0,167.0,0.0,0.8,0
54.0,54.0,35.0,179.0,0.0,2.6,0
56.0,39.0,117.0,152.0,0.0,0.8,0
39.0,58.0,139.0,187.0,0.0,0.2,0
65.0,48.0,104.0,126.0,0.0,0.7,1
82.0,52.0,109.0,163.0,0.0,0.3,0
65.0,69.0,132.0,130.0,1.0,2.2,1
35.0,53.0,114.0,190.0,0.0,0.8,0
55.0,36.0,127.0,141.0,1.0,0.7,1
31.0,57.0,49.0,200.0,0.0,0.4,0
30.0,57.0,57.0,162.0,0.0,0.3,0
63.0,51.0,110.0,134.0,0.0,1.2,0
55.0,58.0,44.0,171.0,1.0,2.1,0
45.0,62.0,76.0,192.0,0.0,0.2,0
27.0,62.0,120.0,190.0,0.0,2.9,0
38.0,40.0,59.0,182.0,0.0,0.0,0
56.0,80.0,121.0,150.0,1.0,0.7,0
54.0,53.0,149.0,133.0,0.0,1.6,1
63.0,50.0,144.0,160.0,0.0,0.5,0
74.0,60.0,90.0,177.0,1.0,0.2,0
50.0,65.0,87.0,191.0,0.0,1.6,0
60.0,63.0,95.0,155.0,0.0,1.3,0
52.0,75.0,95.0,147.0,0.0,1.2,0
48.0,45.0,128.0,177.0,0.0,0.3,0
51.0,48.0,127.0,182.0,0.0,0.2,0
66.0,65.0,141.0,146.0,0.0,0.2,0
41.0,63.0,102.0,190.0,0.0,0.4,0
69.0,57.0,81.0,151.0,0.0,0.2,0
73.0,57.0,90.0,125.0,1.0,0.5,1
54.0,72.0,54.0,161.0,0.0,0.0,0
57.0,86.0,136.0,159.0,0.0,0.5,0
36.0,60.0,82.0,204.0,0.0,0.3,0
85.0,58.0,114.0,118.0,1.0,1.7,1
67.0,63.0,68.0,164.0,0.0,0.9,0
56.0,75.0,144.0,172.0,1.0,0.2,0
55.0,73.0,94.0,158.0,0.0,1.3,0
60.0,68.0,132.0,174.0,0.0,1.0,0
46.0,78.0,137.0,191.0,0.0,0.3,0
58.0,61.0,94.0,164.0,0.0,0.1,0
42.0,67.0,146.0,171.0,0.0,0.4,1
60.0,58.0,108.0,172.0,0.0,0.5,0
45.0,46.0,128.0,161.0,1.0,0.6,1
66.0,56.0,108.0,119.0,1.0,1.0,1
52.0,33.0,66.0,174.0,0.0,1.0,0
57.0,49.0,102.0,184.0,0.0,2.3,0
90.0,63.0,130.0,95.0,1.0,0.2,1
64.0,56.0,106.0,123.0,1.0,0.2,1
57.0,45.0,84.0,153.0,1.0,0.7,0
55.0,58.0,124.0,164.0,0.0,0.4,1
40.0,60.0,81.0,183.0,0.0,0.8,0
68.0,60.0,84.0,109.0,0.0,2.0,1
75.0,61.0,115.0,129.0,0.0,1.0,1
55.0,59.0,78.0,188.0,0.0,2.9,0
76.0,63.0,175.0,123.0,1.0,0.2,1
53.0,51.0,122.0,179.0,1.0,0.1,0
31.0,68.0,53.0,186.0,0.0,0.4,0
46.0,83.0,41.0,179.0,0.0,0.5,0
40.0,47.0,83.0,195.0,0.0,0.3,0
50.0,49.0,51.0,175.0,0.0,0.1,0
62.0,53.0,80.0,180.0,0.0,0.4,0
42.0,77.0,106.0,174.0,0.0,1.8,0
53.0,50.0,116.0,171.0,0.0,0.3,0
57.0,74.0,91.0,176.0,0.0,0.7,0
44.0,61.0,120.0,153.0,0.0,1.3,0
42.0,67.0,106.0,178.0,0.0,0.9,0
55.0,65.0,127.0,165.0,0.0,5.0,1
65.0,65.0,123.0,200.0,0.0,1.9,0
46.0,84.0,70.0,160.0,0.0,1.0,0
44.0,70.0,100.0,194.0,0.0,1.0,0
52.0,39.0,155.0,146.0,0.0,1.6,1
58.0,57.0,119.0,162.0,0.0,0.7,0
47.0,59.0,99.0,181.0,0.0,0.2,0
50.0,37.0,111.0,178.0,0.0,0.5,0
51.0,44.0,92.0,169.0,0.0,1.1,1
40.0,48.0,99.0,190.0,0.0,1.0,0
52.0,55.0,80.0,191.0,0.0,0.6,0
47.0,53.0,120.0,150.0,1.0,3.2,1
75.0,49.0,106.0,145.0,0.0,0.3,0
47.0,53.0,96.0,180.0,0.0,0.4,0
60.0,67.0,102.0,155.0,0.0,0.4,0
59.0,49.0,73.0,140.0,1.0,0.8,1
39.0,65.0,125.0,182.0,0.0,1.0,0
38.0,44.0,99.0,159.0,0.0,0.5,0
48.0,60.0,114.0,137.0,0.0,0.7,1
63.0,49.0,97.0,170.0,0.0,0.7,0
47.0,54.0,101.0,185.0,0.0,0.3,0
45.0,73.0,75.0,192.0,0.0,3.2,0
18.0,27.0,61.0,201.0,1.0,0.5,0
49.0,69.0,98.0,196.0,1.0,0.7,0
58.0,69.0,45.0,187.0,0.0,0.3,0
60.0,35.0,161.0,148.0,1.0,1.0,1
60.0,52.0,103.0,138.0,1.0,0.5,1
50.0,52.0,114.0,160.0,0.0,0.6,1
51.0,38.0,125.0,145.0,1.0,0.8,1
65.0,54.0,93.0,156.0,0.0,0.6,1
52.0,47.0,126.0,178.0,0.0,0.2,0
24.0,74.0,58.0,200.0,0.0,0.2,0
67.0,67.0,105.0,125.0,1.0,1.7,1
40.0,71.0,87.0,152.0,0.0,1.6,1
72.0,31.0,101.0,150.0,0.0,0.4,0
76.0,58.0,93.0,149.0,0.0,2.5,0
64.0,47.0,91.0,139.0,1.0,0.5,1
66.0,57.0,105.0,122.0,1.0,0.3,1
78.0,67.0,74.0,155.0,0.0,0.1,0
40.0,46.0,146.0,174.0,0.0,0.4,0
57.0,63.0,83.0,166.0,0.0,0.5,0
57.0,39.0,87.0,172.0,0.0,1.7,0
41.0,51.0,123.0,179.0,0.0,1.2,0
80.0,56.0,139.0,134.0,1.0,3.7,1
46.0,64.0,110.0,172.0,0.0,0.1,0
44.0,56.0,133.0,190.0,0.0,0.2,0
57.0,73.0,87.0,204.0,0.0,2.3,0
67.0,69.0,96.0,179.0,1.0,0.2,0
46.0,60.0,120.0,179.0,0.0,0.7,0
46.0,57.0,117.0,158.0,1.0,2.6,1
61.0,69.0,158.0,151.0,0.0,0.7,1
35.0,51.0,108.0,197.0,0.0,0.2,0
44.0,74.0,82.0,175.0,0.0,1.1,0
43.0,75.0,42.0,159.0,0.0,1.0,0
48.0,76.0,109.0,163.0,0.0,0.1,0
52.0,80.0,88.0,175.0,0.0,0.8,0
78.0,54.0,176.0,108.0,0.0,1.4,1
66.0,68.0,164.0,155.0,1.0,0.4,0
54.0,62.0,99.0,180.0,0.0,0.2,0
51.0,65.0,103.0,186.0,0.0,0.4,0
65.0,65.0,91.0,142.0,1.0,0.6,1
60.0,27.0,124.0,150.0,1.0,0.4,1
66.0,44.0,89.0,153.0,0.0,0.7,0
72.0,48.0,135.0,147.0,0.0,0.9,0
41.0,68.0,103.0,193.0,0.0,0.5,0
25.0,66.0,111.0,174.0,0.0,0.2,0
54.0,51.0,138.0,162.0,0.0,0.4,0
55.0,83.0,63.0,160.0,0.0,0.5,0
58.0,50.0,67.0,158.0,0.0,1.6,0
46.0,61.0,98.0,187.0,0.0,0.6,0
51.0,49.0,141.0,160.0,0.0,0.0,0
61.0,65.0,102.0,160.0,0.0,2.2,0
62.0,19.0,88.0,128.0,0.0,2.2,1
71.0,34.0,160.0,148.0,0.0,1.8,1
26.0,42.0,93.0,195.0,0.0,0.5,0
33.0,56.0,85.0,199.0,0.0,0.9,0
73.0,61.0,54.0,155.0,0.0,0.4,0
62.0,51.0,121.0,168.0,1.0,1.9,1
64.0,51.0,140.0,163.0,1.0,0.3,1
50.0,65.0,115.0,177.0,0.0,0.9,0
48.0,57.0,108.0,186.0,0.0,0.7,0
57.0,72.0,84.0,145.0,0.0,0.8,0
42.0,42.0,113.0,185.0,0.0,0.7,0
34.0,44.0,94.0,192.0,0.0,0.4,0
40.0,67.0,68.0,181.0,0.0,1.0,0
56.0,43.0,115.0,146.0,1.0,0.4,1
62.0,45.0,100.0,137.0,0.0,0.1,1
75.0,63.0,118.0,149.0,0.0,0.4,0
59.0,62.0,151.0,127.0,0.0,0.5,1
60.0,60.0,114.0,170.0,0.0,0.2,0
76.0,66.0,98.0,151.0,0.0,3.9,1
44.0,35.0,70.0,160.0,1.0,0.7,1
42.0,46.0,97.0,183.0,0.0,0.3,0
47.0,54.0,98.0,175.0,0.0,0.3,0
53.0,52.0,65.0,186.0,0.0,1.1,0
80.0,51.0,107.0,127.0,1.0,0.3,0
49.0,83.0,109.0,171.0,0.0,0.0,0
71.0,56.0,92.0,130.0,1.0,0.9,1
48.0,51.0,83.0,175.0,0.0,0.3,0
60.0,62.0,135.0,142.0,0.0,0.5,1
63.0,43.0,112.0,125.0,1.0,0.4,1
61.0,38.0,140.0,134.0,1.0,5.9,1
64.0,61.0,139.0,156.0,0.0,2.8,1
45.0,46.0,61.0,203.0,0.0,1.2,0
73.0,33.0,107.0,106.0,1.0,0.5,1
67.0,52.0,84.0,139.0,0.0,0.5,0
45.0,86.0,112.0,171.0,0.0,0.1,0
61.0,54.0,49.0,151.0,0.0,0.5,1
40.0,76.0,98.0,166.0,0.0,0.8,0
55.0,57.0,168.0,142.0,1.0,0.1,1
39.0,57.0,108.0,187.0,0.0,0.3,0
63.0,56.0,90.0,159.0,0.0,0.4,0
90.0,57.0,104.0,123.0,0.0,0.9,1
73.0,37.0,96.0,142.0,1.0,6.5,1
64.0,53.0,175.0,132.0,0.0,0.2,0
42.0,76.0,81.0,181.0,0.0,0.5,0
59.0,71.0,98.0,171.0,0.0,0.3,0
69.0,52.0,95.0,124.0,1.0,2.4,1
53.0,44.0,120.0,159.0,0.0,1.2,0
56.0,38.0,115.0,127.0,1.0,1.1,1
32.0,47.0,165.0,200.0,1.0,5.3,1
43.0,62.0,96.0,170.0,0.0,0.6,0
30.0,66.0,98.0,203.0,0.0,1.1,0
79.0,90.0,96.0,153.0,0.0,0.6,0
60.0,76.0,104.0,178.0,0.0,1.4,0
63.0,55.0,132.0,146.0,1.0,1.1,1
51.0,48.0,116.0,171.0,1.0,0.2,0
35.0,52.0,77.0,199.0,0.0,0.6,0
56.0,57.0,93.0,178.0,1.0,0.9,1
46.0,47.0,141.0,162.0,1.0,0.9,1
41.0,63.0,75.0,191.0,0.0,0.2,0
55.0,53.0,106.0,170.0,0.0,1.0,0
55.0,55.0,101.0,136.0,0.0,0.4,1
52.0,49.0,86.0,178.0,0.0,0.8,0
44.0,35.0,123.0,151.0,0.0,1.2,1
41.0,48.0,39.0,196.0,0.0,0.2,0
54.0,56.0,116.0,194.0,0.0,0.5,0
70.0,64.0,108.0,132.0,0.0,2.2,1
33.0,40.0,78.0,200.0,0.0,0.4,0
45.0,50.0,102.0,174.0,0.0,1.4,0
52.0,32.0,107.0,146.0,1.0,0.3,1
52.0,59.0,114.0,164.0,0.0,0.2,0
46.0,52.0,74.0,179.0,0.0,0.5,0
79.0,32.0,85.0,124.0,0.0,1.4,1
59.0,35.0,92.0,180.0,1.0,0.1,0
41.0,61.0,75.0,171.0,1.0,2.2,1
30.0,51.0,99.0,191.0,0.0,0.6,0
52.0,38.0,129.0,157.0,0.0,1.0,1
73.0,51.0,101.0,144.0,0.0,0.6,1
57.0,55.0,86.0,172.0,0.0,1.8,0
24.0,59.0,126.0,203.0,0.0,0.6,0
36.0,54.0,102.0,198.0,0.0,0.2,0
56.0,52.0,147.0,168.0,0.0,0.3,0
68.0,34.0,82.0,137.0,1.0,0.8,1
56.0,52.0,75.0,142.0,0.0,0.4,0
56.0,53.0,91.0,136.0,1.0,4.8,1
68.0,65.0,154.0,147.0,0.0,0.4,0
70.0,60.0,118.0,135.0,0.0,0.2,1
45.0,55.0,85.0,165.0,0.0,0.4,0
60.0,50.0,86.0,132.0,1.0,0.2,1
42.0,57.0,121.0,183.0,0.0,1.4,0
40.0,36.0,130.0,183.0,0.0,0.6,0
62.0,32.0,102.0,159.0,1.0,4.4,1
35.0,65.0,94.0,187.0,0.0,2.0,0
56.0,42.0,102.0,164.0,0.0,0.1,0
58.0,51.0,111.0,157.0,0.0,0.8,0
65.0,47.0,97.0,136.0,1.0,4.6,1
39.0,63.0,70.0,210.0,0.0,0.4,0
59.0,58.0,78.0,160.0,0.0,0.5,0
52.0,48.0,77.0,177.0,0.0,1.0,0
73.0,78.0,109.0,163.0,0.0,0.3,0
44.0,50.0,100.0,140.0,0.0,0.5,1
40.0,43.0,92.0,172.0,0.0,1.0,0
61.0,86.0,56.0,140.0,0.0,0.2,0
43.0,54.0,35.0,210.0,0.0,0.4,0
37.0,63.0,94.0,176.0,0.0,0.4,0
66.0,60.0,174.0,133.0,0.0,0.4,1
60.0,45.0,66.0,146.0,0.0,2.0,0
18.0,50.0,79.0,210.0,0.0,0.2,0
42.0,49.0,79.0,174.0,0.0,0.0,0
40.0,53.0,147.0,187.0,0.0,0.5,0
62.0,62.0,79.0,170.0,1.0,0.5,0
73.0,62.0,120.0,162.0,1.0,2.0,0
81.0,65.0,113.0,103.0,0.0,3.1,1
63.0,48.0,76.0,150.0,1.0,1.4,1
40.0,45.0,75.0,192.0,1.0,1.2,0
39.0,46.0,82.0,188.0,0.0,0.1,0
42.0,56.0,46.0,188.0,0.0,0.8,0
60.0,72.0,114.0,167.0,0.0,2.8,0
70.0,52.0,155.0,157.0,1.0,0.4,0
29.0,45.0,110.0,198.0,0.0,0.5,0
62.0,52.0,112.0,151.0,0.0,3.6,1
66.0,54.0,111.0,118.0,0.0,3.7,1
58.0,56.0,93.0,139.0,1.0,0.3,1
90.0,43.0,70.0,135.0,1.0,0.8,1
61.0,52.0,169.0,143.0,1.0,3.3,1
54.0,38.0,84.0,139.0,1.0,1.4,1
62.0,42.0,83.0,166.0,0.0,0.7,0
47.0,58.0,106.0,175.0,0.0,2.7,0
40.0,49.0,116.0,178.0,0.0,0.7,0
59.0,54.0,117.0,171.0,0.0,0.7,0
69.0,40.0,42.0,144.0,0.0,1.5,1
51.0,60.0,66.0,171.0,0.0,0.2,0
66.0,32.0,97.0,122.0,0.0,6.5,1
49.0,51.0,80.0,186.0,0.0,0.5,0
75.0,76.0,116.0,144.0,0.0,0.3,0
57.0,38.0,153.0,128.0,0.0,1.4,1
61.0,31.0,123.0,158.0,1.0,0.9,1
64.0,37.0,139.0,161.0,1.0,0.7,1
36.0,71.0,133.0,175.0,0.0,0.5,0
52.0,52.0,74.0,148.0,1.0,1.3,1
78.0,30.0,96.0,127.0,0.0,0.4,0
54.0,69.0,112.0,173.0,0.0,0.5,0
72.0,33.0,58.0,136.0,0.0,0.5,0
65.0,59.0,92.0,150.0,1.0,0.2,0
30.0,35.0,105.0,199.0,0.0,0.8,0
63.0,45.0,109.0,180.0,0.0,0.4,0
40.0,56.0,68.0,188.0,1.0,0.8,0
57.0,77.0,103.0,194.0,0.0,0.2,0
49.0,87.0,35.0,170.0,0.0,0.7,0
54.0,63.0,68.0,179.0,0.0,1.2,0
53.0,36.0,138.0,177.0,0.0,0.3,0
57.0,61.0,118.0,174.0,0.0,1.4,1
48.0,79.0,103.0,175.0,0.0,1.6,0
36.0,59.0,90.0,178.0,0.0,2.4,0
41.0,46.0,102.0,178.0,0.0,0.1,0
66.0,56.0,83.0,158.0,0.0,0.1,0
76.0,48.0,125.0,146.0,1.0,0.2,1
57.0,71.0,82.0,168.0,0.0,1.6,0
65.0,64.0,88.0,143.0,0.0,1.4,1
67.0,65.0,105.0,162.0,0.0,0.8,0
36.0,54.0,98.0,184.0,0.0,0.4,0
30.0,49.0,106.0,202.0,0.0,0.4,0
53.0,52.0,121.0,148.0,1.0,2.7,1
29.0,50.0,38.0,157.0,0.0,0.7,0
50.0,45.0,113.0,178.0,0.0,1.0,0
35.0,70.0,62.0,178.0,0.0,0.3,0
46.0,59.0,75.0,162.0,0.0,0.6,0
44.0,41.0,80.0,184.0,1.0,0.4,0
61.0,63.0,116.0,163.0,0.0,0.1,0
46.0,54.0,92.0,191.0,0.0,0.1,0
39.0,48.0,84.0,172.0,0.0,0.8,0
55.0,43.0,107.0,153.0,0.0,0.4,1
90.0,33.0,98.0,110.0,1.0,2.0,1
60.0,54.0,99.0,172.0,1.0,0.8,0
29.0,47.0,102.0,204.0,0.0,0.2,0
55.0,74.0,99.0,175.0,0.0,0.5,0
87.0,81.0,128.0,129.0,0.0,1.0,0
56.0,49.0,87.0,142.0,1.0,2.2,1
71.0,48.0,121.0,154.0,0.0,0.7,0
68.0,62.0,86.0,163.0,0.0,0.6,0
69.0,54.0,143.0,131.0,0.0,3.5,1
68.0,30.0,147.0,109.0,0.0,0.4,1
58.0,68.0,110.0,179.0,0.0,0.7,0
52.0,52.0,109.0,152.0,1.0,0.4,1
50.0,72.0,122.0,168.0,0.0,0.4,0
56.0,28.0,85.0,161.0,0.0,0.8,0
60.0,45.0,116.0,158.0,0.0,1.7,0
37.0,46.0,114.0,177.0,1.0,0.6,0
50.0,36.0,59.0,172.0,0.0,0.1,0
53.0,50.0,113.0,164.0,0.0,0.4,0
55.0,54.0,126.0,167.0,0.0,2.0,0
50.0,71.0,98.0,194.0,0.0,0.7,0
64.0,82.0,151.0,161.0,0.0,0.2,0
53.0,48.0,71.0,156.0,0.0,1.9,0
49.0,51.0,60.0,198.0,0.0,0.8,0
38.0,39.0,101.0,169.0,0.0,0.1,0
44.0,59.0,105.0,149.0,1.0,2.5,0
57.0,66.0,96.0,175.0,1.0,1.4,0
56.0,54.0,93.0,157.0,0.0,1.9,1
27.0,50.0,77.0,206.0,0.0,1.2,0
66.0,50.0,152.0,124.0,1.0,2.1,1
45.0,47.0,63.0,185.0,0.0,0.6,0
42.0,30.0,126.0,193.0,0.0,0.4,0
68.0,62.0,117.0,164.0,0.0,1.0,0
69.0,54.0,88.0,167.0,0.0,0.3,0
45.0,44.0,144.0,191.0,1.0,1.9,1
49.0,47.0,124.0,185.0,0.0,0.5,0
38.0,50.0,56.0,206.0,0.0,0.1,0
65.0,37.0,96.0,137.0,0.0,3.4,0
66.0,62.0,98.0,108.0,1.0,0.7,1
48.0,37.0,60.0,172.0,0.0,0.4,0
72.0,63.0,73.0,149.0,0.0,1.1,0
66.0,44.0,114.0,159.0,0.0,1.1,0
52.0,52.0,93.0,193.0,1.0,1.8,0
63.0,51.0,86.0,166.0,0.0,0.2,0
32.0,46.0,91.0,210.0,0.0,0.1,0
51.0,35.0,103.0,140.0,1.0,0.5,1
57.0,49.0,161.0,160.0,0.0,0.2,0
54.0,54.0,103.0,173.0,0.0,0.4,0
81.0,40.0,90.0,120.0,1.0,0.2,1
58.0,46.0,133.0,152.0,1.0,0.7,1
59.0,53.0,135.0,155.0,1.0,2.9,1
37.0,56.0,78.0,183.0,0.0,0.1,0
52.0,49.0,150.0,170.0,0.0,0.6,0
44.0,52.0,110.0,204.0,0.0,0.1,0
85.0,57.0,144.0,140.0,1.0,0.9,1
49.0,35.0,98.0,189.0,0.0,0.4,0
56.0,54.0,60.0,200.0,0.0,0.2,0
70.0,39.0,116.0,131.0,1.0,1.2,1
63.0,66.0,131.0,161.0,0.0,3.1,0
36.0,55.0,91.0,189.0,0.0,0.4,0
62.0,50.0,120.0,165.0,0.0,1.3,0
63.0,71.0,101.0,169.0,1.0,1.2,1
52.0,57.0,137.0,183.0,0.0,1.8,0
60.0,55.0,96.0,193.0,0.0,0.6,0
55.0,57.0,143.0,176.0,0.0,0.8,0
36.0,35.0,93.0,205.0,0.0,1.3,0
47.0,69.0,124.0,174.0,0.0,0.4,0
54.0,63.0,70.0,165.0,1.0,0.1,0
46.0,43.0,107.0,173.0,0.0,0.2,0
61.0,51.0,135.0,148.0,1.0,1.0,0
67.0,51.0,38.0,144.0,0.0,0.3,0
58.0,74.0,122.0,162.0,1.0,0.4,0
49.0,58.0,81.0,190.0,1.0,0.0,0
72.0,54.0,69.0,138.0,0.0,0.4,0
56.0,60.0,145.0,134.0,0.0,2.7,1
59.0,78.0,98.0,183.0,0.0,2.2,0
44.0,61.0,102.0,196.0,0.0,0.1,0
51.0,50.0,58.0,181.0,0.0,0.3,0
67.0,61.0,89.0,154.0,1.0,0.3,1
64.0,68.0,137.0,137.0,1.0,0.7,1
52.0,57.0,122.0,153.0,0.0,0.9,0
54.0,69.0,119.0,159.0,0.0,0.8,0
57.0,55.0,130.0,170.0,1.0,0.1,0
42.0,62.0,105.0,190.0,0.0,1.1,0
52.0,70.0,100.0,181.0,0.0,0.3,0
47.0,63.0,139.0,179.0,0.0,0.1,0
36.0,65.0,78.0,188.0,0.0,0.6,0
56.0,47.0,133.0,175.0,0.0,1.0,0
52.0,63.0,105.0,169.0,0.0,1.4,0
35.0,59.0,122.0,195.0,0.0,0.8,0
44.0,51.0,108.0,176.0,0.0,1.2,0
53.0,44.0,87.0,190.0,0.0,1.6,0
18.0,49.0,91.0,210.0,0.0,0.1,0
56.0,43.0,101.0,156.0,0.0,0.4,0
57.0,65.0,138.0,154.0,0.0,0.1,0
62.0,64.0,112.0,161.0,0.0,1.3,0
46.0,51.0,92.0,186.0,0.0,0.6,0
36.0,59.0,80.0,210.0,1.0,0.5,0
62.0,58.0,118.0,180.0,0.0,0.0,0
36.0,46.0,81.0,202.0,0.0,2.2,0
61.0,75.0,143.0,156.0,0.0,0.1,0
45.0,35.0,35.0,165.0,1.0,2.1,1
41.0,43.0,93.0,192.0,1.0,0.7,0
58.0,51.0,153.0,177.0,1.0,1.5,0
69.0,43.0,79.0,167.0,0.0,0.6,0
52.0,54.0,83.0,195.0,0.0,1.5,0
51.0,42.0,184.0,165.0,0.0,2.4,1
32.0,36.0,81.0,182.0,0.0,0.5,1
65.0,64.0,127.0,153.0,1.0,0.2,0
55.0,88.0,82.0,176.0,0.0,0.7,0
50.0,64.0,54.0,189.0,0.0,2.2,0
71.0,30.0,191.0,159.0,1.0,1.0,1
34.0,45.0,79.0,196.0,0.0,0.1,0
47.0,62.0,91.0,180.0,0.0,0.6,0
54.0,66.0,69.0,172.0,0.0,0.2,0
50.0,52.0,138.0,180.0,0.0,0.6,0
22.0,48.0,92.0,199.0,0.0,2.5,0
59.0,70.0,117.0,150.0,0.0,4.9,1
54.0,66.0,68.0,159.0,0.0,0.6,0
67.0,56.0,109.0,138.0,0.0,0.1,0
81.0,51.0,129.0,119.0,1.0,1.0,1
52.0,90.0,93.0,161.0,0.0,0.4,0
59.0,64.0,136.0,148.0,0.0,3.0,1
57.0,57.0,96.0,147.0,0.0,0.4,0
56.0,70.0,91.0,171.0,0.0,0.7,0
52.0,48.0,127.0,167.0,0.0,0.7,0
59.0,51.0,110.0,147.0,1.0,0.8,1
69.0,52.0,58.0,176.0,0.0,1.8,0
43.0,44.0,113.0,155.0,0.0,0.3,0
79.0,58.0,130.0,123.0,0.0,0.3,1
61.0,46.0,103.0,150.0,0.0,0.6,1
58.0,42.0,103.0,155.0,0.0,0.4,0
25.0,40.0,142.0,210.0,0.0,1.3,0
54.0,64.0,71.0,193.0,0.0,1.0,0
41.0,34.0,136.0,181.0,1.0,4.0,1
61.0,59.0,146.0,190.0,0.0,0.0,0
66.0,71.0,103.0,149.0,0.0,0.1,0
69.0,38.0,98.0,147.0,1.0,0.9,1
52.0,35.0,129.0,138.0,0.0,2.5,1
53.0,77.0,122.0,189.0,1.0,0.1,0
60.0,63.0,98.0,165.0,0.0,0.5,0
27.0,24.0,77.0,198.0,0.0,0.4,0
48.0,31.0,64.0,171.0,1.0,1.3,1
47.0,51.0,119.0,179.0,0.0,1.2,0
61.0,53.0,108.0,141.0,0.0,2.6,1
48.0,62.0,82.0,172.0,0.0,0.1,0
64.0,41.0,49.0,163.0,0.0,0.1,0
51.0,80.0,65.0,192.0,0.0,1.4,0
65.0,84.0,95.0,145.0,1.0,1.1,1
83.0,39.0,131.0,126.0,0.0,3.0,1
74.0,59.0,110.0,153.0,0.0,0.4,0
66.0,50.0,135.0,152.0,1.0,1.1,1
69.0,70.0,96.0,135.0,1.0,0.0,0
49.0,60.0,89.0,178.0,0.0,0.8,0
44.0,60.0,104.0,165.0,0.0,0.9,1
43.0,56.0,92.0,157.0,0.0,0.7,1
57.0,67.0,140.0,163.0,0.0,0.1,0
73.0,46.0,91.0,120.0,0.0,0.4,0
45.0,18.0,117.0,183.0,0.0,0.0,0
60.0,49.0,92.0,180.0,0.0,0.4,0
38.0,30.0,88.0,186.0,0.0,0.9,0
38.0,45.0,123.0,178.0,0.0,0.1,0
65.0,57.0,98.0,159.0,0.0,0.3,0
45.0,49.0,113.0,168.0,0.0,1.6,0
45.0,63.0,80.0,170.0,0.0,0.2,0
80.0,55.0,118.0,130.0,1.0,1.9,1
55.0,73.0,88.0,168.0,0.0,0.2,0
53.0,67.0,106.0,162.0,0.0,0.9,0
51.0,58.0,76.0,175.0,1.0,1.0,0
59.0,62.0,131.0,181.0,0.0,1.3,0
45.0,51.0,118.0,210.0,0.0,0.2,0
55.0,51.0,98.0,194.0,0.0,1.3,0
68.0,73.0,110.0,133.0,0.0,4.3,1
50.0,65.0,54.0,158.0,0.0,0.9,0
23.0,66.0,102.0,200.0,0.0,0.3,0
45.0,69.0,58.0,182.0,0.0,0.9,0
64.0,40.0,133.0,137.0,0.0,0.4,1
69.0,60.0,120.0,147.0,1.0,1.1,0
59.0,42.0,147.0,159.0,0.0,0.4,0
73.0,39.0,103.0,148.0,0.0,0.1,0
40.0,66.0,85.0,179.0,0.0,0.5,0
71.0,55.0,126.0,135.0,1.0,0.6,1
57.0,52.0,86.0,143.0,0.0,0.5,0
63.0,49.0,89.0,173.0,0.0,2.7,0
18.0,51.0,40.0,206.0,1.0,0.0,0
66.0,64.0,101.0,149.0,0.0,0.3,1
57.0,25.0,62.0,183.0,0.0,1.0,0
79.0,60.0,156.0,128.0,0.0,1.5,1
56.0,42.0,90.0,150.0,0.0,0.5,0
41.0,37.0,107.0,198.0,0.0,1.4,0
44.0,54.0,83.0,183.0,0.0,0.8,0
59.0,47.0,85.0,164.0,0.0,0.2,0
58.0,64.0,132.0,124.0,0.0,0.4,1
46.0,72.0,82.0,165.0,1.0,0.5,0
40.0,70.0,84.0,190.0,1.0,1.5,0
74.0,28.0,118.0,135.0,1.0,2.0,1
51.0,55.0,105.0,193.0,0.0,1.5,0
53.0,45.0,117.0,167.0,0.0,1.0,1
47.0,54.0,94.0,184.0,0.0,0.4,0
72.0,48.0,143.0,147.0,0.0,1.0,0
69.0,56.0,108.0,141.0,0.0,0.2,1
41.0,53.0,121.0,179.0,0.0,0.7,0
53.0,61.0,126.0,163.0,1.0,1.7,1
42.0,49.0,84.0,171.0,0.0,1.3,0
78.0,54.0,104.0,135.0,0.0,0.3,0
60.0,63.0,80.0,170.0,0.0,1.0,0
50.0,61.0,123.0,184.0,0.0,0.2,0
50.0,78.0,119.0,166.0,0.0,0.7,0
61.0,44.0,102.0,120.0,0.0,5.3,1
51.0,62.0,121.0,142.0,1.0,2.1,1
74.0,66.0,90.0,161.0,0.0,0.9,0
42.0,57.0,93.0,186.0,0.0,1.2,0
38.0,58.0,35.0,182.0,0.0,0.1,0
72.0,49.0,143.0,118.0,0.0,2.7,1
48.0,40.0,126.0,177.0,0.0,0.9,1
72.0,40.0,103.0,155.0,1.0,2.5,0
65.0,58.0,95.0,148.0,0.0,0.6,0
36.0,57.0,70.0,174.0,0.0,1.2,0
46.0,44.0,56.0,195.0,0.0,0.8,0
55.0,60.0,168.0,171.0,0.0,0.6,0
51.0,61.0,138.0,157.0,0.0,0.2,0
58.0,52.0,87.0,174.0,0.0,0.9,0
46.0,49.0,145.0,193.0,0.0,0.4,0
53.0,58.0,95.0,175.0,0.0,0.5,0
67.0,43.0,144.0,121.0,1.0,0.4,1
71.0,48.0,138.0,125.0,0.0,0.4,1
44.0,57.0,108.0,175.0,0.0,0.7,0
51.0,46.0,78.0,167.0,0.0,0.2,0
52.0,49.0,106.0,162.0,0.0,0.9,1
36.0,38.0,156.0,193.0,0.0,0.5,0
66.0,54.0,130.0,142.0,0.0,0.5,0
61.0,81.0,89.0,179.0,0.0,0.1,0
61.0,54.0,109.0,181.0,0.0,0.1,0
53.0,47.0,152.0,163.0,1.0,2.8,1
65.0,56.0,107.0,161.0,0.0,2.5,0
67.0,51.0,112.0,148.0,1.0,1.5,1
69.0,35.0,134.0,153.0,0.0,0.1,1
52.0,46.0,71.0,175.0,0.0,1.4,0
59.0,45.0,98.0,139.0,1.0,2.2,1
49.0,39.0,96.0,189.0,0.0,0.9,0
50.0,47.0,95.0,159.0,1.0,0.9,0
67.0,53.0,138.0,139.0,1.0,1.3,1
55.0,68.0,96.0,191.0,1.0,0.6,0
52.0,74.0,141.0,178.0,0.0,0.8,0
62.0,62.0,124.0,180.0,0.0,0.2,0
63.0,57.0,51.0,162.0,0.0,0.2,0
44.0,49.0,161.0,187.0,0.0,0.4,0
46.0,62.0,121.0,182.0,0.0,0.8,0
63.0,52.0,104.0,157.0,0.0,1.0,0
61.0,47.0,130.0,129.0,0.0,0.6,1
51.0,54.0,151.0,173.0,0.0,0.3,0
70.0,66.0,125.0,145.0,0.0,0.7,0
53.0,56.0,121.0,140.0,0.0,1.5,1
29.0,76.0,84.0,206.0,0.0,1.1,0
44.0,52.0,132.0,177.0,0.0,0.6,0
35.0,83.0,137.0,202.0,0.0,0.1,0
69.0,60.0,116.0,149.0,0.0,4.1,1
61.0,38.0,112.0,171.0,0.0,1.9,0
56.0,70.0,118.0,159.0,0.0,1.2,0
24.0,57.0,97.0,192.0,0.0,1.1,0
35.0,63.0,82.0,191.0,0.0,1.3,0
52.0,64.0,97.0,176.0,0.0,0.1,0
31.0,57.0,71.0,184.0,0.0,0.1,0
66.0,68.0,73.0,210.0,0.0,0.7,0
53.0,56.0,115.0,169.0,0.0,0.4,0
52.0,56.0,163.0,150.0,1.0,2.6,1
53.0,63.0,70.0,183.0,0.0,0.2,0
42.0,69.0,86.0,171.0,0.0,0.3,0
40.0,79.0,84.0,190.0,0.0,0.7,0
29.0,72.0,86.0,188.0,0.0,0.5,0
54.0,54.0,93.0,145.0,0.0,0.6,0
59.0,64.0,119.0,156.0,0.0,1.3,0
51.0,52.0,138.0,173.0,0.0,1.5,0
50.0,67.0,88.0,176.0,1.0,1.1,1
42.0,62.0,88.0,190.0,0.0,0.9,0
57.0,61.0,94.0,162.0,0.0,0.8,0
22.0,41.0,128.0,206.0,0.0,0.3,0
40.0,64.0,121.0,180.0,0.0,2.8,1
45.0,37.0,144.0,185.0,0.0,0.1,0
47.0,41.0,72.0,204.0,1.0,0.3,0
57.0,71.0,45.0,184.0,0.0,1.1,0
51.0,50.0,111.0,135.0,0.0,1.5,1
56.0,61.0,142.0,152.0,0.0,0.3,0
70.0,61.0,117.0,176.0,0.0,0.8,0
72.0,56.0,120.0,143.0,0.0,0.4,0
62.0,53.0,84.0,143.0,0.0,0.7,0
70.0,46.0,95.0,172.0,0.0,2.3,0
76.0,75.0,92.0,125.0,0.0,0.4,0
59.0,58.0,36.0,186.0,0.0,0.5,0
36.0,40.0,126.0,178.0,1.0,0.5,1
67.0,60.0,121.0,146.0,0.0,3.3,0
41.0,26.0,92.0,147.0,1.0,0.9,1
78.0,47.0,78.0,174.0,0.0,0.5,0
76.0,50.0,103.0,140.0,0.0,3.8,0
47.0,53.0,138.0,165.0,0.0,0.3,0
40.0,78.0,122.0,173.0,0.0,0.3,0
45.0,59.0,118.0,170.0,0.0,0.8,1
53.0,54.0,105.0,148.0,1.0,5.4,1
71.0,46.0,157.0,127.0,0.0,1.4,1
38.0,44.0,117.0,173.0,0.0,0.1,0
65.0,52.0,71.0,127.0,0.0,3.3,1
27.0,57.0,89.0,206.0,0.0,1.0,0
70.0,21.0,107.0,153.0,1.0,0.5,1
53.0,72.0,104.0,198.0,0.0,0.4,0
57.0,68.0,111.0,157.0,0.0,0.8,0
53.0,58.0,141.0,186.0,0.0,1.3,0
66.0,51.0,111.0,143.0,1.0,2.6,1
59.0,58.0,110.0,179.0,0.0,0.4,0
76.0,61.0,122.0,140.0,1.0,0.2,1
31.0,45.0,68.0,191.0,0.0,0.1,0
42.0,49.0,105.0,208.0,0.0,0.8,0
37.0,34.0,67.0,207.0,0.0,0.5,0
63.0,51.0,127.0,159.0,0.0,0.1,0
32.0,62.0,139.0,183.0,0.0,1.4,0
86.0,51.0,110.0,145.0,0.0,0.5,1
55.0,43.0,143.0,171.0,1.0,2.9,1
70.0,47.0,120.0,147.0,1.0,0.5,1
41.0,45.0,138.0,177.0,0.0,0.5,0
57.0,48.0,99.0,152.0,1.0,2.9,1
62.0,51.0,108.0,172.0,0.0,0.2,0
45.0,57.0,104.0,161.0,0.0,0.6,0
51.0,68.0,114.0,175.0,0.0,1.2,0
74.0,82.0,86.0,128.0,0.0,0.2,0
70.0,67.0,126.0,132.0,0.0,3.1,1
62.0,49.0,137.0,189.0,0.0,0.2,0
80.0,44.0,110.0,117.0,0.0,0.2,0
29.0,59.0,92.0,196.0,0.0,0.3,0
58.0,87.0,117.0,142.0,0.0,1.2,0
49.0,75.0,133.0,177.0,0.0,0.7,0
73.0,65.0,115.0,146.0,0.0,0.9,0
68.0,57.0,127.0,135.0,0.0,0.2,1
69.0,47.0,114.0,169.0,0.0,0.4,0
46.0,57.0,118.0,192.0,0.0,3.5,0
61.0,36.0,121.0,151.0,0.0,0.6,1
68.0,65.0,128.0,138.0,0.0,1.7,0
71.0,66.0,127.0,163.0,0.0,1.1,0
42.0,41.0,81.0,154.0,0.0,1.1,1
45.0,58.0,131.0,166.0,0.0,0.1,0
57.0,66.0,120.0,138.0,1.0,0.9,1
72.0,67.0,125.0,164.0,0.0,1.2,0
62.0,65.0,135.0,188.0,0.0,0.5,0
72.0,26.0,112.0,137.0,1.0,0.7,1
29.0,69.0,117.0,188.0,0.0,1.7,0
50.0,59.0,85.0,159.0,1.0,1.5,1
60.0,65.0,83.0,174.0,0.0,1.2,0
58.0,55.0,153.0,160.0,0.0,0.9,0
29.0,51.0,88.0,205.0,0.0,0.2,0
68.0,63.0,108.0,138.0,0.0,1.7,1
58.0,49.0,137.0,165.0,0.0,0.7,0
48.0,64.0,108.0,201.0,1.0,1.0,0
70.0,56.0,136.0,147.0,0.0,0.4,0
32.0,48.0,94.0,181.0,0.0,1.7,0
47.0,90.0,92.0,178.0,0.0,0.1,0
65.0,49.0,131.0,136.0,1.0,3.3,1
59.0,37.0,100.0,141.0,0.0,1.8,1
51.0,54.0,113.0,190.0,0.0,0.5,0
52.0,37.0,116.0,161.0,1.0,1.0,1
51.0,50.0,118.0,181.0,0.0,0.0,0
65.0,48.0,71.0,153.0,0.0,4.1,0
50.0,55.0,77.0,136.0,1.0,4.6,1
63.0,49.0,121.0,157.0,1.0,0.9,0
27.0,60.0,127.0,189.0,0.0,0.3,0
70.0,37.0,115.0,134.0,1.0,0.5,1
86.0,39.0,109.0,120.0,0.0,1.5,1
60.0,69.0,111.0,153.0,0.0,0.7,0
53.0,54.0,130.0,154.0,0.0,4.6,1
47.0,18.0,145.0,167.0,0.0,0.1,1
63.0,56.0,132.0,166.0,1.0,2.6,1
46.0,56.0,103.0,178.0,0.0,0.3,0
43.0,89.0,76.0,186.0,0.0,0.1,0
26.0,59.0,66.0,193.0,0.0,1.1,0
57.0,43.0,80.0,137.0,1.0,1.1,1
50.0,61.0,89.0,162.0,0.0,0.6,0
51.0,59.0,110.0,176.0,0.0,0.5,0
54.0,48.0,107.0,174.0,0.0,1.1,0
45.0,48.0,76.0,173.0,0.0,1.1,0
56.0,54.0,104.0,149.0,0.0,0.1,0
40.0,55.0,91.0,198.0,1.0,0.9,0
52.0,57.0,65.0,175.0,0.0,0.9,0
50.0,48.0,97.0,175.0,0.0,0.3,0
32.0,53.0,89.0,173.0,0.0,0.4,0
38.0,61.0,96.0,183.0,0.0,1.1,0
46.0,50.0,69.0,168.0,0.0,0.1,0
47.0,75.0,45.0,172.0,0.0,0.6,0
57.0,57.0,101.0,154.0,0.0,1.0,0
49.0,47.0,86.0,208.0,0.0,0.6,0
53.0,60.0,85.0,174.0,0.0,1.1,0
49.0,58.0,115.0,173.0,0.0,0.5,0
20.0,65.0,63.0,192.0,0.0,0.7,0
52.0,50.0,78.0,176.0,1.0,0.8,0
43.0,63.0,77.0,166.0,0.0,0.9,0
52.0,59.0,112.0,187.0,1.0,0.1,0
44.0,42.0,129.0,197.0,0.0,2.5,0
63.0,52.0,149.0,165.0,0.0,0.1,1
53.0,65.0,78.0,167.0,0.0,0.5,0
63.0,41.0,112.0,168.0,0.0,0.3,0
64.0,71.0,119.0,155.0,0.0,0.3,0
47.0,69.0,117.0,186.0,0.0,0.5,0
65.0,66.0,128.0,121.0,0.0,0.2,1
57.0,53.0,101.0,167.0,1.0,2.8,1
40.0,64.0,146.0,167.0,1.0,0.8,1
52.0,66.0,125.0,182.0,0.0,0.3,0
55.0,41.0,89.0,165.0,1.0,0.7,1
71.0,38.0,129.0,134.0,1.0,1.5,1
49.0,72.0,116.0,183.0,0.0,0.7,0
74.0,56.0,123.0,152.0,0.0,0.9,0
64.0,47.0,132.0,139.0,1.0,2.4,1
27.0,59.0,73.0,174.0,0.0,1.0,0
41.0,55.0,109.0,148.0,1.0,3.0,1
62.0,66.0,116.0,162.0,1.0,1.9,1
35.0,63.0,100.0,192.0,0.0,0.0,0
60.0,58.0,83.0,146.0,0.0,0.0,0
72.0,46.0,143.0,125.0,0.0,1.0,1
51.0,55.0,90.0,182.0,0.0,0.1,0
72.0,57.0,64.0,149.0,0.0,2.2,0
71.0,61.0,74.0,121.0,1.0,1.4,1
53.0,83.0,106.0,150.0,0.0,0.3,0
54.0,45.0,75.0,178.0,0.0,0.4,0
56.0,54.0,111.0,162.0,1.0,1.2,1
60.0,60.0,111.0,168.0,0.0,0.2,0
34.0,53.0,85.0,199.0,0.0,2.8,0
52.0,46.0,142.0,181.0,0.0,0.1,0
32.0,66.0,54.0,189.0,0.0,0.8,0
50.0,61.0,121.0,159.0,0.0,0.6,0
51.0,40.0,121.0,160.0,0.0,0.1,1
30.0,47.0,128.0,196.0,0.0,0.9,0
38.0,55.0,84.0,180.0,0.0,2.5,0
49.0,73.0,116.0,167.0,0.0,0.3,0
82.0,45.0,72.0,117.0,0.0,0.8,1
36.0,47.0,116.0,187.0,0.0,2.3,1
56.0,54.0,95.0,166.0,0.0,1.8,0
42.0,61.0,147.0,173.0,1.0,1.5,1
49.0,49.0,121.0,154.0,0.0,2.4,0
67.0,46.0,167.0,145.0,0.0,0.5,1
58.0,46.0,116.0,156.0,0.0,0.7,0
60.0,40.0,67.0,172.0,0.0,0.3,0
60.0,42.0,81.0,187.0,1.0,0.4,0
61.0,62.0,76.0,158.0,0.0,2.8,0
26.0,46.0,75.0,210.0,0.0,0.7,0
59.0,36.0,207.0,142.0,1.0,0.6,1
53.0,70.0,90.0,181.0,0.0,0.5,0
59.0,48.0,81.0,150.0,0.0,0.5,0
65.0,79.0,112.0,164.0,0.0,1.5,0
59.0,58.0,142.0,179.0,0.0,0.9,0
63.0,60.0,109.0,174.0,0.0,0.2,0
39.0,68.0,82.0,173.0,0.0,1.4,0
60.0,59.0,138.0,169.0,1.0,0.2,0
53.0,69.0,76.0,184.0,0.0,0.1,0
53.0,61.0,97.0,173.0,0.0,0.6,0
71.0,34.0,135.0,125.0,1.0,3.1,1
48.0,58.0,129.0,125.0,1.0,1.0,1
45.0,65.0,127.0,174.0,0.0,0.1,0
37.0,68.0,84.0,202.0,0.0,0.2,0
50.0,43.0,67.0,151.0,1.0,0.8,0
68.0,44.0,91.0,149.0,1.0,2.1,1
32.0,44.0,151.0,202.0,0.0,0.4,0
57.0,65.0,121.0,171.0,0.0,0.8,0
21.0,40.0,76.0,198.0,0.0,2.4,0
45.0,62.0,98.0,194.0,0.0,0.5,0
60.0,46.0,162.0,161.0,0.0,0.2,0
47.0,49.0,85.0,157.0,0.0,0.7,0
38.0,70.0,99.0,199.0,0.0,0.5,0
49.0,59.0,50.0,179.0,0.0,0.5,0
67.0,52.0,84.0,97.0,0.0,1.0,1
73.0,44.0,100.0,140.0,0.0,2.6,1
74.0,67.0,104.0,153.0,0.0,0.7,0
63.0,40.0,67.0,159.0,0.0,0.6,1
59.0,51.0,114.0,150.0,0.0,1.0,0
67.0,43.0,116.0,136.0,1.0,4.0,1
39.0,45.0,100.0,185.0,0.0,0.9,0
41.0,51.0,119.0,163.0,0.0,0.4,0
71.0,53.0,105.0,134.0,0.0,0.7,0
65.0,39.0,111.0,117.0,0.0,4.7,1
65.0,38.0,115.0,142.0,1.0,0.0,1
57.0,66.0,89.0,173.0,0.0,0.6,0
43.0,61.0,85.0,174.0,0.0,0.5,0
40.0,46.0,107.0,171.0,0.0,1.4,0
66.0,50.0,82.0,163.0,0.0,1.2,0
68.0,39.0,44.0,155.0,0.0,0.3,0
39.0,45.0,81.0,200.0,0.0,0.7,0
44.0,58.0,97.0,161.0,0.0,1.0,0
53.0,55.0,166.0,190.0,0.0,0.4,0
65.0,69.0,97.0,164.0,0.0,0.8,0
50.0,50.0,146.0,156.0,0.0,0.1,1
43.0,66.0,41.0,170.0,0.0,0.3,0
67.0,51.0,100.0,139.0,0.0,0.4,1
62.0,47.0,74.0,163.0,0.0,1.7,1
45.0,55.0,126.0,175.0,0.0,1.9,0
45.0,44.0,114.0,190.0,0.0,0.2,0
68.0,80.0,100.0,156.0,0.0,1.5,0
37.0,56.0,96.0,177.0,0.0,0.4,0
50.0,61.0,77.0,190.0,0.0,0.6,0
60.0,47.0,146.0,174.0,0.0,2.4,0
56.0,80.0,73.0,179.0,0.0,1.0,0
66.0,73.0,80.0,153.0,0.0,0.2,0
32.0,72.0,105.0,196.0,0.0,1.2,0
54.0,64.0,104.0,193.0,0.0,0.3,0
58.0,58.0,118.0,154.0,0.0,0.1,0
58.0,74.0,95.0,180.0,0.0,1.5,0
61.0,43.0,104.0,150.0,0.0,2.3,1
39.0,56.0,39.0,181.0,0.0,0.3,0
73.0,51.0,83.0,133.0,0.0,0.4,0
60.0,54.0,97.0,161.0,0.0,2.4,1
61.0,22.0,116.0,173.0,0.0,0.3,0
47.0,57.0,109.0,153.0,0.0,0.1,0
56.0,82.0,124.0,161.0,1.0,0.0,0
71.0,62.0,150.0,140.0,1.0,1.5,1
54.0,50.0,81.0,167.0,1.0,0.1,0
57.0,22.0,90.0,198.0,0.0,0.4,0
58.0,69.0,108.0,192.0,0.0,0.1,0
33.0,62.0,91.0,183.0,0.0,0.6,1
52.0,92.0,80.0,169.0,1.0,2.1,0
63.0,55.0,60.0,151.0,0.0,2.5,0
48.0,63.0,140.0,163.0,0.0,0.9,1
53.0,55.0,93.0,144.0,0.0,0.2,0
54.0,79.0,125.0,169.0,0.0,0.9,0
33.0,52.0,76.0,193.0,0.0,0.4,0
64.0,48.0,93.0,137.0,0.0,3.8,1
36.0,48.0,77.0,210.0,0.0,1.1,0
59.0,38.0,129.0,150.0,0.0,1.4,1
52.0,40.0,83.0,137.0,1.0,1.0,1
50.0,72.0,100.0,189.0,0.0,1.5,0
55.0,57.0,121.0,157.0,0.0,0.1,0
64.0,46.0,128.0,156.0,0.0,1.7,0
65.0,69.0,128.0,157.0,1.0,0.4,1
48.0,66.0,146.0,154.0,0.0,0.7,1
52.0,62.0,54.0,176.0,1.0,0.5,0
43.0,83.0,103.0,176.0,0.0,0.1,0
35.0,43.0,126.0,179.0,0.0,0.6,1
66.0,55.0,69.0,153.0,1.0,1.6,0
40.0,41.0,94.0,164.0,0.0,0.2,0
44.0,68.0,85.0,206.0,1.0,0.9,0
59.0,60.0,81.0,153.0,0.0,1.6,0
36.0,56.0,127.0,188.0,0.0,1.3,0
60.0,54.0,88.0,166.0,0.0,1.3,0
43.0,62.0,127.0,184.0,0.0,1.6,0
39.0,34.0,106.0,185.0,0.0,0.3,0
46.0,85.0,129.0,190.0,0.0,0.2,0
43.0,50.0,111.0,139.0,1.0,0.3,1
57.0,58.0,115.0,161.0,1.0,1.5,1
72.0,63.0,73.0,141.0,0.0,0.7,0
63.0,58.0,81.0,154.0,0.0,1.3,0
60.0,63.0,73.0,166.0,0.0,2.5,0
46.0,63.0,110.0,197.0,0.0,1.0,0
51.0,50.0,121.0,167.0,0.0,0.3,0
55.0,66.0,117.0,184.0,0.0,0.9,0
53.0,53.0,120.0,182.0,1.0,0.6,0
56.0,59.0,86.0,170.0,0.0,0.7,0
38.0,75.0,92.0,186.0,0.0,1.7,0
77.0,40.0,128.0,127.0,0.0,0.2,1
36.0,61.0,95.0,178.0,0.0,0.1,0
52.0,31.0,139.0,170.0,0.0,0.3,0
64.0,67.0,122.0,128.0,1.0,0.2,1
44.0,57.0,116.0,192.0,1.0,2.4,0
67.0,51.0,44.0,151.0,0.0,0.3,0
35.0,77.0,91.0,188.0,0.0,0.9,0
44.0,38.0,136.0,187.0,0.0,2.0,0
23.0,47.0,47.0,204.0,0.0,1.2,0
67.0,60.0,97.0,133.0,0.0,3.5,1
38.0,58.0,68.0,191.0,0.0,0.2,0
44.0,54.0,77.0,152.0,0.0,0.4,1
63.0,57.0,123.0,154.0,0.0,0.2,0
58.0,61.0,146.0,157.0,0.0,0.6,0
67.0,54.0,138.0,148.0,0.0,1.3,0
62.0,37.0,109.0,147.0,0.0,0.6,0
65.0,45.0,73.0,171.0,0.0,1.1,0
47.0,44.0,103.0,168.0,0.0,0.3,0
52.0,53.0,97.0,164.0,1.0,0.5,0
63.0,45.0,105.0,131.0,0.0,2.7,1
63.0,63.0,88.0,139.0,0.0,1.2,1
65.0,79.0,134.0,168.0,0.0,1.0,0
43.0,66.0,109.0,179.0,0.0,0.7,0
39.0,58.0,132.0,161.0,0.0,0.2,0
37.0,69.0,92.0,192.0,0.0,0.6,0
47.0,31.0,94.0,182.0,0.0,2.3,0
52.0,71.0,106.0,147.0,1.0,2.0,1
38.0,25.0,68.0,196.0,0.0,3.8,1
51.0,48.0,133.0,146.0,0.0,0.6,1
61.0,38.0,132.0,147.0,0.0,0.7,0
66.0,42.0,101.0,126.0,0.0,0.9,1
46.0,63.0,70.0,187.0,0.0,1.3,0
61.0,24.0,128.0,142.0,1.0,3.7,1
37.0,57.0,137.0,174.0,0.0,0.3,0
45.0,60.0,108.0,154.0,1.0,5.3,1
55.0,50.0,99.0,146.0,1.0,0.5,1
45.0,61.0,81.0,182.0,0.0,1.2,0
43.0,66.0,87.0,162.0,0.0,0.7,0
57.0,76.0,65.0,173.0,0.0,0.3,0
40.0,73.0,83.0,172.0,1.0,2.1,1
55.0,60.0,86.0,164.0,0.0,0.9,0
52.0,64.0,112.0,192.0,0.0,0.8,0
60.0,56.0,120.0,154.0,0.0,0.7,1
63.0,67.0,92.0,152.0,0.0,0.8,1
55.0,58.0,123.0,151.0,0.0,3.2,0
47.0,54.0,97.0,186.0,0.0,0.1,0
66.0,62.0,165.0,150.0,0.0,0.9,0
56.0,70.0,95.0,180.0,0.0,0.1,0
42.0,47.0,99.0,149.0,0.0,0.1,0
55.0,58.0,118.0,169.0,1.0,0.4,1
45.0,69.0,43.0,198.0,0.0,0.5,0
20.0,51.0,132.0,196.0,0.0,0.2,0
41.0,37.0,72.0,191.0,0.0,0.6,0
48.0,62.0,130.0,182.0,0.0,0.2,0
47.0,40.0,95.0,157.0,0.0,0.9,1
33.0,62.0,64.0,162.0,0.0,0.9,0
49.0,65.0,91.0,160.0,0.0,3.1,0
59.0,56.0,108.0,172.0,0.0,0.6,0
38.0,71.0,106.0,188.0,0.0,1.0,0
56.0,73.0,66.0,166.0,0.0,1.0,0
27.0,38.0,121.0,204.0,0.0,0.7,0
60.0,50.0,124.0,146.0,1.0,5.0,1
46.0,58.0,95.0,163.0,0.0,0.7,0
36.0,35.0,71.0,197.0,0.0,1.5,0
68.0,53.0,106.0,137.0,1.0,0.2,1
59.0,56.0,104.0,163.0,0.0,1.1,0
65.0,60.0,158.0,156.0,0.0,1.5,0
57.0,42.0,50.0,170.0,0.0,0.2,0
58.0,76.0,61.0,170.0,1.0,2.0,0
48.0,46.0,91.0,162.0,0.0,1.0,0
59.0,64.0,99.0,171.0,0.0,0.6,0
52.0,65.0,74.0,185.0,0.0,0.2,0
45.0,52.0,73.0,181.0,0.0,0.9,0
51.0,34.0,126.0,150.0,1.0,0.5,1
37.0,83.0,101.0,203.0,0.0,0.6,0
53.0,38.0,84.0,176.0,0.0,1.9,0
59.0,54.0,113.0,143.0,1.0,1.0,1
55.0,57.0,135.0,164.0,0.0,1.0,0
60.0,65.0,62.0,163.0,0.0,1.3,0
49.0,53.0,35.0,169.0,0.0,1.0,0
53.0,64.0,81.0,150.0,0.0,0.6,0
53.0,70.0,69.0,168.0,0.0,0.1,0
78.0,70.0,84.0,134.0,1.0,2.1,1
36.0,93.0,81.0,210.0,0.0,0.5,0
79.0,64.0,101.0,128.0,0.0,2.5,1
44.0,62.0,47.0,176.0,0.0,0.8,0
49.0,55.0,44.0,182.0,0.0,0.6,0
57.0,75.0,109.0,175.0,1.0,0.9,0
61.0,50.0,146.0,149.0,0.0,0.6,0
53.0,40.0,96.0,160.0,0.0,1.4,0
56.0,40.0,94.0,170.0,1.0,0.8,0
71.0,58.0,98.0,155.0,0.0,0.1,0
87.0,76.0,159.0,154.0,0.0,1.4,0
58.0,73.0,111.0,172.0,0.0,0.8,0
62.0,55.0,135.0,175.0,0.0,0.6,0
52.0,68.0,76.0,177.0,0.0,0.5,0
75.0,35.0,114.0,128.0,1.0,0.5,1
52.0,77.0,131.0,156.0,1.0,1.7,1
60.0,53.0,108.0,154.0,0.0,0.1,0
40.0,61.0,89.0,158.0,0.0,0.3,0
19.0,59.0,80.0,210.0,0.0,1.0,0
82.0,65.0,71.0,150.0,0.0,0.4,0
67.0,79.0,124.0,161.0,0.0,0.8,0
65.0,64.0,138.0,121.0,1.0,2.4,1
41.0,65.0,103.0,184.0,0.0,0.8,0
32.0,31.0,81.0,166.0,0.0,0.1,1
50.0,62.0,116.0,179.0,0.0,0.6,0
55.0,58.0,83.0,171.0,0.0,1.3,0
62.0,52.0,104.0,157.0,0.0,0.3,0
53.0,67.0,115.0,189.0,0.0,0.3,0
70.0,71.0,179.0,115.0,1.0,0.1,1
58.0,41.0,103.0,136.0,0.0,0.9,1
57.0,56.0,87.0,165.0,0.0,1.4,0
68.0,46.0,148.0,128.0,0.0,0.4,1
45.0,51.0,70.0,184.0,0.0,0.3,0
58.0,68.0,52.0,145.0,0.0,1.1,0
46.0,45.0,112.0,179.0,0.0,2.9,1
45.0,27.0,49.0,190.0,1.0,0.0,0
73.0,53.0,72.0,132.0,0.0,2.4,0
67.0,83.0,154.0,130.0,1.0,0.4,0
60.0,60.0,96.0,168.0,0.0,0.5,1
70.0,52.0,74.0,143.0,1.0,0.9,1
58.0,60.0,118.0,151.0,0.0,0.8,1
71.0,88.0,94.0,157.0,1.0,0.5,1
42.0,69.0,130.0,177.0,0.0,0.7,0
51.0,36.0,80.0,175.0,1.0,2.2,1
58.0,65.0,133.0,129.0,1.0,1.5,1
40.0,43.0,123.0,161.0,1.0,0.3,1
45.0,46.0,130.0,192.0,0.0,1.5,0
37.0,72.0,74.0,183.0,0.0,0.3,0
62.0,45.0,110.0,160.0,0.0,1.4,0
47.0,63.0,140.0,169.0,0.0,0.8,0
57.0,45.0,123.0,150.0,0.0,0.2,0
60.0,39.0,142.0,151.0,0.0,0.6,0
51.0,75.0,62.0,181.0,0.0,0.6,0
54.0,59.0,80.0,155.0,0.0,1.6,0
55.0,68.0,81.0,151.0,1.0,1.7,1
59.0,71.0,76.0,165.0,0.0,0.3,0
71.0,77.0,107.0,159.0,0.0,0.4,0
39.0,59.0,107.0,193.0,0.0,0.1,0
54.0,69.0,110.0,169.0,0.0,0.6,0
38.0,43.0,195.0,190.0,0.0,0.2,0
72.0,84.0,105.0,153.0,1.0,0.6,0
30.0,64.0,104.0,207.0,0.0,0.8,0
55.0,47.0,104.0,145.0,0.0,1.7,1
48.0,50.0,123.0,191.0,0.0,1.4,0
46.0,55.0,122.0,181.0,0.0,0.6,0
62.0,55.0,67.0,158.0,0.0,0.3,0
60.0,47.0,127.0,148.0,0.0,1.0,0
41.0,55.0,96.0,191.0,0.0,0.2,0
59.0,67.0,107.0,141.0,1.0,0.6,0
57.0,65.0,52.0,183.0,0.0,0.9,0
44.0,65.0,46.0,170.0,0.0,0.5,0
35.0,47.0,69.0,187.0,0.0,0.7,0
63.0,64.0,108.0,179.0,0.0,0.6,0
62.0,56.0,86.0,151.0,0.0,0.4,0
60.0,62.0,95.0,178.0,0.0,0.3,0
47.0,40.0,136.0,172.0,1.0,1.9,0
69.0,63.0,124.0,161.0,0.0,0.5,0
90.0,52.0,95.0,120.0,0.0,0.9,1
55.0,62.0,99.0,166.0,0.0,0.6,0
60.0,64.0,141.0,163.0,0.0,1.7,1
43.0,44.0,89.0,172.0,1.0,0.1,0
43.0,55.0,37.0,146.0,1.0,1.2,1
76.0,33.0,200.0,126.0,1.0,0.2,1
82.0,36.0,68.0,115.0,1.0,0.5,1
50.0,39.0,63.0,185.0,0.0,0.1,0
45.0,75.0,102.0,185.0,0.0,0.7,0
41.0,39.0,105.0,172.0,0.0,3.9,1
45.0,53.0,97.0,173.0,0.0,0.9,1
54.0,41.0,105.0,155.0,0.0,0.5,1
37.0,61.0,94.0,175.0,0.0,2.0,1
44.0,62.0,123.0,189.0,0.0,0.1,0
65.0,39.0,130.0,162.0,0.0,1.4,0
51.0,41.0,92.0,144.0,1.0,1.4,1
43.0,22.0,134.0,163.0,0.0,0.8,1
38.0,44.0,119.0,168.0,0.0,0.5,0
67.0,65.0,97.0,154.0,0.0,0.5,0
39.0,68.0,157.0,197.0,0.0,0.5,0
51.0,41.0,89.0,145.0,0.0,2.3,1
66.0,54.0,102.0,157.0,0.0,0.4,0
60.0,52.0,78.0,142.0,1.0,1.6,1
57.0,68.0,136.0,147.0,1.0,1.2,1
57.0,58.0,84.0,166.0,0.0,0.3,0
41.0,53.0,97.0,191.0,0.0,0.7,0
44.0,91.0,121.0,191.0,0.0,0.1,0
47.0,39.0,124.0,176.0,0.0,1.8,0
18.0,58.0,157.0,199.0,0.0,1.8,0
48.0,76.0,59.0,163.0,0.0,1.3,0
52.0,51.0,131.0,179.0,0.0,1.8,0
52.0,54.0,88.0,177.0,0.0,0.1,0
51.0,74.0,113.0,158.0,0.0,1.2,0
56.0,67.0,131.0,172.0,0.0,0.6,0
56.0,49.0,120.0,154.0,1.0,0.2,1
74.0,53.0,142.0,141.0,0.0,0.1,0
55.0,68.0,101.0,159.0,0.0,1.0,0
64.0,61.0,125.0,167.0,0.0,1.7,0
45.0,54.0,63.0,170.0,0.0,0.5,0
57.0,40.0,132.0,138.0,0.0,3.5,1
57.0,38.0,145.0,176.0,0.0,0.5,0
50.0,77.0,136.0,160.0,0.0,0.7,0
31.0,53.0,125.0,192.0,0.0,0.3,0
36.0,56.0,88.0,203.0,1.0,4.7,1
59.0,78.0,154.0,184.0,0.0,0.2,0
52.0,49.0,142.0,172.0,0.0,0.6,0
50.0,37.0,135.0,143.0,0.0,1.0,1
44.0,58.0,123.0,173.0,0.0,0.6,0
54.0,64.0,123.0,140.0,0.0,0.7,1
61.0,55.0,62.0,175.0,0.0,0.7,0
77.0,62.0,109.0,138.0,1.0,0.7,1
53.0,42.0,121.0,162.0,0.0,0.1,0
51.0,55.0,98.0,169.0,0.0,1.9,0
57.0,60.0,111.0,170.0,0.0,0.2,0
68.0,52.0,78.0,158.0,0.0,0.1,0
83.0,48.0,131.0,117.0,1.0,6.5,1
61.0,56.0,95.0,163.0,0.0,1.4,0
35.0,68.0,101.0,183.0,0.0,1.5,0
54.0,46.0,93.0,157.0,0.0,1.1,1
39.0,49.0,92.0,165.0,0.0,0.9,1
41.0,49.0,64.0,177.0,0.0,0.6,0
77.0,50.0,138.0,130.0,0.0,1.9,1
49.0,47.0,133.0,166.0,0.0,0.1,0
44.0,47.0,137.0,178.0,0.0,2.8,0
71.0,55.0,126.0,169.0,0.0,0.3,0
54.0,40.0,60.0,167.0,0.0,0.3,1
39.0,65.0,69.0,161.0,0.0,3.6,1
54.0,59.0,76.0,171.0,0.0,0.1,0
35.0,51.0,92.0,201.0,0.0,0.5,0
42.0,49.0,136.0,190.0,1.0,0.2,0
56.0,55.0,149.0,145.0,0.0,0.8,1
21.0,42.0,136.0,194.0,0.0,1.3,0
63.0,61.0,83.0,171.0,0.0,0.6,0
57.0,52.0,160.0,142.0,0.0,0.6,1
65.0,59.0,124.0,140.0,1.0,2.0,1
49.0,43.0,112.0,180.0,0.0,0.7,0
59.0,72.0,94.0,184.0,0.0,0.3,0
41.0,61.0,140.0,202.0,1.0,0.0,0
42.0,66.0,63.0,191.0,0.0,2.3,0
55.0,52.0,143.0,146.0,0.0,4.8,1
54.0,50.0,66.0,177.0,0.0,0.6,0
54.0,61.0,104.0,172.0,0.0,1.7,0
71.0,43.0,106.0,153.0,0.0,0.2,0
50.0,67.0,54.0,153.0,1.0,0.4,1
60.0,41.0,121.0,153.0,0.0,2.2,1
58.0,55.0,97.0,176.0,0.0,0.2,0
56.0,71.0,121.0,170.0,0.0,0.2,0
59.0,75.0,90.0,168.0,0.0,0.5,0
31.0,79.0,85.0,210.0,0.0,0.1,0
47.0,33.0,129.0,158.0,1.0,3.1,1
68.0,40.0,118.0,136.0,1.0,5.5,1
50.0,64.0,171.0,153.0,1.0,0.9,1
63.0,65.0,111.0,149.0,1.0,1.0,1
60.0,44.0,148.0,143.0,0.0,1.2,1
18.0,38.0,84.0,210.0,0.0,0.7,0
37.0,47.0,72.0,179.0,0.0,0.5,0
45.0,44.0,119.0,184.0,0.0,0.5,0
45.0,54.0,152.0,178.0,0.0,0.7,0
48.0,49.0,109.0,136.0,0.0,1.6,1
48.0,53.0,58.0,167.0,0.0,0.7,0
43.0,70.0,148.0,190.0,0.0,1.0,0
45.0,64.0,119.0,164.0,0.0,0.5,0
28.0,56.0,66.0,186.0,0.0,0.4,0
79.0,21.0,97.0,124.0,0.0,0.4,1
72.0,56.0,124.0,164.0,0.0,0.6,0
65.0,57.0,142.0,125.0,0.0,2.0,1
53.0,41.0,72.0,160.0,0.0,0.6,0
42.0,44.0,128.0,182.0,0.0,0.4,0
85.0,40.0,93.0,112.0,0.0,1.7,1
41.0,45.0,108.0,163.0,0.0,0.3,0
72.0,43.0,124.0,161.0,0.0,0.2,0
58.0,58.0,110.0,171.0,0.0,2.1,0
42.0,36.0,140.0,165.0,1.0,0.3,1
43.0,34.0,115.0,140.0,1.0,0.5,1
48.0,71.0,88.0,158.0,0.0,0.2,0
46.0,72.0,78.0,203.0,0.0,0.8,0
35.0,78.0,87.0,189.0,0.0,1.6,0
59.0,54.0,167.0,158.0,0.0,1.0,0
42.0,53.0,147.0,171.0,0.0,0.8,1
64.0,72.0,138.0,154.0,0.0,0.1,0
51.0,56.0,98.0,170.0,1.0,2.6,1
55.0,41.0,66.0,167.0,0.0,0.0,0
55.0,43.0,101.0,190.0,1.0,1.6,0
49.0,42.0,107.0,182.0,0.0,0.1,0
52.0,48.0,108.0,170.0,0.0,1.2,0
56.0,51.0,88.0,166.0,0.0,1.9,0
84.0,28.0,99.0,125.0,0.0,0.7,1
37.0,69.0,59.0,187.0,0.0,1.2,0
44.0,36.0,103.0,183.0,0.0,0.4,0
49.0,49.0,138.0,175.0,0.0,0.6,0
37.0,68.0,92.0,196.0,0.0,1.9,0
36.0,69.0,107.0,181.0,0.0,1.7,0
33.0,50.0,109.0,195.0,0.0,0.3,0
53.0,75.0,80.0,160.0,0.0,0.9,0
46.0,65.0,114.0,196.0,0.0,1.8,0
56.0,58.0,84.0,148.0,0.0,1.9,0
35.0,37.0,73.0,182.0,1.0,0.7,0
42.0,30.0,115.0,178.0,0.0,0.5,0
65.0,53.0,77.0,150.0,1.0,0.1,1
63.0,46.0,153.0,127.0,0.0,2.3,1
33.0,75.0,68.0,184.0,0.0,1.0,0
64.0,56.0,93.0,171.0,0.0,0.2,0
46.0,59.0,100.0,183.0,0.0,0.4,0
39.0,50.0,113.0,167.0,0.0,0.6,0
63.0,57.0,71.0,151.0,0.0,1.4,0
65.0,38.0,97.0,126.0,1.0,0.7,1
21.0,54.0,74.0,207.0,0.0,0.6,0
64.0,39.0,104.0,157.0,0.0,0.6,0
47.0,57.0,169.0,151.0,1.0,0.7,1
46.0,55.0,97.0,167.0,0.0,1.6,0
48.0,53.0,79.0,177.0,0.0,0.2,0
67.0,45.0,109.0,147.0,1.0,0.4,1
69.0,54.0,87.0,148.0,0.0,0.3,0
57.0,44.0,93.0,159.0,0.0,0.9,0
63.0,55.0,82.0,148.0,0.0,1.5,0
80.0,46.0,104.0,133.0,0.0,0.5,1
52.0,48.0,66.0,168.0,0.0,0.6,0
39.0,51.0,99.0,167.0,1.0,0.8,1
59.0,66.0,119.0,194.0,0.0,1.4,0
62.0,39.0,109.0,158.0,1.0,0.7,1
51.0,52.0,121.0,174.0,0.0,0.9,0
50.0,59.0,92.0,202.0,1.0,1.0,0
80.0,51.0,133.0,108.0,0.0,0.3,1
49.0,60.0,142.0,185.0,1.0,1.1,0
41.0,79.0,113.0,154.0,0.0,0.1,0
18.0,55.0,72.0,210.0,0.0,1.1,0
63.0,33.0,89.0,160.0,0.0,0.3,0
69.0,40.0,135.0,131.0,1.0,1.5,1
37.0,32.0,98.0,169.0,0.0,0.2,0
60.0,54.0,74.0,159.0,1.0,2.6,1
48.0,76.0,106.0,170.0,0.0,0.1,0
54.0,47.0,89.0,179.0,0.0,1.1,0
45.0,58.0,96.0,189.0,0.0,1.4,0
53.0,80.0,102.0,133.0,1.0,0.1,1
64.0,61.0,146.0,169.0,0.0,0.7,0
46.0,37.0,72.0,191.0,0.0,2.3,0
44.0,50.0,35.0,147.0,1.0,1.2,1
40.0,20.0,94.0,148.0,0.0,1.2,1
67.0,45.0,140.0,163.0,0.0,0.3,1
42.0,79.0,97.0,186.0,0.0,1.3,0
61.0,39.0,46.0,172.0,1.0,0.2,0
37.0,51.0,64.0,170.0,0.0,1.4,0
25.0,55.0,84.0,205.0,0.0,0.1,0
46.0,52.0,132.0,172.0,0.0,1.0,0
56.0,67.0,178.0,181.0,0.0,0.5,0
67.0,80.0,96.0,188.0,0.0,2.4,0
63.0,50.0,159.0,143.0,0.0,1.8,1
57.0,51.0,72.0,193.0,0.0,0.7,0
21.0,48.0,81.0,193.0,0.0,1.2,0
59.0,66.0,81.0,160.0,0.0,0.1,0
34.0,51.0,134.0,202.0,0.0,0.5,0
44.0,52.0,182.0,176.0,0.0,1.1,0
76.0,63.0,105.0,153.0,0.0,0.3,0
66.0,44.0,149.0,152.0,0.0,2.1,1
39.0,54.0,102.0,167.0,0.0,0.2,1
48.0,39.0,98.0,172.0,1.0,0.7,0
63.0,44.0,105.0,138.0,1.0,0.7,1
51.0,57.0,62.0,153.0,0.0,1.7,0
50.0,49.0,94.0,193.0,0.0,0.4,0
38.0,62.0,113.0,171.0,1.0,0.9,0
60.0,62.0,74.0,168.0,0.0,1.0,0
62.0,49.0,114.0,176.0,1.0,1.0,1
43.0,69.0,104.0,193.0,1.0,0.7,0
27.0,68.0,119.0,210.0,0.0,1.4,0
76.0,57.0,99.0,124.0,0.0,0.2,0
44.0,61.0,120.0,189.0,0.0,0.8,0
58.0,83.0,108.0,159.0,0.0,1.0,0
42.0,52.0,87.0,182.0,0.0,1.1,0
43.0,69.0,69.0,189.0,0.0,0.9,0
66.0,40.0,54.0,153.0,0.0,1.3,0
49.0,40.0,101.0,176.0,0.0,0.8,0
63.0,40.0,134.0,138.0,0.0,1.7,1
63.0,72.0,152.0,162.0,0.0,1.1,0
46.0,58.0,97.0,169.0,0.0,0.1,0
57.0,43.0,36.0,166.0,1.0,1.8,0
63.0,47.0,131.0,155.0,0.0,0.4,0
69.0,29.0,137.0,157.0,0.0,2.4,0
50.0,48.0,63.0,169.0,0.0,0.4,0
53.0,55.0,85.0,160.0,0.0,0.5,0
41.0,76.0,86.0,184.0,0.0,0.6,0
63.0,58.0,106.0,137.0,0.0,0.5,0
55.0,51.0,115.0,172.0,0.0,0.3,0
36.0,65.0,102.0,189.0,1.0,1.5,0
49.0,56.0,84.0,180.0,0.0,0.2,0
52.0,74.0,99.0,169.0,0.0,0.4,0
46.0,40.0,116.0,174.0,0.0,1.1,1
44.0,45.0,155.0,159.0,1.0,1.5,1
32.0,64.0,91.0,184.0,0.0,0.7,0
55.0,47.0,92.0,152.0,0.0,0.2,0
48.0,53.0,120.0,170.0,0.0,0.7,0
65.0,62.0,100.0,150.0,0.0,0.7,0
52.0,18.0,79.0,156.0,0.0,0.4,1
64.0,75.0,101.0,167.0,1.0,0.5,0
38.0,56.0,126.0,188.0,0.0,0.0,0
58.0,41.0,100.0,164.0,0.0,0.2,0
63.0,57.0,132.0,147.0,0.0,1.1,1
63.0,35.0,132.0,132.0,1.0,2.7,1
50.0,54.0,86.0,157.0,1.0,1.6,1
42.0,64.0,95.0,183.0,0.0,2.1,0
75.0,60.0,39.0,158.0,0.0,0.2,0
51.0,44.0,88.0,195.0,0.0,0.5,0
38.0,72.0,79.0,188.0,0.0,0.6,0
51.0,62.0,124.0,177.0,0.0,1.0,0
58.0,55.0,112.0,168.0,0.0,0.7,0
44.0,75.0,106.0,165.0,1.0,0.7,0
59.0,64.0,144.0,125.0,0.0,3.5,1
65.0,42.0,100.0,134.0,1.0,1.8,1
53.0,52.0,97.0,172.0,1.0,2.6,0
67.0,62.0,35.0,163.0,0.0,1.2,0
52.0,60.0,85.0,177.0,0.0,1.2,0
48.0,35.0,83.0,157.0,0.0,0.1,0
74.0,60.0,94.0,117.0,0.0,1.0,1
62.0,60.0,123.0,163.0,1.0,0.1,0
55.0,52.0,79.0,174.0,1.0,0.2,0
30.0,59.0,80.0,206.0,0.0,0.7,0
36.0,70.0,101.0,194.0,1.0,0.0,0
32.0,43.0,114.0,210.0,0.0,0.6,0
53.0,49.0,113.0,170.0,1.0,0.8,0
53.0,79.0,81.0,174.0,0.0,0.6,0
59.0,45.0,115.0,154.0,0.0,0.5,0
67.0,46.0,44.0,110.0,0.0,3.2,1
34.0,49.0,119.0,206.0,0.0,0.5,0
36.0,59.0,79.0,190.0,0.0,0.5,0
42.0,43.0,68.0,172.0,0.0,0.3,0
60.0,73.0,109.0,130.0,0.0,0.4,1
57.0,47.0,74.0,176.0,0.0,0.2,0
40.0,49.0,86.0,186.0,0.0,0.1,0
45.0,59.0,79.0,173.0,0.0,0.3,0
59.0,69.0,138.0,146.0,0.0,0.6,1
55.0,55.0,117.0,152.0,0.0,0.4,0
67.0,60.0,130.0,117.0,0.0,1.8,1
43.0,71.0,63.0,196.0,0.0,0.4,0
52.0,49.0,84.0,142.0,1.0,0.3,1
41.0,49.0,99.0,153.0,1.0,3.3,1
69.0,52.0,133.0,136.0,1.0,3.3,1
67.0,54.0,114.0,171.0,0.0,0.0,0
60.0,63.0,132.0,149.0,1.0,0.5,1
66.0,54.0,54.0,172.0,0.0,0.7,0
72.0,54.0,118.0,125.0,1.0,2.9,1
73.0,59.0,86.0,145.0,0.0,1.0,0
76.0,40.0,82.0,126.0,0.0,0.2,0
45.0,33.0,70.0,170.0,0.0,0.7,1
43.0,60.0,106.0,139.0,1.0,1.0,1
70.0,58.0,102.0,137.0,0.0,1.8,0
48.0,52.0,120.0,163.0,0.0,0.5,0
31.0,70.0,84.0,209.0,0.0,0.4,0
48.0,54.0,76.0,163.0,0.0,0.5,0
67.0,35.0,144.0,159.0,0.0,1.3,1
48.0,73.0,115.0,158.0,0.0,1.8,1
64.0,74.0,73.0,170.0,0.0,0.6,0
58.0,55.0,113.0,139.0,0.0,1.8,1
37.0,57.0,80.0,176.0,0.0,5.1,1
60.0,62.0,70.0,170.0,1.0,0.7,0
54.0,46.0,67.0,146.0,0.0,1.0,0
47.0,49.0,62.0,187.0,0.0,0.8,0
35.0,36.0,94.0,174.0,0.0,2.3,0
75.0,46.0,128.0,124.0,1.0,1.8,1
42.0,49.0,122.0,151.0,1.0,0.6,1
28.0,50.0,145.0,162.0,1.0,2.1,1
65.0,51.0,129.0,141.0,1.0,0.4,1
48.0,52.0,116.0,153.0,1.0,0.8,1
69.0,39.0,133.0,136.0,0.0,0.3,1
53.0,32.0,89.0,177.0,0.0,0.1,0
54.0,62.0,102.0,147.0,1.0,4.1,1
62.0,69.0,57.0,158.0,0.0,0.7,0
55.0,59.0,169.0,144.0,1.0,0.5,1
55.0,61.0,92.0,151.0,0.0,0.1,1
68.0,64.0,158.0,154.0,0.0,2.3,1
42.0,44.0,137.0,177.0,1.0,0.2,0
61.0,55.0,71.0,156.0,0.0,1.1,1
58.0,47.0,105.0,157.0,1.0,1.9,1
33.0,38.0,136.0,179.0,0.0,1.1,0
68.0,55.0,82.0,157.0,0.0,0.8,0
64.0,43.0,112.0,132.0,0.0,5.8,1
74.0,51.0,110.0,155.0,0.0,0.1,0
48.0,62.0,47.0,168.0,0.0,0.5,0
40.0,71.0,85.0,192.0,0.0,0.8,0
90.0,38.0,92.0,132.0,1.0,0.3,1
41.0,62.0,121.0,178.0,0.0,0.8,0
44.0,44.0,70.0,138.0,0.0,1.4,1
61.0,50.0,79.0,141.0,0.0,0.7,1
48.0,64.0,99.0,165.0,0.0,0.2,0
59.0,53.0,121.0,162.0,0.0,0.8,0
37.0,54.0,98.0,203.0,1.0,2.2,0
32.0,41.0,124.0,173.0,0.0,0.3,0
47.0,58.0,104.0,159.0,0.0,1.0,0
63.0,43.0,107.0,157.0,0.0,0.6,0
54.0,46.0,87.0,168.0,0.0,0.2,0
70.0,56.0,141.0,135.0,0.0,1.2,1
51.0,50.0,81.0,175.0,0.0,0.4,0
56.0,57.0,63.0,151.0,1.0,0.7,0
42.0,48.0,121.0,160.0,0.0,3.1,0
35.0,60.0,94.0,183.0,0.0,0.7,0
38.0,59.0,45.0,190.0,0.0,1.1,0
44.0,69.0,82.0,169.0,0.0,0.2,0
80.0,58.0,121.0,128.0,0.0,1.1,1
37.0,64.0,109.0,184.0,0.0,0.4,0
43.0,66.0,116.0,168.0,0.0,0.6,1
72.0,50.0,121.0,132.0,0.0,0.6,1
45.0,50.0,93.0,158.0,1.0,0.1,1
62.0,62.0,137.0,149.0,0.0,0.2,0
24.0,50.0,80.0,193.0,0.0,1.6,0
41.0,33.0,109.0,169.0,0.0,0.9,0
61.0,67.0,114.0,185.0,0.0,0.5,0
32.0,52.0,115.0,168.0,0.0,0.4,0
56.0,71.0,67.0,163.0,0.0,0.8,0
54.0,39.0,79.0,147.0,0.0,1.4,1
47.0,71.0,134.0,164.0,0.0,1.5,0
50.0,51.0,85.0,168.0,0.0,0.3,0
63.0,44.0,75.0,138.0,0.0,0.7,0
53.0,38.0,153.0,177.0,0.0,0.1,0
67.0,59.0,113.0,159.0,0.0,0.7,0
64.0,62.0,102.0,135.0,0.0,0.5,0
74.0,54.0,115.0,135.0,1.0,1.0,0
48.0,55.0,100.0,167.0,0.0,0.5,1
56.0,54.0,168.0,187.0,0.0,0.7,0
40.0,58.0,95.0,191.0,0.0,0.4,0
62.0,60.0,87.0,147.0,0.0,0.8,0
45.0,65.0,109.0,184.0,0.0,1.3,0
62.0,43.0,97.0,168.0,0.0,1.8,0
50.0,59.0,127.0,181.0,0.0,0.2,0
52.0,53.0,116.0,182.0,0.0,0.9,0
57.0,60.0,81.0,157.0,0.0,0.7,0
44.0,55.0,114.0,207.0,0.0,2.3,0
45.0,67.0,133.0,174.0,1.0,0.9,0
46.0,56.0,94.0,164.0,1.0,0.7,0
47.0,66.0,68.0,162.0,0.0,1.0,0
62.0,38.0,98.0,155.0,0.0,0.8,0
49.0,47.0,79.0,185.0,0.0,0.6,0
46.0,53.0,102.0,172.0,0.0,1.2,1
65.0,52.0,88.0,151.0,0.0,1.0,0
63.0,35.0,99.0,168.0,0.0,1.3,0
52.0,70.0,111.0,168.0,0.0,0.5,0
86.0,58.0,98.0,139.0,0.0,0.8,0
40.0,44.0,93.0,175.0,0.0,1.7,0
75.0,42.0,102.0,181.0,0.0,0.4,0
57.0,62.0,112.0,155.0,0.0,2.1,0
67.0,69.0,132.0,148.0,1.0,1.0,1
50.0,60.0,69.0,144.0,0.0,2.2,1
69.0,48.0,135.0,163.0,1.0,1.8,0
41.0,36.0,108.0,185.0,0.0,1.5,0
64.0,50.0,156.0,158.0,1.0,0.8,1
57.0,28.0,88.0,150.0,1.0,0.6,1
65.0,37.0,112.0,162.0,0.0,0.4,0
48.0,51.0,115.0,160.0,0.0,0.3,1
59.0,47.0,94.0,127.0,0.0,0.6,0
44.0,61.0,37.0,183.0,1.0,0.1,0
49.0,52.0,101.0,154.0,0.0,0.7,0
51.0,50.0,103.0,189.0,0.0,0.2,0
46.0,73.0,80.0,131.0,1.0,0.1,0
47.0,55.0,97.0,183.0,0.0,3.1,0
38.0,72.0,90.0,190.0,0.0,0.2,0
52.0,50.0,77.0,187.0,0.0,1.0,0
73.0,75.0,90.0,149.0,0.0,1.1,0
90.0,41.0,95.0,150.0,0.0,0.9,0
43.0,34.0,97.0,177.0,1.0,1.9,1
44.0,58.0,121.0,190.0,0.0,0.2,0
58.0,50.0,126.0,145.0,0.0,0.3,1
60.0,43.0,70.0,177.0,0.0,0.2,0
37.0,40.0,76.0,192.0,0.0,0.5,0
24.0,62.0,113.0,206.0,1.0,1.0,0
57.0,53.0,83.0,167.0,0.0,0.6,0
71.0,50.0,148.0,145.0,0.0,3.2,1
72.0,52.0,111.0,140.0,0.0,1.8,1
54.0,49.0,62.0,155.0,1.0,0.6,0
72.0,55.0,117.0,122.0,1.0,0.2,1
52.0,54.0,106.0,177.0,0.0,1.0,0
36.0,55.0,112.0,189.0,0.0,0.2,0
52.0,59.0,112.0,177.0,1.0,0.1,0
67.0,52.0,104.0,132.0,1.0,0.5,1
56.0,60.0,114.0,144.0,0.0,0.3,1
47.0,78.0,94.0,165.0,0.0,1.2,1
55.0,66.0,44.0,133.0,1.0,1.5,1
58.0,90.0,113.0,169.0,0.0,0.1,0
56.0,41.0,129.0,144.0,0.0,1.0,1
58.0,64.0,125.0,189.0,0.0,1.3,0
59.0,29.0,87.0,172.0,1.0,2.0,1
68.0,61.0,104.0,153.0,0.0,0.3,0
56.0,68.0,127.0,154.0,0.0,1.4,0
52.0,70.0,75.0,193.0,1.0,0.9,0
59.0,42.0,133.0,150.0,0.0,0.1,1
62.0,72.0,119.0,155.0,0.0,0.8,0
31.0,61.0,99.0,168.0,0.0,1.1,0
69.0,71.0,106.0,149.0,0.0,0.7,0
76.0,50.0,100.0,129.0,1.0,0.2,1
54.0,55.0,137.0,173.0,0.0,0.1,0
62.0,65.0,125.0,177.0,0.0,0.4,0
44.0,72.0,66.0,181.0,0.0,0.1,0
63.0,46.0,112.0,147.0,0.0,0.6,1
43.0,48.0,81.0,176.0,0.0,1.0,0
56.0,73.0,135.0,182.0,0.0,0.4,0
61.0,55.0,96.0,156.0,0.0,0.4,0
44.0,51.0,35.0,188.0,0.0,0.6,0
40.0,70.0,112.0,179.0,0.0,0.2,0
49.0,54.0,111.0,164.0,0.0,0.5,0
47.0,56.0,109.0,175.0,0.0,2.9,0
50.0,31.0,96.0,161.0,0.0,0.1,0
40.0,54.0,83.0,196.0,0.0,0.7,0
68.0,49.0,114.0,137.0,1.0,0.1,1
50.0,34.0,57.0,172.0,0.0,0.6,1
60.0,60.0,85.0,133.0,1.0,1.6,1
33.0,23.0,126.0,200.0,0.0,0.2,0
46.0,26.0,91.0,180.0,0.0,0.5,1
75.0,47.0,86.0,151.0,0.0,4.7,0
43.0,61.0,68.0,183.0,0.0,1.1,0
58.0,62.0,106.0,155.0,0.0,1.4,1
81.0,49.0,123.0,113.0,1.0,1.6,1
54.0,34.0,118.0,137.0,1.0,4.1,1
73.0,42.0,154.0,144.0,1.0,4.4,1
42.0,52.0,125.0,172.0,0.0,0.6,0
48.0,59.0,146.0,168.0,0.0,1.0,0
53.0,52.0,74.0,150.0,0.0,3.9,1
47.0,52.0,128.0,164.0,0.0,1.2,1
58.0,37.0,103.0,191.0,0.0,1.6,0
31.0,49.0,97.0,191.0,0.0,0.6,0
40.0,45.0,142.0,171.0,0.0,0.9,0
71.0,36.0,98.0,131.0,0.0,0.2,0
55.0,66.0,117.0,181.0,0.0,1.7,0
60.0,64.0,53.0,139.0,0.0,0.9,0
76.0,36.0,144.0,133.0,0.0,2.6,1
31.0,54.0,100.0,193.0,0.0,0.4,0
18.0,52.0,82.0,210.0,0.0,1.8,0
77.0,63.0,58.0,147.0,0.0,0.3,0
36.0,48.0,52.0,172.0,0.0,1.2,0
55.0,34.0,120.0,181.0,0.0,0.9,0
33.0,79.0,93.0,192.0,0.0,0.2,0
21.0,38.0,105.0,208.0,0.0,1.2,0
53.0,61.0,76.0,183.0,0.0,2.7,0
60.0,55.0,83.0,164.0,0.0,2.3,0
43.0,32.0,96.0,148.0,0.0,0.7,1
21.0,57.0,86.0,210.0,0.0,0.9,0
58.0,52.0,156.0,193.0,0.0,2.0,0
78.0,39.0,108.0,136.0,1.0,1.4,1
31.0,53.0,116.0,183.0,1.0,2.8,1
64.0,74.0,82.0,150.0,0.0,1.8,0
57.0,75.0,82.0,158.0,0.0,0.7,0
30.0,56.0,60.0,199.0,0.0,0.5,0
67.0,61.0,122.0,131.0,0.0,0.7,0
56.0,49.0,123.0,152.0,1.0,1.0,1
52.0,65.0,100.0,164.0,1.0,0.4,1
70.0,33.0,109.0,138.0,0.0,0.6,1
54.0,38.0,120.0,158.0,0.0,0.0,0
70.0,44.0,119.0,149.0,1.0,2.9,1
88.0,80.0,118.0,128.0,1.0,0.4,1
57.0,46.0,114.0,167.0,0.0,0.9,0
59.0,85.0,167.0,178.0,0.0,1.0,0
46.0,53.0,81.0,155.0,1.0,0.2,1
74.0,48.0,92.0,153.0,0.0,0.3,0
38.0,63.0,97.0,188.0,1.0,0.2,0
47.0,60.0,93.0,168.0,0.0,0.6,0
53.0,39.0,89.0,185.0,0.0,0.7,0
52.0,58.0,56.0,183.0,0.0,0.9,0
45.0,30.0,73.0,175.0,0.0,0.3,0
65.0,71.0,70.0,158.0,0.0,3.7,0
50.0,65.0,52.0,183.0,0.0,1.2,0
26.0,72.0,67.0,184.0,0.0,0.1,0
69.0,45.0,101.0,150.0,0.0,4.0,1
76.0,44.0,64.0,130.0,0.0,0.6,1
47.0,85.0,101.0,182.0,0.0,0.2,0
72.0,62.0,47.0,149.0,0.0,0.9,0
47.0,57.0,111.0,174.0,0.0,2.0,0
41.0,60.0,100.0,172.0,0.0,1.2,0
42.0,45.0,149.0,154.0,1.0,0.9,1
75.0,53.0,117.0,121.0,1.0,1.7,1
72.0,56.0,148.0,135.0,1.0,4.0,1
63.0,60.0,131.0,189.0,0.0,1.5,0
41.0,75.0,93.0,192.0,0.0,0.6,0
64.0,53.0,107.0,165.0,1.0,1.0,0
40.0,59.0,43.0,177.0,0.0,0.5,0
62.0,45.0,134.0,133.0,0.0,1.1,1
47.0,62.0,85.0,182.0,0.0,0.5,0
47.0,66.0,86.0,187.0,0.0,1.1,0
47.0,72.0,99.0,185.0,0.0,0.0,0
27.0,39.0,95.0,195.0,0.0,3.1,0
31.0,42.0,142.0,170.0,0.0,2.7,1
52.0,59.0,146.0,173.0,0.0,0.6,0
40.0,49.0,120.0,182.0,1.0,0.1,0
65.0,57.0,96.0,146.0,1.0,2.0,1
69.0,54.0,147.0,129.0,1.0,1.1,1
34.0,68.0,105.0,201.0,0.0,0.3,0
34.0,53.0,87.0,170.0,0.0,1.4,0
52.0,56.0,68.0,138.0,1.0,2.7,1
79.0,58.0,124.0,133.0,1.0,2.1,1
44.0,34.0,153.0,149.0,1.0,0.7,1
60.0,61.0,127.0,175.0,0.0,1.3,0
32.0,53.0,101.0,208.0,0.0,0.7,0
42.0,56.0,100.0,163.0,0.0,0.4,1
60.0,57.0,107.0,136.0,0.0,0.6,1
51.0,53.0,173.0,144.0,0.0,2.4,1
60.0,36.0,91.0,164.0,0.0,0.3,0
55.0,54.0,179.0,140.0,0.0,0.1,0
54.0,56.0,131.0,174.0,0.0,0.4,0
53.0,68.0,140.0,185.0,0.0,2.5,0
72.0,53.0,91.0,147.0,0.0,0.5,1
53.0,55.0,43.0,184.0,0.0,0.6,0
65.0,59.0,122.0,149.0,0.0,0.9,0
50.0,50.0,88.0,174.0,0.0,0.1,0
55.0,42.0,144.0,156.0,1.0,0.1,0
40.0,70.0,68.0,165.0,0.0,0.5,0
26.0,50.0,96.0,162.0,0.0,0.2,0
48.0,50.0,91.0,166.0,0.0,1.3,0
55.0,60.0,129.0,166.0,0.0,1.4,0
47.0,46.0,89.0,164.0,0.0,0.1,0
61.0,55.0,110.0,146.0,0.0,2.0,1
43.0,44.0,127.0,205.0,1.0,0.3,0
35.0,55.0,83.0,154.0,1.0,2.0,1
34.0,46.0,85.0,195.0,0.0,1.2,0
62.0,46.0,85.0,157.0,0.0,0.2,1
43.0,62.0,106.0,197.0,0.0,0.1,0
53.0,49.0,97.0,153.0,0.0,0.9,0
35.0,48.0,93.0,207.0,0.0,0.4,0
42.0,76.0,103.0,180.0,0.0,1.4,0
53.0,43.0,135.0,143.0,0.0,1.5,1
67.0,55.0,121.0,162.0,0.0,0.6,0
39.0,62.0,73.0,196.0,0.0,0.6,0
34.0,62.0,86.0,184.0,0.0,0.9,0
53.0,59.0,83.0,161.0,0.0,0.6,0
55.0,62.0,54.0,189.0,0.0,1.2,0
47.0,44.0,90.0,200.0,0.0,0.1,0
69.0,58.0,82.0,143.0,0.0,0.1,0
31.0,56.0,88.0,167.0,1.0,0.5,1
42.0,54.0,131.0,180.0,0.0,1.0,0
53.0,65.0,111.0,182.0,0.0,1.8,0
42.0,64.0,69.0,167.0,0.0,0.3,0
57.0,64.0,161.0,175.0,0.0,2.8,0
53.0,66.0,148.0,160.0,1.0,3.0,1
50.0,36.0,121.0,176.0,1.0,0.6,1
84.0,60.0,141.0,124.0,1.0,1.6,1
40.0,65.0,51.0,173.0,0.0,0.8,0
50.0,42.0,103.0,137.0,0.0,0.2,1
59.0,35.0,97.0,119.0,1.0,1.9,1
43.0,50.0,102.0,179.0,0.0,0.9,0
55.0,60.0,140.0,188.0,1.0,0.7,0
64.0,77.0,113.0,151.0,1.0,0.9,1
56.0,55.0,136.0,152.0,0.0,0.3,1
63.0,54.0,136.0,143.0,1.0,1.6,1
48.0,71.0,91.0,162.0,0.0,0.0,0
50.0,59.0,121.0,164.0,0.0,0.9,0
78.0,47.0,100.0,124.0,1.0,0.2,1
59.0,50.0,98.0,162.0,1.0,1.7,0
66.0,51.0,76.0,136.0,0.0,0.2,0
44.0,68.0,124.0,184.0,0.0,0.6,0
50.0,73.0,87.0,172.0,0.0,0.5,0
68.0,61.0,109.0,140.0,0.0,1.6,1
54.0,69.0,76.0,164.0,0.0,2.4,0
37.0,47.0,58.0,206.0,0.0,0.7,0
41.0,71.0,84.0,209.0,0.0,1.0,0
52.0,47.0,139.0,196.0,0.0,0.6,0
73.0,43.0,62.0,141.0,0.0,0.7,0
60.0,82.0,86.0,152.0,0.0,0.3,0
43.0,48.0,125.0,179.0,0.0,1.8,0
53.0,54.0,73.0,144.0,1.0,1.3,1
54.0,49.0,87.0,154.0,0.0,0.2,0
31.0,65.0,91.0,210.0,0.0,1.7,0
53.0,55.0,58.0,181.0,0.0,2.9,0
49.0,64.0,84.0,153.0,1.0,0.5,1
51.0,58.0,79.0,164.0,0.0,1.1,0
41.0,60.0,115.0,169.0,0.0,0.9,0
58.0,74.0,115.0,173.0,1.0,0.5,0
48.0,76.0,101.0,189.0,0.0,1.2,0
43.0,63.0,124.0,159.0,1.0,0.7,1
77.0,42.0,120.0,128.0,0.0,2.8,1
48.0,53.0,82.0,183.0,0.0,0.6,0
35.0,56.0,111.0,178.0,0.0,6.5,1
69.0,37.0,138.0,135.0,1.0,1.1,1
71.0,60.0,100.0,147.0,0.0,0.2,0
41.0,73.0,80.0,201.0,0.0,1.4,0
47.0,39.0,51.0,173.0,0.0,0.8,0
51.0,73.0,63.0,180.0,0.0,0.5,0
48.0,57.0,75.0,159.0,0.0,0.2,0
35.0,38.0,82.0,164.0,1.0,0.2,0
39.0,58.0,92.0,189.0,0.0,0.5,0
81.0,54.0,98.0,134.0,0.0,0.3,0
45.0,55.0,112.0,195.0,1.0,0.6,0
46.0,44.0,76.0,167.0,0.0,0.6,0
63.0,47.0,155.0,143.0,0.0,1.5,0
47.0,67.0,163.0,183.0,0.0,2.1,0
44.0,59.0,117.0,191.0,0.0,0.4,1
39.0,57.0,131.0,183.0,0.0,0.5,0
60.0,78.0,122.0,136.0,0.0,1.7,1
56.0,34.0,73.0,181.0,0.0,0.4,0
68.0,75.0,69.0,172.0,0.0,0.3,0
47.0,73.0,85.0,146.0,1.0,0.5,1
70.0,52.0,123.0,112.0,0.0,0.3,1
55.0,37.0,110.0,153.0,0.0,0.5,1
46.0,58.0,135.0,164.0,0.0,0.5,0
59.0,61.0,126.0,151.0,0.0,0.2,0
57.0,52.0,110.0,157.0,0.0,0.3,1
57.0,54.0,84.0,166.0,0.0,2.6,0
43.0,60.0,82.0,178.0,0.0,0.6,0
52.0,47.0,109.0,169.0,1.0,1.3,1
50.0,44.0,70.0,159.0,1.0,1.7,1
63.0,37.0,109.0,159.0,1.0,1.4,1
70.0,52.0,87.0,167.0,1.0,1.3,0
64.0,43.0,103.0,156.0,1.0,1.3,1
63.0,80.0,115.0,147.0,0.0,1.3,0
67.0,63.0,151.0,161.0,0.0,1.8,0
69.0,54.0,124.0,143.0,1.0,0.1,1
48.0,52.0,132.0,158.0,0.0,0.7,0
38.0,35.0,126.0,155.0,1.0,4.7,1
55.0,72.0,121.0,191.0,1.0,1.6,0
73.0,73.0,97.0,149.0,0.0,0.2,0
37.0,64.0,92.0,178.0,0.0,0.1,0
41.0,48.0,149.0,161.0,0.0,1.0,1
54.0,51.0,106.0,171.0,1.0,0.9,0
46.0,52.0,110.0,162.0,0.0,0.3,0
66.0,56.0,153.0,136.0,0.0,3.6,1
54.0,35.0,127.0,144.0,0.0,0.3,1
64.0,59.0,102.0,158.0,1.0,0.3,0
57.0,68.0,114.0,175.0,0.0,0.9,0
58.0,44.0,93.0,151.0,1.0,1.9,1
38.0,46.0,146.0,210.0,0.0,0.2,0
45.0,46.0,97.0,162.0,0.0,0.5,1
28.0,70.0,82.0,191.0,0.0,0.8,0
43.0,59.0,52.0,169.0,0.0,0.2,0
46.0,35.0,123.0,171.0,1.0,0.8,0
58.0,52.0,70.0,142.0,0.0,1.0,1
38.0,54.0,55.0,189.0,0.0,1.0,0
76.0,57.0,137.0,170.0,0.0,0.0,0
69.0,20.0,104.0,129.0,1.0,1.3,1
40.0,47.0,136.0,196.0,0.0,1.1,0
29.0,54.0,79.0,180.0,1.0,1.5,0
32.0,58.0,90.0,185.0,0.0,2.3,0
57.0,65.0,106.0,180.0,0.0,1.2,0
37.0,53.0,94.0,195.0,1.0,3.0,1
49.0,70.0,135.0,158.0,1.0,1.2,1
60.0,58.0,158.0,128.0,1.0,1.4,1
58.0,56.0,144.0,170.0,1.0,0.9,1
63.0,51.0,151.0,154.0,1.0,0.4,0
36.0,52.0,90.0,203.0,0.0,0.5,0
62.0,46.0,83.0,174.0,0.0,1.3,0
62.0,56.0,91.0,147.0,0.0,0.5,0
66.0,68.0,149.0,168.0,0.0,0.9,0
64.0,49.0,99.0,153.0,0.0,0.2,0
37.0,58.0,106.0,186.0,1.0,0.0,0
21.0,80.0,93.0,171.0,0.0,0.7,0
58.0,48.0,116.0,159.0,1.0,1.6,1
74.0,62.0,151.0,141.0,1.0,0.5,1
43.0,62.0,94.0,166.0,0.0,0.3,0
43.0,58.0,124.0,178.0,0.0,0.3,0
55.0,51.0,80.0,192.0,0.0,0.3,0
67.0,59.0,81.0,133.0,0.0,0.4,0
63.0,39.0,68.0,148.0,1.0,1.8,1
38.0,79.0,113.0,196.0,0.0,0.2,0
48.0,48.0,118.0,140.0,0.0,0.7,1
46.0,62.0,112.0,192.0,0.0,0.6,0
61.0,70.0,88.0,166.0,0.0,0.1,0
63.0,50.0,93.0,156.0,0.0,0.3,0
42.0,58.0,52.0,184.0,0.0,0.6,0
43.0,44.0,65.0,175.0,0.0,6.5,1
57.0,51.0,123.0,178.0,0.0,2.3,0
50.0,61.0,92.0,166.0,0.0,0.4,0
43.0,57.0,91.0,161.0,1.0,0.1,1
47.0,59.0,79.0,146.0,0.0,0.7,1
61.0,42.0,108.0,168.0,0.0,0.5,0
49.0,71.0,89.0,144.0,1.0,5.7,1
52.0,62.0,126.0,183.0,0.0,0.7,0
43.0,51.0,120.0,173.0,1.0,0.2,1
61.0,55.0,93.0,175.0,0.0,0.7,0
47.0,55.0,120.0,190.0,0.0,0.1,0
57.0,60.0,111.0,141.0,0.0,4.7,1
56.0,43.0,96.0,160.0,0.0,0.6,1
48.0,62.0,87.0,174.0,0.0,0.7,0
42.0,46.0,104.0,181.0,1.0,1.0,0
52.0,77.0,71.0,161.0,0.0,1.1,0
49.0,49.0,77.0,170.0,0.0,0.6,0
67.0,46.0,72.0,159.0,0.0,0.6,1
42.0,68.0,131.0,200.0,0.0,0.2,0
63.0,40.0,116.0,158.0,0.0,1.3,0
69.0,49.0,114.0,145.0,0.0,0.3,0
62.0,55.0,102.0,152.0,0.0,0.2,0
63.0,58.0,75.0,174.0,0.0,0.1,0
50.0,66.0,108.0,172.0,0.0,1.7,0
59.0,40.0,83.0,153.0,0.0,0.8,0
59.0,54.0,98.0,164.0,0.0,0.2,0
33.0,66.0,98.0,199.0,1.0,0.6,0
49.0,72.0,108.0,196.0,0.0,0.1,0
38.0,36.0,72.0,198.0,0.0,0.4,0
29.0,51.0,123.0,204.0,0.0,1.0,0
53.0,58.0,121.0,172.0,0.0,2.2,0
59.0,65.0,112.0,164.0,0.0,1.5,1
45.0,88.0,82.0,180.0,0.0,1.4,0
60.0,68.0,73.0,157.0,0.0,0.7,0
61.0,47.0,161.0,148.0,1.0,1.6,1
55.0,64.0,95.0,151.0,0.0,0.3,0
47.0,60.0,143.0,138.0,1.0,0.9,1
63.0,50.0,90.0,147.0,0.0,0.4,0
77.0,67.0,121.0,113.0,0.0,1.4,1
27.0,52.0,64.0,194.0,0.0,1.0,0
63.0,52.0,85.0,168.0,0.0,0.9,0
39.0,67.0,94.0,184.0,0.0,0.2,0
65.0,83.0,130.0,153.0,1.0,1.0,1
67.0,66.0,102.0,147.0,0.0,1.0,0
49.0,63.0,75.0,188.0,0.0,2.0,0
48.0,48.0,85.0,166.0,0.0,1.2,1
54.0,52.0,116.0,157.0,1.0,1.7,1
56.0,74.0,131.0,132.0,1.0,1.5,1
51.0,43.0,105.0,170.0,0.0,0.6,0
69.0,36.0,100.0,138.0,0.0,0.7,1
34.0,48.0,116.0,197.0,1.0,0.5,0
47.0,68.0,87.0,184.0,0.0,0.0,0
62.0,70.0,82.0,174.0,1.0,0.8,0
50.0,67.0,120.0,161.0,0.0,0.9,0
51.0,58.0,95.0,185.0,0.0,0.5,0
50.0,39.0,62.0,172.0,0.0,0.8,0
66.0,54.0,65.0,162.0,1.0,1.4,1
63.0,73.0,130.0,153.0,0.0,0.3,0
37.0,40.0,77.0,170.0,0.0,0.8,0
39.0,64.0,55.0,185.0,0.0,1.5,0
49.0,55.0,142.0,181.0,0.0,1.9,0
52.0,42.0,122.0,167.0,0.0,1.3,0
66.0,32.0,138.0,165.0,1.0,1.5,0
52.0,72.0,138.0,180.0,0.0,0.0,0
71.0,39.0,96.0,119.0,1.0,2.3,1
78.0,64.0,126.0,141.0,0.0,1.7,0
43.0,61.0,117.0,163.0,1.0,0.4,1
56.0,60.0,141.0,146.0,1.0,1.3,1
67.0,47.0,112.0,151.0,0.0,0.0,0
57.0,66.0,123.0,182.0,0.0,0.6,0
59.0,50.0,100.0,160.0,1.0,1.3,1
48.0,60.0,107.0,183.0,0.0,0.7,0
47.0,69.0,77.0,176.0,0.0,1.7,0
57.0,61.0,50.0,157.0,0.0,0.0,0
67.0,44.0,93.0,145.0,1.0,0.8,1
40.0,58.0,128.0,164.0,0.0,0.9,0
52.0,66.0,155.0,134.0,1.0,2.8,1
78.0,35.0,134.0,158.0,0.0,0.6,0
52.0,44.0,131.0,160.0,0.0,3.9,1
56.0,57.0,77.0,154.0,1.0,1.3,0
65.0,55.0,64.0,159.0,0.0,1.8,0
62.0,36.0,94.0,135.0,1.0,0.2,1
52.0,69.0,97.0,152.0,0.0,0.5,0
51.0,44.0,129.0,173.0,0.0,1.6,0
74.0,64.0,110.0,141.0,0.0,1.6,0
42.0,49.0,74.0,176.0,0.0,0.2,0
37.0,39.0,88.0,186.0,1.0,0.8,1
69.0,72.0,118.0,117.0,0.0,0.5,1
71.0,53.0,131.0,161.0,0.0,2.7,0
42.0,77.0,152.0,162.0,0.0,2.0,1
66.0,63.0,140.0,160.0,0.0,0.2,0
59.0,73.0,101.0,175.0,0.0,1.2,0
53.0,70.0,76.0,182.0,0.0,0.8,0
56.0,52.0,73.0,170.0,0.0,0.5,0
78.0,41.0,114.0,141.0,1.0,0.3,0
64.0,58.0,95.0,160.0,0.0,1.2,0
62.0,75.0,56.0,161.0,1.0,0.4,0
61.0,48.0,84.0,152.0,0.0,0.3,0
47.0,82.0,53.0,180.0,0.0,0.4,0
50.0,53.0,89.0,152.0,0.0,0.3,1
53.0,56.0,101.0,147.0,1.0,1.7,1
43.0,46.0,125.0,200.0,1.0,6.1,1
61.0,64.0,76.0,160.0,0.0,0.1,0
70.0,42.0,106.0,138.0,1.0,1.8,1
53.0,44.0,60.0,181.0,0.0,0.3,0
44.0,31.0,101.0,173.0,0.0,0.3,0
44.0,63.0,98.0,174.0,1.0,1.3,0
75.0,32.0,86.0,157.0,0.0,0.6,0
47.0,68.0,99.0,178.0,0.0,0.7,0
39.0,70.0,93.0,185.0,0.0,0.2,0
35.0,45.0,66.0,182.0,0.0,0.4,0
48.0,50.0,115.0,199.0,1.0,1.2,0
70.0,63.0,141.0,152.0,1.0,1.5,0
71.0,36.0,162.0,136.0,1.0,1.4,1
62.0,61.0,45.0,165.0,0.0,0.3,0
45.0,49.0,126.0,185.0,0.0,1.8,0
65.0,64.0,95.0,149.0,0.0,0.5,1
52.0,37.0,125.0,150.0,0.0,1.6,1
63.0,78.0,80.0,160.0,0.0,1.0,0
83.0,69.0,122.0,123.0,1.0,0.5,1
52.0,50.0,74.0,170.0,0.0,0.1,0
37.0,65.0,93.0,197.0,0.0,0.9,0
80.0,53.0,102.0,160.0,0.0,0.7,0
53.0,69.0,112.0,164.0,0.0,1.2,0
52.0,53.0,97.0,175.0,0.0,0.2,0
33.0,52.0,136.0,199.0,0.0,0.6,0
65.0,62.0,95.0,140.0,1.0,1.9,0
69.0,50.0,84.0,132.0,0.0,0.6,1
58.0,56.0,82.0,162.0,0.0,2.5,0
69.0,67.0,74.0,148.0,0.0,1.5,0
50.0,46.0,65.0,186.0,0.0,0.1,0
73.0,65.0,87.0,149.0,0.0,0.2,1
65.0,57.0,119.0,159.0,1.0,0.8,1
78.0,52.0,105.0,158.0,0.0,0.5,0
33.0,39.0,91.0,175.0,0.0,0.6,0
39.0,44.0,85.0,175.0,0.0,0.9,0
67.0,56.0,82.0,146.0,0.0,0.3,0
60.0,68.0,103.0,152.0,1.0,0.9,1
43.0,44.0,98.0,168.0,1.0,1.2,0
56.0,42.0,80.0,173.0,0.0,0.8,0
67.0,58.0,130.0,134.0,1.0,0.1,1
70.0,70.0,106.0,162.0,0.0,0.6,0
59.0,81.0,83.0,142.0,0.0,2.5,0
56.0,65.0,109.0,164.0,0.0,0.7,0
61.0,54.0,119.0,161.0,1.0,0.1,0
55.0,69.0,159.0,160.0,0.0,1.1,1
80.0,67.0,68.0,135.0,0.0,1.2,0
50.0,72.0,90.0,186.0,0.0,0.1,0
55.0,65.0,81.0,174.0,0.0,0.1,0
53.0,54.0,106.0,146.0,0.0,1.8,1
75.0,54.0,140.0,141.0,0.0,4.7,1
48.0,50.0,110.0,140.0,0.0,0.6,0
67.0,52.0,98.0,139.0,0.0,1.7,0
55.0,30.0,88.0,156.0,1.0,4.5,1
49.0,46.0,75.0,169.0,1.0,0.3,0
28.0,61.0,82.0,197.0,0.0,0.0,0
54.0,56.0,71.0,169.0,0.0,0.7,1
77.0,50.0,81.0,134.0,1.0,1.9,1
46.0,33.0,61.0,173.0,0.0,0.4,0
18.0,79.0,73.0,210.0,0.0,0.4,0
59.0,45.0,111.0,173.0,0.0,0.3,0
39.0,57.0,117.0,183.0,1.0,0.4,0
32.0,54.0,84.0,199.0,0.0,0.3,0
48.0,58.0,99.0,189.0,0.0,0.7,0
37.0,79.0,112.0,181.0,1.0,0.9,0
68.0,41.0,119.0,117.0,0.0,5.1,1
57.0,67.0,85.0,149.0,0.0,0.3,0
63.0,63.0,100.0,150.0,0.0,0.4,0
46.0,62.0,91.0,184.0,0.0,0.2,0
53.0,44.0,122.0,181.0,0.0,0.9,0
47.0,49.0,104.0,175.0,0.0,0.3,1
58.0,63.0,106.0,163.0,1.0,0.5,0
25.0,45.0,161.0,210.0,0.0,0.0,0
54.0,58.0,70.0,165.0,1.0,4.6,1
67.0,51.0,91.0,182.0,0.0,0.9,0
76.0,78.0,70.0,153.0,0.0,0.4,0
65.0,43.0,118.0,121.0,0.0,2.2,1
56.0,53.0,90.0,165.0,0.0,0.2,0
32.0,66.0,108.0,201.0,0.0,1.5,0
56.0,71.0,41.0,158.0,0.0,0.6,0
28.0,50.0,83.0,156.0,0.0,0.7,1
42.0,56.0,117.0,177.0,0.0,2.5,0
51.0,60.0,49.0,160.0,0.0,1.9,0
50.0,71.0,70.0,170.0,0.0,0.6,0
65.0,29.0,103.0,157.0,0.0,1.1,0
50.0,69.0,59.0,164.0,0.0,0.6,0
37.0,49.0,77.0,202.0,0.0,0.4,0
48.0,47.0,76.0,186.0,0.0,0.2,0
44.0,60.0,115.0,204.0,0.0,0.0,0
68.0,68.0,125.0,166.0,1.0,0.8,0
35.0,64.0,85.0,188.0,0.0,1.6,0
47.0,85.0,85.0,172.0,0.0,0.9,0
66.0,74.0,118.0,149.0,0.0,1.1,0
43.0,63.0,153.0,135.0,1.0,1.0,1
59.0,61.0,81.0,170.0,0.0,0.7,0
54.0,46.0,91.0,174.0,0.0,0.2,0
49.0,46.0,128.0,168.0,0.0,2.0,1
31.0,53.0,118.0,192.0,0.0,1.6,0
54.0,49.0,95.0,189.0,0.0,0.5,0
47.0,46.0,122.0,178.0,0.0,0.3,0
58.0,70.0,86.0,186.0,0.0,0.5,0
35.0,50.0,147.0,180.0,0.0,2.3,0
61.0,32.0,101.0,159.0,0.0,2.2,0
62.0,57.0,104.0,189.0,0.0,0.5,0
72.0,41.0,101.0,154.0,1.0,3.5,1
48.0,47.0,109.0,184.0,0.0,0.2,0
45.0,73.0,123.0,188.0,0.0,0.2,0
66.0,55.0,120.0,141.0,1.0,0.4,1
40.0,70.0,109.0,167.0,0.0,3.9,1
43.0,63.0,51.0,187.0,0.0,0.5,0
50.0,70.0,126.0,176.0,0.0,0.3,0
39.0,36.0,117.0,165.0,1.0,3.8,1
73.0,60.0,87.0,148.0,0.0,1.3,0
66.0,42.0,121.0,124.0,1.0,1.7,1
26.0,68.0,96.0,210.0,0.0,1.1,0
26.0,84.0,108.0,210.0,0.0,1.7,0
45.0,48.0,103.0,169.0,0.0,0.1,0
60.0,45.0,101.0,159.0,0.0,0.4,1
63.0,45.0,140.0,158.0,0.0,0.4,0
72.0,66.0,123.0,154.0,0.0,0.2,1
58.0,48.0,140.0,182.0,0.0,0.3,0
40.0,68.0,85.0,174.0,0.0,1.7,0
59.0,49.0,137.0,170.0,0.0,1.4,0
39.0,70.0,120.0,188.0,0.0,1.0,0
43.0,58.0,121.0,161.0,0.0,1.1,0
33.0,54.0,85.0,199.0,0.0,0.0,0
42.0,64.0,70.0,175.0,0.0,0.4,0
46.0,52.0,97.0,191.0,0.0,0.1,0
47.0,54.0,59.0,185.0,0.0,3.6,0
77.0,65.0,96.0,133.0,0.0,0.7,1
55.0,76.0,149.0,174.0,0.0,0.5,0
59.0,37.0,96.0,182.0,0.0,0.3,0
56.0,55.0,96.0,185.0,0.0,1.4,0
75.0,57.0,114.0,139.0,0.0,0.4,1
42.0,48.0,104.0,186.0,0.0,0.6,0
64.0,45.0,152.0,125.0,1.0,0.2,1
43.0,36.0,103.0,186.0,0.0,1.5,0
52.0,49.0,105.0,168.0,1.0,0.1,0
60.0,43.0,127.0,159.0,1.0,2.1,1
36.0,51.0,116.0,182.0,0.0,0.3,0
49.0,40.0,106.0,187.0,0.0,0.1,0
54.0,32.0,102.0,157.0,1.0,2.6,1
61.0,63.0,113.0,148.0,0.0,0.7,0
51.0,74.0,76.0,176.0,0.0,0.6,0
90.0,59.0,79.0,137.0,0.0,1.5,0
78.0,45.0,105.0,153.0,0.0,0.4,0
25.0,49.0,80.0,194.0,0.0,0.3,0
56.0,65.0,35.0,185.0,0.0,0.6,0
61.0,79.0,74.0,165.0,0.0,1.7,0
58.0,52.0,93.0,131.0,0.0,0.8,1
72.0,56.0,109.0,135.0,0.0,0.6,0
18.0,29.0,121.0,191.0,1.0,1.0,1
40.0,59.0,132.0,178.0,0.0,0.7,0
74.0,31.0,116.0,130.0,0.0,0.2,1
70.0,51.0,96.0,142.0,0.0,0.9,0
84.0,45.0,105.0,121.0,0.0,0.7,1
76.0,32.0,141.0,130.0,1.0,0.5,1
37.0,56.0,116.0,176.0,0.0,0.0,0
67.0,68.0,67.0,170.0,0.0,0.1,0
50.0,60.0,102.0,165.0,0.0,1.6,0
57.0,69.0,76.0,155.0,0.0,0.7,0
55.0,54.0,100.0,146.0,1.0,0.6,1
48.0,63.0,68.0,184.0,0.0,0.9,0
47.0,42.0,115.0,188.0,0.0,4.7,1
64.0,41.0,114.0,161.0,0.0,0.3,1
47.0,60.0,45.0,145.0,0.0,0.5,0
57.0,75.0,117.0,173.0,0.0,0.9,0
60.0,49.0,85.0,145.0,0.0,0.0,0
47.0,57.0,96.0,174.0,0.0,0.6,0
50.0,70.0,96.0,161.0,0.0,0.4,0
69.0,41.0,168.0,131.0,0.0,1.0,1
32.0,63.0,80.0,179.0,0.0,2.9,0
45.0,58.0,106.0,190.0,0.0,1.4,0
37.0,66.0,113.0,178.0,1.0,0.0,0
57.0,45.0,115.0,144.0,0.0,0.0,1
89.0,33.0,97.0,147.0,0.0,1.4,1
38.0,64.0,111.0,169.0,1.0,0.1,0
70.0,61.0,67.0,166.0,0.0,2.7,0
72.0,53.0,115.0,168.0,0.0,1.4,0
26.0,60.0,105.0,188.0,0.0,1.0,0
37.0,48.0,105.0,195.0,0.0,0.7,0
54.0,37.0,108.0,161.0,0.0,0.2,0
41.0,46.0,126.0,142.0,1.0,0.4,1
58.0,62.0,105.0,155.0,0.0,1.6,1
72.0,47.0,138.0,131.0,1.0,0.6,1
63.0,48.0,81.0,147.0,0.0,1.6,0
51.0,46.0,100.0,173.0,0.0,0.3,0
61.0,66.0,143.0,161.0,1.0,0.6,0
59.0,71.0,135.0,176.0,1.0,2.1,1
38.0,55.0,103.0,168.0,0.0,0.9,0
46.0,37.0,59.0,188.0,1.0,0.7,0
60.0,53.0,72.0,177.0,0.0,0.4,0
53.0,53.0,54.0,173.0,0.0,0.1,0
58.0,74.0,89.0,161.0,0.0,1.9,0
66.0,63.0,129.0,158.0,0.0,0.5,0
23.0,41.0,127.0,200.0,0.0,0.1,0
73.0,47.0,79.0,151.0,0.0,0.5,0
29.0,69.0,56.0,205.0,0.0,0.7,0
54.0,47.0,116.0,164.0,0.0,2.4,0
56.0,46.0,129.0,139.0,0.0,1.5,1
52.0,42.0,95.0,168.0,1.0,1.7,1
56.0,42.0,122.0,183.0,0.0,0.1,0
47.0,53.0,79.0,188.0,0.0,0.5,0
44.0,48.0,110.0,197.0,0.0,0.3,0
53.0,50.0,104.0,156.0,1.0,1.9,1
56.0,45.0,35.0,179.0,0.0,0.6,0
45.0,70.0,83.0,178.0,0.0,1.3,0
58.0,66.0,109.0,156.0,0.0,1.1,0
43.0,44.0,116.0,156.0,1.0,1.6,1
46.0,61.0,85.0,167.0,0.0,6.5,1
51.0,71.0,138.0,177.0,0.0,0.2,0
60.0,63.0,75.0,156.0,0.0,1.9,0
50.0,57.0,85.0,179.0,0.0,1.1,0
59.0,53.0,92.0,162.0,0.0,0.4,0
75.0,60.0,46.0,146.0,0.0,1.9,0
48.0,71.0,86.0,169.0,0.0,0.4,0
71.0,50.0,117.0,139.0,0.0,0.9,1
37.0,59.0,89.0,181.0,0.0,1.0,0
62.0,51.0,137.0,124.0,1.0,0.4,1
51.0,33.0,102.0,139.0,1.0,0.6,1
81.0,72.0,128.0,163.0,0.0,1.5,0
47.0,53.0,77.0,184.0,0.0,0.1,0
43.0,48.0,161.0,150.0,1.0,0.4,1
68.0,54.0,99.0,167.0,0.0,1.0,0
59.0,51.0,133.0,156.0,1.0,0.6,0
55.0,46.0,93.0,142.0,1.0,1.6,1
22.0,73.0,135.0,200.0,1.0,0.3,0
59.0,77.0,113.0,147.0,1.0,1.1,1
52.0,48.0,113.0,183.0,0.0,1.3,0
55.0,50.0,80.0,176.0,0.0,2.5,0
44.0,47.0,99.0,193.0,0.0,0.6,0
71.0,48.0,67.0,147.0,0.0,0.3,0
54.0,53.0,146.0,175.0,0.0,1.1,0
51.0,52.0,105.0,160.0,1.0,0.2,0
33.0,45.0,94.0,176.0,0.0,1.2,0
51.0,33.0,148.0,150.0,1.0,2.2,1
39.0,33.0,96.0,185.0,0.0,0.3,0
71.0,76.0,138.0,144.0,1.0,0.3,0
57.0,47.0,161.0,147.0,1.0,1.1,1
46.0,36.0,124.0,179.0,0.0,3.4,1
51.0,52.0,114.0,165.0,1.0,3.0,1
72.0,56.0,117.0,130.0,0.0,1.1,0
55.0,67.0,88.0,166.0,0.0,1.6,0
53.0,46.0,134.0,158.0,1.0,1.7,1
78.0,75.0,135.0,155.0,0.0,0.6,0
58.0,48.0,101.0,165.0,0.0,1.0,0
65.0,41.0,65.0,160.0,0.0,0.6,0
49.0,47.0,133.0,169.0,1.0,0.9,1
49.0,44.0,109.0,161.0,0.0,0.1,0
65.0,66.0,126.0,155.0,1.0,1.1,0
53.0,51.0,89.0,171.0,0.0,0.1,0
58.0,57.0,92.0,182.0,0.0,0.4,0
53.0,78.0,108.0,178.0,0.0,2.5,0
54.0,65.0,106.0,178.0,0.0,0.6,0
52.0,43.0,104.0,176.0,0.0,0.2,0
36.0,58.0,63.0,210.0,1.0,2.2,0
71.0,76.0,73.0,136.0,0.0,0.7,0
46.0,66.0,123.0,199.0,0.0,0.5,0
38.0,46.0,127.0,182.0,0.0,0.1,0
55.0,69.0,115.0,176.0,0.0,0.2,0
45.0,38.0,158.0,175.0,0.0,1.7,1
70.0,20.0,159.0,126.0,1.0,1.1,1
62.0,66.0,97.0,178.0,1.0,1.0,0
46.0,74.0,138.0,169.0,1.0,1.9,1
42.0,67.0,66.0,201.0,0.0,0.5,0
62.0,67.0,97.0,129.0,0.0,1.8,1
45.0,49.0,112.0,167.0,0.0,3.6,1
36.0,54.0,105.0,181.0,0.0,1.7,0
32.0,45.0,88.0,194.0,1.0,0.3,0
63.0,66.0,136.0,133.0,1.0,0.7,1
33.0,69.0,64.0,207.0,0.0,1.4,0
38.0,79.0,86.0,150.0,0.0,1.1,1
63.0,67.0,133.0,173.0,1.0,2.7,1
64.0,45.0,169.0,132.0,0.0,4.5,1
38.0,55.0,114.0,204.0,0.0,0.6,0
46.0,70.0,129.0,177.0,1.0,1.3,0
66.0,74.0,105.0,191.0,0.0,1.2,0
56.0,84.0,136.0,167.0,0.0,0.5,0
48.0,50.0,133.0,186.0,0.0,2.2,1
55.0,47.0,106.0,163.0,0.0,0.5,0
59.0,30.0,84.0,171.0,0.0,1.0,0
39.0,59.0,98.0,187.0,0.0,0.4,0
40.0,69.0,135.0,190.0,0.0,0.9,0
68.0,60.0,131.0,143.0,0.0,3.0,0
76.0,62.0,111.0,135.0,1.0,1.0,0
65.0,52.0,136.0,155.0,1.0,0.5,1
51.0,37.0,67.0,174.0,0.0,0.6,0
45.0,47.0,103.0,201.0,0.0,0.4,0
54.0,72.0,111.0,154.0,0.0,0.5,0
67.0,51.0,119.0,165.0,0.0,1.0,0
70.0,45.0,148.0,129.0,0.0,0.6,1
53.0,65.0,114.0,165.0,0.0,1.3,0
59.0,56.0,94.0,163.0,0.0,0.9,0
35.0,45.0,101.0,192.0,0.0,0.9,0
52.0,56.0,137.0,150.0,0.0,2.0,1
73.0,69.0,99.0,143.0,0.0,0.0,1
52.0,61.0,132.0,161.0,0.0,0.1,1
60.0,52.0,93.0,125.0,1.0,1.6,1
65.0,57.0,103.0,129.0,1.0,0.3,1
64.0,40.0,99.0,138.0,1.0,2.5,1
55.0,32.0,126.0,150.0,1.0,0.8,1
46.0,68.0,135.0,179.0,0.0,2.4,0
25.0,31.0,97.0,194.0,0.0,2.0,1
39.0,58.0,110.0,178.0,0.0,0.9,0
50.0,71.0,94.0,169.0,0.0,0.4,0
63.0,46.0,111.0,148.0,0.0,1.2,0
56.0,52.0,160.0,137.0,1.0,1.2,1
68.0,54.0,102.0,166.0,0.0,0.3,0
38.0,78.0,92.0,191.0,0.0,0.4,0
31.0,54.0,90.0,186.0,0.0,0.8,0
61.0,42.0,152.0,132.0,1.0,1.9,1
77.0,41.0,144.0,172.0,0.0,0.3,0
56.0,26.0,103.0,123.0,0.0,1.9,1
46.0,82.0,89.0,178.0,1.0,4.4,0
65.0,24.0,82.0,130.0,1.0,1.0,1
72.0,48.0,118.0,129.0,0.0,1.7,1
38.0,64.0,58.0,201.0,0.0,0.3,0
49.0,50.0,129.0,174.0,0.0,1.1,0
67.0,69.0,95.0,151.0,0.0,0.3,0
57.0,85.0,140.0,154.0,0.0,2.2,1
43.0,39.0,96.0,168.0,0.0,0.8,0
50.0,38.0,126.0,144.0,0.0,0.9,0
42.0,73.0,117.0,190.0,0.0,0.6,0
35.0,46.0,58.0,168.0,0.0,0.2,0
58.0,38.0,120.0,146.0,0.0,0.3,0
37.0,53.0,116.0,209.0,0.0,0.1,0
52.0,49.0,114.0,143.0,0.0,1.1,1
41.0,57.0,49.0,194.0,0.0,0.8,0
59.0,61.0,90.0,142.0,0.0,0.1,0
49.0,53.0,97.0,153.0,0.0,1.1,0
50.0,65.0,98.0,162.0,1.0,0.5,1
34.0,66.0,83.0,184.0,0.0,1.4,0
56.0,35.0,96.0,143.0,1.0,1.8,0
48.0,46.0,117.0,197.0,0.0,0.1,0
43.0,64.0,82.0,168.0,0.0,1.3,0
59.0,48.0,136.0,137.0,0.0,1.4,1
65.0,65.0,94.0,157.0,0.0,1.7,0
75.0,87.0,105.0,125.0,0.0,3.3,1
56.0,52.0,108.0,181.0,0.0,0.5,0
56.0,54.0,116.0,152.0,0.0,0.3,0
41.0,41.0,105.0,150.0,0.0,1.0,1
45.0,83.0,86.0,173.0,0.0,0.5,0
68.0,53.0,106.0,177.0,0.0,0.2,0
48.0,52.0,136.0,176.0,1.0,0.6,1
77.0,52.0,64.0,151.0,0.0,1.7,0
37.0,82.0,117.0,175.0,0.0,0.2,0
52.0,67.0,102.0,173.0,1.0,0.8,0
51.0,68.0,53.0,162.0,0.0,2.0,0
45.0,52.0,123.0,157.0,0.0,0.7,1
50.0,46.0,83.0,155.0,0.0,0.7,0
51.0,60.0,97.0,134.0,0.0,0.8,1
56.0,53.0,118.0,169.0,0.0,0.5,0
53.0,46.0,112.0,163.0,0.0,2.7,1
67.0,45.0,97.0,166.0,0.0,0.9,0
86.0,62.0,115.0,119.0,1.0,0.8,1
63.0,53.0,104.0,160.0,0.0,0.8,0
59.0,49.0,112.0,164.0,1.0,0.9,1
41.0,80.0,90.0,191.0,0.0,1.2,0
47.0,45.0,134.0,171.0,1.0,0.8,1
32.0,46.0,86.0,177.0,1.0,1.4,0
60.0,63.0,99.0,151.0,0.0,1.5,0
35.0,68.0,67.0,182.0,0.0,1.3,0
63.0,36.0,133.0,128.0,0.0,3.7,1
44.0,44.0,123.0,199.0,1.0,1.1,0
59.0,57.0,121.0,169.0,0.0,0.0,0
61.0,35.0,114.0,137.0,1.0,3.9,1
29.0,50.0,88.0,200.0,0.0,0.4,0
44.0,59.0,106.0,172.0,0.0,0.8,0
59.0,57.0,110.0,163.0,0.0,0.1,0
60.0,74.0,119.0,168.0,0.0,0.8,0
64.0,60.0,102.0,175.0,0.0,1.2,0
50.0,46.0,99.0,172.0,1.0,0.4,0
53.0,45.0,87.0,207.0,0.0,0.3,0
77.0,57.0,118.0,153.0,0.0,1.3,0
57.0,55.0,85.0,166.0,0.0,2.5,0
65.0,21.0,152.0,126.0,1.0,2.3,1
51.0,55.0,93.0,171.0,0.0,0.1,0
34.0,42.0,113.0,182.0,1.0,1.9,1
60.0,32.0,125.0,140.0,0.0,2.4,1
61.0,42.0,132.0,140.0,0.0,1.2,1
66.0,57.0,102.0,136.0,0.0,0.6,1
42.0,43.0,102.0,167.0,0.0,1.6,1
45.0,60.0,115.0,156.0,0.0,1.9,0
26.0,67.0,71.0,210.0,0.0,1.3,0
61.0,41.0,111.0,142.0,0.0,0.8,0
65.0,68.0,127.0,173.0,0.0,0.6,0
45.0,30.0,67.0,181.0,0.0,0.6,0
48.0,51.0,81.0,186.0,0.0,1.5,0
51.0,52.0,116.0,179.0,0.0,1.4,0
75.0,80.0,115.0,152.0,0.0,0.2,0
66.0,54.0,106.0,125.0,1.0,0.4,1
69.0,41.0,99.0,131.0,1.0,1.4,1
52.0,37.0,136.0,151.0,0.0,0.9,1
48.0,41.0,112.0,150.0,1.0,1.5,1
68.0,45.0,92.0,118.0,1.0,0.4,1
32.0,45.0,89.0,164.0,0.0,0.2,0
61.0,72.0,77.0,170.0,0.0,0.6,0
37.0,78.0,87.0,171.0,0.0,2.3,0
64.0,67.0,89.0,112.0,1.0,1.1,1
61.0,53.0,129.0,160.0,0.0,1.0,0
42.0,45.0,120.0,188.0,0.0,1.3,0
57.0,58.0,126.0,178.0,0.0,0.4,0
39.0,45.0,102.0,194.0,0.0,1.1,0
40.0,59.0,116.0,192.0,0.0,1.9,0
49.0,47.0,87.0,146.0,0.0,0.8,0
44.0,74.0,90.0,189.0,0.0,0.6,0
67.0,68.0,106.0,129.0,1.0,1.4,1
81.0,62.0,125.0,139.0,0.0,0.8,0
54.0,67.0,89.0,168.0,0.0,1.0,0
54.0,75.0,135.0,167.0,0.0,0.6,0
64.0,47.0,44.0,164.0,0.0,0.9,0
50.0,64.0,112.0,178.0,0.0,1.4,0
60.0,35.0,117.0,162.0,0.0,1.2,1
29.0,68.0,96.0,203.0,0.0,2.5,0
45.0,57.0,87.0,208.0,0.0,0.7,0
34.0,78.0,129.0,186.0,0.0,0.2,0
29.0,44.0,99.0,166.0,0.0,1.5,0
66.0,58.0,129.0,125.0,0.0,0.3,1
50.0,62.0,67.0,153.0,0.0,1.0,0
74.0,78.0,96.0,144.0,0.0,0.1,0
73.0,50.0,89.0,136.0,1.0,1.3,1
53.0,34.0,96.0,145.0,1.0,0.6,1
48.0,64.0,93.0,173.0,0.0,1.4,0
44.0,61.0,54.0,179.0,0.0,0.5,0
22.0,32.0,95.0,154.0,0.0,0.5,1
47.0,57.0,125.0,169.0,0.0,0.9,0
50.0,61.0,122.0,176.0,0.0,1.6,0
45.0,62.0,84.0,188.0,0.0,2.6,0
41.0,42.0,51.0,177.0,0.0,0.6,0
53.0,85.0,102.0,170.0,0.0,0.6,0
49.0,76.0,104.0,162.0,0.0,0.5,0
56.0,62.0,97.0,191.0,0.0,1.2,0
41.0,48.0,126.0,185.0,0.0,0.0,0
78.0,61.0,148.0,131.0,0.0,0.1,1
61.0,56.0,110.0,167.0,0.0,0.6,0
52.0,48.0,124.0,168.0,0.0,0.6,1
44.0,51.0,132.0,188.0,0.0,1.1,0
41.0,48.0,116.0,172.0,0.0,0.9,0
64.0,61.0,119.0,150.0,0.0,0.8,0
48.0,66.0,94.0,196.0,0.0,0.8,0
54.0,47.0,119.0,148.0,1.0,1.2,1
59.0,57.0,107.0,171.0,0.0,0.6,0
47.0,50.0,92.0,172.0,0.0,1.1,0
57.0,33.0,110.0,147.0,1.0,0.6,1
30.0,76.0,90.0,187.0,0.0,0.9,0
41.0,63.0,99.0,162.0,0.0,0.1,0
29.0,27.0,65.0,202.0,0.0,0.1,0
48.0,85.0,137.0,178.0,0.0,0.6,0
48.0,56.0,110.0,183.0,0.0,1.1,0
76.0,36.0,68.0,143.0,1.0,1.0,1
43.0,53.0,107.0,144.0,1.0,1.6,1
56.0,30.0,104.0,166.0,0.0,0.8,0
59.0,36.0,127.0,153.0,0.0,1.4,1
72.0,55.0,111.0,138.0,0.0,0.2,0
59.0,66.0,74.0,160.0,0.0,0.5,0
63.0,72.0,104.0,161.0,0.0,1.4,0
77.0,52.0,130.0,131.0,0.0,0.9,1
32.0,49.0,108.0,190.0,1.0,1.5,1
46.0,58.0,106.0,177.0,0.0,2.8,0
49.0,75.0,78.0,182.0,1.0,1.8,0
53.0,66.0,117.0,160.0,0.0,1.1,0
45.0,50.0,121.0,194.0,0.0,0.5,0
67.0,54.0,35.0,138.0,0.0,1.1,0
45.0,46.0,106.0,165.0,0.0,0.1,0
45.0,41.0,113.0,181.0,0.0,0.2,0
59.0,64.0,94.0,156.0,0.0,0.3,0
44.0,60.0,99.0,176.0,0.0,1.3,0
40.0,51.0,93.0,186.0,0.0,1.1,0
37.0,78.0,64.0,197.0,0.0,0.2,0
52.0,52.0,65.0,171.0,0.0,0.3,0
67.0,73.0,116.0,134.0,1.0,4.6,1
64.0,49.0,85.0,144.0,1.0,0.5,1
59.0,69.0,108.0,157.0,0.0,0.6,0
55.0,55.0,99.0,144.0,0.0,1.1,0
46.0,54.0,113.0,173.0,0.0,0.5,0
52.0,61.0,56.0,189.0,1.0,0.4,0
37.0,87.0,54.0,209.0,0.0,3.0,0
55.0,62.0,113.0,156.0,1.0,4.7,1
66.0,64.0,84.0,175.0,0.0,1.1,0
32.0,48.0,158.0,165.0,0.0,0.4,0
70.0,60.0,89.0,114.0,1.0,1.4,1
25.0,51.0,81.0,194.0,0.0,1.0,0
43.0,73.0,85.0,183.0,0.0,0.9,0
39.0,55.0,108.0,188.0,0.0,0.4,0
44.0,60.0,81.0,147.0,0.0,0.8,0
49.0,48.0,86.0,189.0,0.0,3.0,0
70.0,25.0,112.0,141.0,1.0,1.0,1
40.0,41.0,121.0,164.0,0.0,0.5,0
41.0,43.0,110.0,178.0,0.0,0.1,0
44.0,43.0,73.0,164.0,0.0,0.1,1
46.0,73.0,35.0,160.0,0.0,0.0,0
45.0,44.0,90.0,181.0,0.0,0.0,0
36.0,60.0,53.0,196.0,1.0,0.5,0
56.0,38.0,84.0,180.0,0.0,1.5,0
51.0,32.0,109.0,143.0,1.0,2.4,1
66.0,52.0,87.0,140.0,0.0,2.3,1
69.0,54.0,117.0,166.0,0.0,0.3,0
33.0,57.0,60.0,210.0,0.0,2.7,0
74.0,56.0,114.0,149.0,0.0,1.2,0
60.0,34.0,136.0,130.0,0.0,0.5,1
70.0,64.0,80.0,172.0,0.0,0.8,0
52.0,74.0,119.0,167.0,0.0,0.7,0
62.0,48.0,113.0,128.0,0.0,2.7,1
61.0,61.0,120.0,149.0,1.0,0.2,0
71.0,59.0,109.0,113.0,1.0,0.0,1
45.0,73.0,79.0,188.0,0.0,0.1,0
45.0,67.0,60.0,171.0,0.0,0.9,0
50.0,50.0,67.0,177.0,0.0,1.0,0
71.0,45.0,130.0,129.0,1.0,1.1,1
73.0,68.0,129.0,147.0,0.0,1.1,0
39.0,44.0,80.0,163.0,0.0,0.3,0
60.0,66.0,65.0,138.0,0.0,0.4,1
53.0,69.0,74.0,164.0,0.0,2.9,0
50.0,47.0,78.0,168.0,0.0,0.6,0
60.0,66.0,94.0,135.0,1.0,0.2,0
78.0,52.0,104.0,139.0,1.0,0.3,1
61.0,60.0,134.0,131.0,1.0,0.8,1
48.0,45.0,131.0,156.0,1.0,0.1,1
45.0,44.0,139.0,165.0,0.0,4.2,1
60.0,41.0,108.0,155.0,0.0,4.7,1
57.0,31.0,110.0,148.0,1.0,1.1,1
68.0,59.0,83.0,153.0,0.0,0.5,0
72.0,61.0,113.0,121.0,0.0,4.7,1
57.0,43.0,123.0,143.0,1.0,1.3,1
62.0,51.0,69.0,166.0,0.0,0.5,0
76.0,61.0,124.0,158.0,0.0,2.0,0
71.0,74.0,55.0,152.0,0.0,0.9,0
42.0,38.0,113.0,165.0,0.0,1.8,0
35.0,37.0,112.0,194.0,0.0,0.4,0
36.0,76.0,134.0,197.0,1.0,1.0,0
31.0,66.0,91.0,186.0,0.0,0.2,0
59.0,48.0,98.0,158.0,0.0,1.2,0
38.0,53.0,148.0,181.0,1.0,0.3,0
63.0,64.0,74.0,171.0,1.0,0.3,0
43.0,48.0,96.0,171.0,0.0,0.3,0
66.0,40.0,157.0,150.0,1.0,1.1,1
62.0,58.0,83.0,159.0,0.0,0.6,0
56.0,51.0,94.0,161.0,0.0,1.0,0
60.0,45.0,135.0,141.0,0.0,0.9,1
37.0,67.0,140.0,182.0,0.0,0.2,0
22.0,71.0,95.0,196.0,0.0,2.7,0
46.0,39.0,144.0,173.0,1.0,1.4,1
59.0,53.0,92.0,162.0,0.0,0.2,0
37.0,46.0,113.0,152.0,1.0,0.8,1
62.0,70.0,129.0,162.0,0.0,2.1,0
61.0,59.0,144.0,167.0,0.0,0.7,0
55.0,36.0,98.0,159.0,0.0,0.4,0
57.0,68.0,123.0,173.0,1.0,0.3,0
52.0,43.0,75.0,157.0,0.0,1.3,0
55.0,47.0,149.0,146.0,1.0,3.6,1
37.0,58.0,122.0,201.0,0.0,0.6,0
67.0,71.0,136.0,160.0,0.0,0.3,0
58.0,63.0,123.0,161.0,1.0,1.6,1
60.0,57.0,87.0,152.0,0.0,0.2,1
44.0,67.0,79.0,183.0,1.0,0.3,0
34.0,64.0,56.0,208.0,0.0,0.7,0
69.0,41.0,113.0,136.0,1.0,0.6,1
34.0,41.0,121.0,189.0,0.0,0.7,0
49.0,46.0,136.0,172.0,0.0,0.1,1
52.0,58.0,102.0,184.0,1.0,0.6,0
57.0,57.0,116.0,155.0,0.0,1.8,0
58.0,45.0,106.0,150.0,0.0,0.4,0
53.0,56.0,132.0,166.0,0.0,0.0,0
35.0,55.0,100.0,199.0,0.0,0.1,0
50.0,29.0,132.0,177.0,1.0,0.5,0
52.0,65.0,136.0,153.0,0.0,0.2,0
60.0,83.0,144.0,165.0,0.0,1.2,0
56.0,57.0,114.0,149.0,0.0,0.8,0
68.0,35.0,173.0,118.0,0.0,0.1,1
64.0,52.0,133.0,163.0,0.0,0.2,0
37.0,47.0,133.0,199.0,0.0,2.7,0
54.0,71.0,83.0,165.0,0.0,1.1,0
59.0,35.0,121.0,152.0,0.0,0.7,1
47.0,43.0,109.0,177.0,0.0,0.4,0
73.0,62.0,77.0,160.0,0.0,1.6,0
46.0,53.0,67.0,193.0,0.0,1.3,0
37.0,43.0,108.0,201.0,0.0,0.1,0
30.0,62.0,81.0,191.0,0.0,0.2,0
47.0,53.0,95.0,187.0,0.0,0.3,0
47.0,49.0,112.0,179.0,0.0,0.1,0
48.0,63.0,137.0,157.0,1.0,0.8,1
25.0,50.0,68.0,195.0,0.0,0.6,0
54.0,39.0,113.0,153.0,1.0,0.3,1
68.0,45.0,91.0,150.0,0.0,1.3,1
45.0,75.0,93.0,188.0,0.0,0.4,0
61.0,45.0,118.0,161.0,0.0,0.1,0
46.0,28.0,98.0,170.0,0.0,0.3,1
43.0,45.0,128.0,194.0,1.0,1.2,0
71.0,47.0,92.0,153.0,0.0,0.3,0
63.0,48.0,159.0,124.0,1.0,0.2,1
65.0,58.0,143.0,145.0,1.0,0.4,1
84.0,46.0,109.0,128.0,0.0,0.8,1
54.0,66.0,152.0,150.0,1.0,0.4,0
54.0,64.0,160.0,151.0,1.0,0.9,1
56.0,58.0,72.0,165.0,0.0,1.8,0
73.0,60.0,67.0,148.0,0.0,1.9,0
66.0,63.0,85.0,143.0,0.0,0.1,0
42.0,38.0,92.0,199.0,1.0,1.0,0
43.0,36.0,80.0,191.0,0.0,1.0,0
59.0,65.0,119.0,178.0,0.0,0.6,0
61.0,39.0,110.0,159.0,1.0,0.2,0
60.0,51.0,92.0,169.0,0.0,0.4,0
61.0,64.0,129.0,147.0,0.0,1.4,1
52.0,49.0,95.0,173.0,0.0,0.2,0
62.0,60.0,82.0,151.0,0.0,2.3,0
62.0,26.0,107.0,148.0,0.0,2.1,1
42.0,64.0,100.0,195.0,0.0,0.5,0
38.0,30.0,94.0,197.0,0.0,0.0,0
57.0,61.0,92.0,157.0,0.0,0.2,0
49.0,64.0,55.0,195.0,0.0,0.1,0
35.0,48.0,83.0,182.0,0.0,0.7,0
64.0,50.0,140.0,148.0,1.0,0.6,1
59.0,75.0,143.0,187.0,0.0,1.5,0
72.0,26.0,123.0,124.0,0.0,0.7,1
53.0,75.0,55.0,163.0,0.0,0.3,0
55.0,29.0,102.0,137.0,0.0,1.2,1
35.0,73.0,86.0,202.0,0.0,0.7,0
72.0,50.0,136.0,125.0,0.0,1.4,1
62.0,60.0,121.0,165.0,0.0,1.5,1
66.0,64.0,56.0,156.0,0.0,0.4,0
51.0,62.0,130.0,200.0,0.0,0.1,0
53.0,36.0,100.0,171.0,1.0,1.2,1
58.0,40.0,132.0,144.0,1.0,2.1,1
44.0,57.0,98.0,168.0,0.0,0.3,0
44.0,51.0,142.0,203.0,0.0,0.8,0
80.0,42.0,150.0,124.0,1.0,1.5,1
58.0,69.0,109.0,174.0,0.0,0.4,0
45.0,39.0,85.0,143.0,1.0,1.4,1
35.0,41.0,116.0,189.0,0.0,0.3,0
39.0,59.0,124.0,179.0,0.0,0.1,0
58.0,33.0,145.0,157.0,0.0,0.1,1
41.0,53.0,118.0,195.0,0.0,0.3,0
40.0,53.0,80.0,188.0,0.0,0.5,0
51.0,43.0,98.0,163.0,0.0,0.3,0
59.0,40.0,103.0,141.0,1.0,6.5,1
71.0,40.0,107.0,127.0,0.0,0.5,1
43.0,41.0,72.0,192.0,0.0,0.7,0
45.0,55.0,112.0,172.0,0.0,0.5,0
59.0,46.0,103.0,145.0,1.0,1.2,1
47.0,50.0,149.0,169.0,0.0,2.7,1
65.0,40.0,123.0,176.0,0.0,0.3,0
48.0,44.0,116.0,146.0,1.0,1.9,1
36.0,31.0,77.0,179.0,1.0,0.2,0
45.0,52.0,101.0,178.0,0.0,0.1,0
34.0,39.0,99.0,184.0,0.0,0.3,0
47.0,68.0,99.0,159.0,0.0,0.3,0
60.0,36.0,96.0,155.0,0.0,0.1,0
54.0,47.0,136.0,210.0,1.0,2.0,0
52.0,65.0,138.0,187.0,0.0,0.5,0
37.0,42.0,88.0,169.0,1.0,0.1,0
44.0,48.0,110.0,195.0,0.0,1.6,0
49.0,56.0,115.0,178.0,0.0,1.5,1
57.0,76.0,140.0,161.0,0.0,1.3,0
87.0,63.0,99.0,142.0,0.0,0.4,0
45.0,61.0,122.0,172.0,0.0,0.1,0
66.0,67.0,93.0,145.0,0.0,0.6,0
39.0,55.0,64.0,173.0,0.0,0.3,1
40.0,45.0,83.0,182.0,0.0,0.7,0
28.0,55.0,60.0,210.0,0.0,0.5,0
43.0,61.0,142.0,141.0,1.0,0.7,1
67.0,40.0,118.0,144.0,0.0,0.3,0
53.0,60.0,128.0,156.0,0.0,0.9,1
69.0,49.0,90.0,137.0,0.0,0.2,1
47.0,53.0,82.0,178.0,0.0,0.8,0
67.0,59.0,111.0,154.0,0.0,1.8,0
46.0,43.0,128.0,169.0,0.0,2.4,1
65.0,74.0,65.0,164.0,0.0,0.7,0
75.0,43.0,116.0,172.0,1.0,0.9,1
51.0,37.0,111.0,147.0,0.0,1.9,1
36.0,61.0,92.0,182.0,0.0,1.6,0
77.0,60.0,90.0,144.0,0.0,0.8,1
42.0,75.0,57.0,206.0,0.0,0.3,0
46.0,61.0,123.0,171.0,1.0,0.8,1
50.0,58.0,127.0,162.0,1.0,0.3,1
65.0,32.0,114.0,158.0,1.0,0.4,1
63.0,59.0,113.0,151.0,0.0,0.8,0
62.0,61.0,111.0,151.0,0.0,1.7,1
50.0,44.0,149.0,155.0,0.0,0.3,1
51.0,54.0,155.0,152.0,0.0,1.6,0
64.0,74.0,112.0,162.0,0.0,2.3,0
75.0,33.0,89.0,146.0,0.0,0.5,0
37.0,36.0,132.0,188.0,0.0,0.1,0
70.0,67.0,87.0,147.0,0.0,1.0,0
66.0,62.0,102.0,172.0,1.0,0.9,0
62.0,55.0,99.0,151.0,0.0,2.3,1
45.0,56.0,117.0,189.0,0.0,0.2,0
55.0,42.0,126.0,204.0,0.0,0.5,0
59.0,62.0,97.0,190.0,0.0,0.9,0
46.0,70.0,103.0,174.0,0.0,0.4,0
69.0,55.0,38.0,157.0,0.0,0.2,0
48.0,61.0,124.0,176.0,0.0,0.5,1
74.0,33.0,112.0,127.0,0.0,1.5,1
34.0,77.0,43.0,196.0,0.0,0.4,0
36.0,69.0,107.0,199.0,0.0,0.4,0
29.0,66.0,67.0,210.0,0.0,1.3,0
63.0,62.0,77.0,165.0,0.0,0.1,0
42.0,56.0,71.0,157.0,0.0,0.4,1
43.0,69.0,105.0,178.0,0.0,0.4,0
66.0,46.0,74.0,155.0,0.0,0.4,0
77.0,57.0,134.0,154.0,1.0,0.4,0
44.0,65.0,140.0,181.0,0.0,0.5,0
72.0,59.0,133.0,159.0,0.0,0.8,0
61.0,49.0,148.0,162.0,0.0,0.1,1
54.0,57.0,100.0,146.0,0.0,0.7,1
38.0,49.0,91.0,182.0,0.0,0.8,0
36.0,83.0,122.0,177.0,0.0,1.1,0
55.0,63.0,91.0,167.0,0.0,0.2,0
56.0,62.0,130.0,157.0,0.0,5.8,1
45.0,67.0,149.0,206.0,0.0,1.2,0
41.0,73.0,44.0,161.0,1.0,0.8,0
37.0,44.0,76.0,195.0,0.0,0.5,0
58.0,55.0,92.0,138.0,0.0,4.4,1
63.0,65.0,106.0,155.0,0.0,0.7,0
63.0,48.0,107.0,155.0,0.0,0.3,0
62.0,61.0,142.0,168.0,0.0,0.7,0
47.0,77.0,98.0,195.0,0.0,1.5,0
75.0,41.0,118.0,128.0,1.0,1.5,1
41.0,61.0,119.0,174.0,0.0,0.9,0
61.0,86.0,105.0,175.0,0.0,0.3,0
49.0,55.0,72.0,182.0,0.0,0.0,0
39.0,43.0,97.0,205.0,0.0,3.0,0
45.0,55.0,107.0,177.0,0.0,0.8,0
61.0,44.0,62.0,160.0,0.0,1.5,0
68.0,66.0,88.0,159.0,0.0,2.7,1
58.0,63.0,79.0,172.0,1.0,0.6,0
18.0,82.0,75.0,205.0,0.0,0.6,0
63.0,37.0,74.0,170.0,0.0,1.3,0
26.0,46.0,102.0,208.0,0.0,0.7,0
79.0,34.0,94.0,126.0,1.0,2.6,1
57.0,52.0,159.0,131.0,1.0,0.3,1
56.0,33.0,111.0,128.0,1.0,3.0,1
67.0,43.0,115.0,151.0,0.0,0.2,0
50.0,52.0,141.0,159.0,0.0,1.2,0
51.0,45.0,130.0,155.0,1.0,1.1,1
49.0,55.0,114.0,148.0,0.0,0.5,1
56.0,40.0,102.0,169.0,0.0,0.9,0
55.0,41.0,120.0,176.0,0.0,0.1,0
57.0,75.0,82.0,146.0,1.0,0.5,1
18.0,38.0,78.0,210.0,0.0,2.0,0
53.0,52.0,57.0,169.0,0.0,0.2,0
33.0,65.0,94.0,204.0,0.0,0.9,0
89.0,42.0,56.0,146.0,0.0,0.2,0
64.0,59.0,133.0,166.0,0.0,0.2,0
66.0,75.0,124.0,149.0,0.0,0.1,0
60.0,55.0,158.0,155.0,0.0,2.0,1
63.0,55.0,111.0,164.0,0.0,1.1,0
42.0,45.0,35.0,178.0,0.0,1.0,0
64.0,37.0,129.0,143.0,1.0,1.2,1
65.0,73.0,87.0,166.0,0.0,1.5,0
56.0,61.0,87.0,190.0,0.0,1.6,0
64.0,61.0,124.0,129.0,0.0,2.5,1
68.0,67.0,115.0,150.0,0.0,1.7,0
54.0,47.0,63.0,151.0,0.0,0.3,0
39.0,71.0,83.0,185.0,0.0,0.8,0
65.0,41.0,136.0,163.0,0.0,1.2,0
74.0,42.0,144.0,156.0,0.0,1.5,1
38.0,57.0,40.0,197.0,0.0,0.2,0
69.0,62.0,119.0,119.0,0.0,0.5,1
57.0,61.0,139.0,148.0,1.0,4.7,1
62.0,60.0,45.0,181.0,0.0,0.8,0
65.0,50.0,134.0,166.0,0.0,0.9,0
40.0,52.0,67.0,162.0,0.0,2.2,1
58.0,49.0,111.0,173.0,0.0,0.2,0
67.0,55.0,86.0,161.0,0.0,0.3,0
73.0,30.0,143.0,133.0,0.0,1.1,1
65.0,34.0,154.0,147.0,1.0,2.5,1
42.0,57.0,58.0,181.0,0.0,1.6,0
57.0,68.0,128.0,149.0,0.0,0.5,1
51.0,46.0,118.0,168.0,1.0,1.6,0
55.0,77.0,140.0,174.0,0.0,0.4,0
69.0,72.0,63.0,174.0,0.0,1.4,0
36.0,48.0,82.0,210.0,1.0,0.1,0
61.0,68.0,112.0,176.0,0.0,0.6,0
60.0,66.0,58.0,171.0,0.0,0.1,0
41.0,49.0,136.0,184.0,1.0,1.1,0
69.0,78.0,155.0,143.0,1.0,0.8,1
46.0,76.0,129.0,190.0,1.0,0.2,0
55.0,71.0,87.0,183.0,0.0,0.9,0
20.0,55.0,121.0,198.0,0.0,1.3,0
69.0,66.0,141.0,159.0,0.0,0.5,0
50.0,38.0,54.0,150.0,1.0,3.0,1
50.0,48.0,134.0,147.0,0.0,1.4,1
73.0,53.0,106.0,141.0,1.0,0.5,1
29.0,69.0,87.0,176.0,0.0,0.7,0
65.0,57.0,149.0,135.0,0.0,6.5,1
68.0,49.0,129.0,154.0,0.0,2.5,0
28.0,42.0,83.0,205.0,0.0,0.1,0
57.0,32.0,92.0,169.0,1.0,2.4,0
49.0,58.0,129.0,153.0,1.0,3.0,1
40.0,71.0,121.0,199.0,0.0,0.9,0
37.0,77.0,136.0,172.0,0.0,0.8,0
64.0,51.0,72.0,163.0,0.0,0.2,0
69.0,30.0,94.0,124.0,0.0,0.8,1
39.0,64.0,70.0,188.0,0.0,0.5,0
42.0,49.0,96.0,174.0,0.0,0.0,0
65.0,61.0,110.0,146.0,1.0,0.3,1
86.0,68.0,133.0,115.0,1.0,0.6,1
34.0,58.0,65.0,201.0,0.0,0.9,0
35.0,56.0,73.0,193.0,1.0,0.7,0
40.0,62.0,88.0,167.0,0.0,2.9,1
40.0,77.0,61.0,172.0,0.0,0.5,0
69.0,55.0,111.0,157.0,0.0,0.6,0
40.0,71.0,122.0,185.0,0.0,1.0,0
84.0,58.0,177.0,111.0,1.0,1.2,1
60.0,66.0,158.0,171.0,1.0,0.8,0
68.0,56.0,118.0,136.0,0.0,1.4,1
62.0,71.0,111.0,151.0,0.0,1.2,0
40.0,41.0,71.0,206.0,0.0,2.7,0
36.0,60.0,131.0,187.0,0.0,0.2,0
67.0,64.0,129.0,124.0,1.0,0.1,1
70.0,59.0,85.0,147.0,0.0,0.9,0
60.0,57.0,134.0,160.0,0.0,0.5,0
54.0,51.0,128.0,156.0,0.0,1.2,1
55.0,54.0,95.0,176.0,0.0,0.3,0
57.0,51.0,54.0,175.0,1.0,1.3,0
36.0,46.0,119.0,210.0,1.0,0.0,0
55.0,58.0,68.0,162.0,0.0,0.8,0
54.0,47.0,84.0,160.0,0.0,0.5,0
30.0,59.0,47.0,190.0,0.0,1.3,0
18.0,56.0,134.0,199.0,0.0,0.3,0
51.0,42.0,94.0,140.0,0.0,0.9,1
27.0,73.0,65.0,181.0,0.0,1.0,0
23.0,71.0,74.0,209.0,0.0,0.1,0
31.0,54.0,83.0,189.0,0.0,0.8,0
57.0,63.0,103.0,162.0,0.0,1.4,0
53.0,41.0,111.0,139.0,0.0,0.2,1
55.0,55.0,123.0,176.0,0.0,1.2,0
77.0,52.0,73.0,147.0,0.0,2.6,0
61.0,40.0,176.0,151.0,0.0,0.4,0
75.0,65.0,89.0,124.0,0.0,1.1,0
57.0,28.0,83.0,154.0,0.0,0.2,1
68.0,53.0,118.0,134.0,0.0,2.9,1
75.0,48.0,84.0,155.0,0.0,0.9,0
81.0,50.0,134.0,127.0,0.0,1.1,1
51.0,41.0,95.0,160.0,0.0,0.3,1
38.0,66.0,116.0,193.0,0.0,0.6,0
55.0,56.0,72.0,150.0,0.0,2.9,1
72.0,34.0,88.0,137.0,0.0,0.4,1
75.0,61.0,97.0,160.0,0.0,0.2,0
56.0,36.0,124.0,131.0,1.0,0.5,1
59.0,54.0,70.0,174.0,0.0,0.2,0
75.0,76.0,80.0,146.0,0.0,0.2,0
56.0,42.0,80.0,176.0,0.0,0.5,0
63.0,55.0,103.0,151.0,1.0,0.0,0
67.0,51.0,103.0,181.0,0.0,0.5,0
51.0,36.0,73.0,192.0,0.0,0.1,0
43.0,73.0,54.0,190.0,0.0,0.4,0
87.0,54.0,92.0,115.0,0.0,1.3,1
46.0,37.0,107.0,187.0,1.0,1.1,0
40.0,64.0,60.0,192.0,0.0,0.7,0
51.0,50.0,89.0,168.0,0.0,0.5,0
56.0,41.0,127.0,167.0,0.0,1.9,0
58.0,63.0,125.0,165.0,1.0,1.2,1
50.0,63.0,98.0,194.0,0.0,0.9,0
61.0,66.0,115.0,177.0,1.0,2.0,1
77.0,66.0,110.0,168.0,0.0,1.5,0
50.0,65.0,61.0,176.0,0.0,0.3,0
55.0,67.0,77.0,148.0,0.0,0.4,0
73.0,59.0,111.0,132.0,0.0,0.7,1
40.0,43.0,81.0,188.0,1.0,1.8,0
38.0,55.0,104.0,187.0,0.0,0.1,0
45.0,44.0,113.0,163.0,0.0,0.5,0
52.0,61.0,134.0,165.0,0.0,1.2,0
66.0,69.0,96.0,150.0,0.0,0.2,0
32.0,54.0,69.0,184.0,0.0,0.0,0
45.0,57.0,116.0,186.0,0.0,0.2,0
39.0,63.0,131.0,192.0,0.0,1.0,0
33.0,43.0,86.0,166.0,0.0,1.9,1
37.0,65.0,120.0,189.0,0.0,2.9,0
64.0,63.0,110.0,156.0,0.0,1.1,0
55.0,58.0,113.0,167.0,0.0,0.1,0
56.0,30.0,106.0,171.0,1.0,0.1,0
62.0,57.0,118.0,140.0,0.0,1.2,0
60.0,57.0,127.0,172.0,0.0,3.6,0
60.0,37.0,83.0,169.0,1.0,0.1,1
80.0,38.0,104.0,123.0,1.0,0.1,1
63.0,63.0,163.0,128.0,1.0,1.5,1
18.0,57.0,68.0,209.0,0.0,0.5,0
62.0,80.0,104.0,152.0,0.0,1.1,0
67.0,50.0,44.0,170.0,1.0,0.6,0
61.0,63.0,107.0,145.0,0.0,0.1,1
46.0,44.0,104.0,190.0,0.0,0.2,0
40.0,67.0,90.0,164.0,0.0,0.5,0
55.0,46.0,122.0,153.0,0.0,1.2,1
63.0,61.0,111.0,118.0,1.0,1.3,1
66.0,47.0,75.0,147.0,0.0,0.1,0
29.0,61.0,93.0,210.0,0.0,1.2,0
59.0,31.0,144.0,151.0,0.0,0.8,1
71.0,40.0,109.0,141.0,1.0,0.0,1
64.0,68.0,125.0,155.0,0.0,0.2,0
89.0,41.0,149.0,120.0,0.0,0.1,1
45.0,64.0,106.0,171.0,0.0,0.7,0
38.0,42.0,99.0,193.0,0.0,0.5,0
66.0,60.0,73.0,169.0,0.0,0.2,0
74.0,74.0,159.0,130.0,0.0,0.2,1
40.0,57.0,71.0,183.0,0.0,1.4,0
55.0,56.0,109.0,165.0,0.0,0.9,0
57.0,56.0,50.0,167.0,0.0,0.1,0
60.0,71.0,107.0,157.0,0.0,3.7,0
71.0,49.0,121.0,116.0,1.0,1.9,1
86.0,52.0,131.0,120.0,0.0,1.3,1
46.0,51.0,108.0,169.0,0.0,0.1,0
50.0,46.0,84.0,174.0,0.0,1.5,0
34.0,47.0,60.0,199.0,0.0,2.8,0
65.0,61.0,81.0,153.0,0.0,0.5,0
39.0,40.0,46.0,187.0,0.0,0.3,0
56.0,60.0,68.0,166.0,0.0,0.1,0
60.0,45.0,130.0,157.0,1.0,2.6,1
72.0,75.0,135.0,154.0,0.0,1.2,0
53.0,71.0,80.0,177.0,0.0,0.1,0
47.0,52.0,37.0,173.0,0.0,0.4,0
45.0,74.0,94.0,186.0,0.0,0.2,0
67.0,66.0,102.0,154.0,0.0,0.7,1
49.0,62.0,51.0,182.0,0.0,0.0,0
55.0,66.0,98.0,186.0,0.0,0.9,0
64.0,74.0,115.0,135.0,1.0,0.1,0
72.0,63.0,71.0,139.0,0.0,0.5,0
70.0,56.0,91.0,163.0,0.0,0.2,0
35.0,30.0,111.0,186.0,0.0,0.2,0
39.0,52.0,114.0,198.0,0.0,0.1,0
59.0,47.0,111.0,137.0,1.0,3.4,1
62.0,65.0,74.0,162.0,0.0,1.2,0
58.0,56.0,106.0,132.0,0.0,0.7,0
72.0,52.0,121.0,140.0,0.0,0.2,0
75.0,54.0,112.0,138.0,1.0,2.1,1
53.0,53.0,94.0,177.0,0.0,0.1,0
56.0,52.0,109.0,133.0,0.0,3.4,1
69.0,50.0,110.0,122.0,1.0,0.5,1
66.0,55.0,114.0,146.0,0.0,0.4,0
40.0,58.0,113.0,191.0,0.0,1.2,0
37.0,66.0,58.0,183.0,1.0,2.7,0
30.0,60.0,79.0,172.0,0.0,2.3,1
54.0,31.0,129.0,164.0,0.0,0.2,1
46.0,49.0,175.0,166.0,0.0,0.8,0
45.0,69.0,122.0,181.0,0.0,0.8,0
33.0,83.0,74.0,184.0,0.0,0.2,0
53.0,48.0,99.0,149.0,0.0,1.0,1
34.0,58.0,82.0,194.0,0.0,0.2,0
38.0,72.0,105.0,195.0,0.0,0.7,0
49.0,66.0,108.0,178.0,1.0,1.7,1
60.0,56.0,107.0,172.0,0.0,0.4,0
54.0,47.0,143.0,181.0,1.0,1.5,0
63.0,45.0,90.0,153.0,0.0,0.4,0
53.0,38.0,99.0,186.0,0.0,0.5,0
48.0,88.0,84.0,198.0,0.0,0.3,0
49.0,53.0,74.0,153.0,0.0,0.4,0
42.0,44.0,68.0,202.0,0.0,0.3,0
54.0,67.0,101.0,166.0,0.0,1.8,0
69.0,79.0,75.0,143.0,0.0,0.7,0
64.0,56.0,78.0,167.0,0.0,0.5,0
63.0,49.0,152.0,166.0,0.0,0.5,0
59.0,23.0,96.0,148.0,1.0,0.2,1
57.0,59.0,154.0,150.0,0.0,2.4,1
55.0,70.0,130.0,179.0,0.0,0.1,0
39.0,74.0,35.0,189.0,0.0,0.2,0
39.0,67.0,82.0,178.0,0.0,0.3,0
41.0,37.0,91.0,182.0,0.0,0.5,0
66.0,79.0,79.0,173.0,0.0,0.7,0
45.0,47.0,135.0,164.0,1.0,1.9,1
62.0,59.0,117.0,171.0,1.0,0.2,0
39.0,63.0,58.0,200.0,0.0,1.0,0
50.0,66.0,116.0,153.0,0.0,1.9,0
41.0,60.0,98.0,193.0,0.0,0.1,0
63.0,65.0,127.0,158.0,1.0,0.4,1
80.0,78.0,127.0,129.0,1.0,0.4,1
37.0,58.0,59.0,210.0,0.0,2.9,0
58.0,49.0,130.0,151.0,0.0,1.0,1
43.0,62.0,97.0,163.0,0.0,0.6,0
63.0,42.0,140.0,150.0,1.0,1.0,1
76.0,33.0,90.0,144.0,1.0,0.5,1
47.0,69.0,110.0,177.0,0.0,0.6,0
67.0,51.0,134.0,134.0,0.0,2.5,1
52.0,44.0,87.0,143.0,0.0,1.5,1
44.0,43.0,109.0,158.0,1.0,0.2,1
49.0,59.0,55.0,173.0,0.0,0.2,0
69.0,43.0,145.0,162.0,0.0,0.9,0
60.0,43.0,129.0,147.0,0.0,0.8,1
53.0,64.0,150.0,194.0,0.0,0.5,0
52.0,72.0,84.0,151.0,0.0,0.5,1
46.0,55.0,84.0,202.0,0.0,0.1,0
63.0,67.0,115.0,191.0,0.0,0.2,0
83.0,43.0,158.0,103.0,0.0,6.5,1
52.0,61.0,81.0,172.0,0.0,1.0,0
40.0,48.0,150.0,198.0,0.0,0.7,0
59.0,67.0,142.0,151.0,1.0,1.1,1
61.0,38.0,110.0,134.0,0.0,0.4,1
68.0,36.0,116.0,162.0,0.0,0.4,0
38.0,75.0,99.0,209.0,0.0,0.5,0
58.0,51.0,104.0,173.0,0.0,0.3,0
43.0,37.0,37.0,154.0,0.0,0.4,0
72.0,40.0,102.0,137.0,0.0,0.8,1
64.0,43.0,105.0,139.0,1.0,1.7,1
52.0,65.0,98.0,170.0,0.0,0.9,0
38.0,62.0,81.0,184.0,0.0,0.2,0
79.0,70.0,107.0,144.0,0.0,1.6,1
52.0,59.0,126.0,163.0,0.0,0.4,0
66.0,49.0,150.0,137.0,1.0,1.2,1
29.0,46.0,68.0,182.0,0.0,0.8,1
56.0,53.0,70.0,172.0,0.0,0.2,0
64.0,44.0,145.0,153.0,0.0,0.3,0
25.0,53.0,74.0,173.0,0.0,0.3,0
58.0,59.0,45.0,189.0,0.0,0.8,0
71.0,36.0,58.0,172.0,0.0,0.1,0
35.0,50.0,101.0,206.0,1.0,0.9,0
52.0,51.0,163.0,151.0,0.0,0.7,1
49.0,70.0,113.0,171.0,0.0,0.4,0
46.0,40.0,66.0,168.0,1.0,1.5,0
46.0,57.0,112.0,178.0,0.0,1.0,0
42.0,64.0,73.0,159.0,0.0,4.8,1
44.0,51.0,78.0,170.0,1.0,1.5,1
53.0,76.0,147.0,175.0,0.0,1.4,0
55.0,67.0,72.0,160.0,0.0,0.2,0
36.0,56.0,118.0,170.0,1.0,2.4,1
46.0,62.0,129.0,173.0,0.0,0.9,0
55.0,64.0,92.0,174.0,0.0,0.7,0
70.0,51.0,123.0,171.0,0.0,0.6,0
70.0,37.0,74.0,144.0,0.0,0.4,0
54.0,18.0,123.0,133.0,1.0,0.8,1
56.0,53.0,43.0,173.0,0.0,0.6,0
35.0,70.0,72.0,191.0,0.0,0.0,0
55.0,53.0,138.0,161.0,0.0,2.4,1
29.0,45.0,110.0,172.0,1.0,2.1,1
49.0,59.0,83.0,193.0,0.0,2.3,0
37.0,62.0,79.0,170.0,0.0,0.1,0
44.0,65.0,124.0,175.0,0.0,0.1,0
56.0,64.0,133.0,150.0,1.0,1.6,1
57.0,75.0,123.0,190.0,0.0,0.2,0
70.0,50.0,60.0,151.0,0.0,0.4,1
57.0,74.0,82.0,171.0,1.0,0.9,0
47.0,43.0,133.0,183.0,0.0,1.0,0
62.0,47.0,162.0,179.0,0.0,0.9,0
32.0,63.0,81.0,199.0,0.0,0.9,0
76.0,61.0,144.0,123.0,0.0,0.2,1
26.0,52.0,35.0,210.0,0.0,1.4,0
63.0,47.0,118.0,164.0,0.0,0.9,0
61.0,40.0,199.0,157.0,1.0,1.1,1
46.0,54.0,131.0,183.0,0.0,0.6,0
48.0,50.0,119.0,179.0,1.0,2.3,1
34.0,70.0,91.0,210.0,1.0,1.5,0
55.0,46.0,52.0,178.0,0.0,4.3,0
61.0,37.0,79.0,187.0,0.0,0.4,0
47.0,64.0,108.0,165.0,0.0,0.4,0
59.0,62.0,126.0,138.0,0.0,0.9,1
63.0,61.0,110.0,183.0,0.0,0.6,0
44.0,58.0,120.0,168.0,0.0,4.3,1
65.0,30.0,147.0,139.0,0.0,3.7,1
60.0,35.0,100.0,134.0,0.0,0.6,0
55.0,90.0,94.0,178.0,0.0,1.4,0
64.0,69.0,58.0,153.0,1.0,0.1,0
58.0,53.0,85.0,193.0,1.0,1.6,0
44.0,53.0,107.0,168.0,0.0,2.9,1
45.0,56.0,103.0,193.0,0.0,0.6,0
57.0,62.0,114.0,175.0,0.0,0.3,0
68.0,58.0,115.0,180.0,0.0,1.5,0
56.0,63.0,130.0,161.0,0.0,1.4,0
49.0,55.0,101.0,182.0,0.0,0.4,0
54.0,41.0,115.0,163.0,0.0,0.8,0
39.0,60.0,110.0,179.0,0.0,0.3,0
69.0,63.0,104.0,152.0,1.0,1.3,0
72.0,32.0,123.0,131.0,1.0,1.1,1
75.0,65.0,124.0,159.0,0.0,0.4,0
65.0,58.0,113.0,132.0,1.0,3.5,1
45.0,74.0,89.0,173.0,0.0,0.4,0
52.0,30.0,43.0,176.0,1.0,0.7,0
49.0,78.0,97.0,179.0,0.0,0.1,0
59.0,65.0,56.0,157.0,0.0,1.2,0
71.0,45.0,106.0,149.0,0.0,6.5,1
22.0,34.0,100.0,199.0,0.0,0.5,0
59.0,65.0,80.0,158.0,0.0,0.0,0
57.0,62.0,137.0,166.0,0.0,0.3,0
57.0,52.0,98.0,182.0,0.0,0.1,0
62.0,56.0,91.0,153.0,0.0,0.2,0
42.0,66.0,99.0,182.0,0.0,0.7,0
66.0,62.0,117.0,157.0,1.0,4.2,1
58.0,49.0,95.0,188.0,0.0,1.4,0
51.0,46.0,153.0,155.0,1.0,1.8,1
54.0,67.0,88.0,165.0,0.0,0.5,0
48.0,49.0,122.0,172.0,0.0,0.3,0
55.0,50.0,67.0,163.0,0.0,1.9,0
61.0,42.0,129.0,152.0,0.0,0.4,1
37.0,34.0,117.0,173.0,0.0,0.7,0
49.0,38.0,50.0,176.0,1.0,0.7,0
48.0,49.0,119.0,175.0,0.0,1.0,0
53.0,54.0,135.0,185.0,0.0,0.3,0
50.0,47.0,87.0,174.0,1.0,0.8,0
31.0,51.0,86.0,188.0,0.0,1.0,0
60.0,62.0,115.0,148.0,0.0,1.2,0
69.0,30.0,117.0,129.0,1.0,2.5,1
45.0,66.0,119.0,178.0,1.0,1.9,0
56.0,58.0,100.0,165.0,0.0,1.4,0
45.0,68.0,115.0,172.0,0.0,0.1,0
56.0,76.0,180.0,168.0,0.0,2.0,0
51.0,57.0,57.0,179.0,0.0,0.2,0
68.0,44.0,142.0,117.0,1.0,0.1,1
46.0,60.0,65.0,170.0,0.0,1.2,0
62.0,75.0,61.0,157.0,0.0,0.4,0
44.0,55.0,69.0,186.0,0.0,0.2,1
47.0,60.0,85.0,196.0,0.0,0.8,0
55.0,41.0,124.0,157.0,1.0,1.9,1
33.0,48.0,35.0,194.0,0.0,0.5,0
42.0,51.0,165.0,171.0,0.0,0.7,0
64.0,55.0,80.0,137.0,1.0,0.1,1
45.0,58.0,159.0,168.0,0.0,0.4,0
36.0,51.0,117.0,178.0,1.0,0.2,1
35.0,58.0,58.0,183.0,0.0,1.9,0
55.0,62.0,82.0,164.0,0.0,0.4,0
46.0,35.0,65.0,185.0,1.0,2.8,0
54.0,57.0,155.0,137.0,1.0,1.0,1
18.0,68.0,86.0,198.0,0.0,1.1,0
43.0,36.0,94.0,149.0,0.0,1.2,1
43.0,56.0,71.0,198.0,0.0,0.6,0
63.0,44.0,75.0,142.0,1.0,1.8,1
65.0,60.0,123.0,142.0,1.0,0.6,1
62.0,62.0,123.0,174.0,0.0,0.1,0
27.0,76.0,97.0,210.0,0.0,0.9,0
64.0,46.0,130.0,157.0,0.0,0.5,1
69.0,47.0,124.0,167.0,0.0,0.0,1
43.0,53.0,117.0,153.0,0.0,1.2,1
57.0,68.0,121.0,177.0,0.0,0.5,0
59.0,57.0,102.0,142.0,0.0,2.6,1
48.0,70.0,111.0,176.0,0.0,0.6,0
55.0,63.0,124.0,170.0,0.0,0.0,1
43.0,69.0,83.0,180.0,1.0,0.6,0
55.0,35.0,49.0,165.0,0.0,0.5,0
52.0,52.0,114.0,145.0,1.0,2.2,1
57.0,53.0,122.0,174.0,0.0,0.8,0
78.0,60.0,55.0,150.0,1.0,1.0,1
40.0,55.0,81.0,190.0,0.0,1.4,0
69.0,56.0,141.0,139.0,1.0,0.8,1
55.0,61.0,59.0,177.0,0.0,1.1,0
54.0,38.0,118.0,177.0,0.0,0.9,0
26.0,51.0,113.0,210.0,0.0,1.8,0
66.0,33.0,136.0,120.0,1.0,0.4,1
38.0,82.0,41.0,188.0,1.0,0.2,0
41.0,64.0,131.0,169.0,0.0,1.6,1
50.0,57.0,111.0,175.0,0.0,0.6,0
49.0,63.0,108.0,145.0,1.0,0.5,1
42.0,44.0,78.0,181.0,0.0,3.9,0
72.0,39.0,135.0,137.0,0.0,1.1,0
62.0,70.0,91.0,157.0,1.0,0.2,1
85.0,68.0,96.0,112.0,1.0,0.7,1
44.0,65.0,108.0,167.0,1.0,0.1,0
43.0,53.0,75.0,183.0,0.0,0.4,0
79.0,63.0,103.0,144.0,0.0,1.0,0
37.0,77.0,64.0,203.0,0.0,0.4,0
57.0,66.0,82.0,169.0,0.0,2.5,0
50.0,59.0,96.0,172.0,0.0,0.9,0
50.0,52.0,95.0,170.0,0.0,1.9,0
35.0,36.0,99.0,178.0,0.0,0.2,0
45.0,54.0,108.0,181.0,0.0,0.7,0
79.0,58.0,115.0,148.0,0.0,1.1,0
56.0,71.0,122.0,174.0,0.0,1.3,0
74.0,73.0,122.0,139.0,1.0,3.1,1
46.0,30.0,99.0,196.0,0.0,0.9,0
56.0,46.0,89.0,137.0,0.0,0.8,1
62.0,45.0,129.0,128.0,0.0,1.0,1
62.0,40.0,111.0,148.0,0.0,0.6,1
52.0,40.0,123.0,169.0,0.0,0.2,0
55.0,37.0,133.0,150.0,1.0,0.7,1
68.0,50.0,52.0,182.0,0.0,0.3,0
58.0,89.0,101.0,166.0,0.0,1.0,1
31.0,41.0,91.0,172.0,0.0,0.2,1
46.0,61.0,99.0,169.0,0.0,0.8,0
40.0,59.0,107.0,182.0,0.0,0.6,0
32.0,49.0,72.0,162.0,1.0,2.1,1
65.0,55.0,151.0,154.0,0.0,0.9,0
68.0,55.0,166.0,137.0,0.0,1.4,0
44.0,74.0,104.0,157.0,0.0,1.7,0
50.0,41.0,136.0,194.0,0.0,0.2,0
80.0,73.0,159.0,127.0,1.0,2.7,1
52.0,53.0,140.0,162.0,0.0,1.2,0
53.0,41.0,78.0,159.0,0.0,0.5,0
58.0,69.0,96.0,158.0,0.0,0.1,0
71.0,49.0,129.0,121.0,0.0,0.5,1
61.0,61.0,118.0,176.0,0.0,0.7,0
68.0,43.0,112.0,133.0,1.0,2.5,1
42.0,41.0,95.0,186.0,0.0,0.6,0
65.0,65.0,85.0,176.0,0.0,1.3,0
53.0,30.0,179.0,151.0,1.0,1.2,1
44.0,54.0,129.0,163.0,0.0,0.3,1
61.0,27.0,97.0,187.0,0.0,0.4,0
87.0,54.0,112.0,101.0,0.0,0.4,1
57.0,73.0,117.0,154.0,0.0,0.3,0
68.0,75.0,102.0,138.0,0.0,1.0,0
51.0,71.0,118.0,170.0,0.0,0.3,0
34.0,70.0,117.0,177.0,0.0,2.2,0
61.0,54.0,114.0,147.0,1.0,1.7,1
41.0,69.0,111.0,198.0,0.0,0.1,0
51.0,43.0,149.0,135.0,1.0,0.2,1
80.0,53.0,88.0,106.0,0.0,0.3,1
31.0,48.0,55.0,202.0,0.0,2.2,0
59.0,48.0,114.0,157.0,0.0,2.7,0
61.0,63.0,189.0,153.0,1.0,0.9,1
58.0,52.0,80.0,173.0,0.0,1.7,0
47.0,61.0,100.0,198.0,0.0,0.8,0
57.0,39.0,107.0,168.0,0.0,0.2,0
42.0,70.0,85.0,160.0,0.0,1.2,0
74.0,28.0,88.0,138.0,0.0,0.3,0
56.0,66.0,91.0,160.0,0.0,1.5,0
71.0,47.0,106.0,129.0,0.0,1.8,1
51.0,36.0,75.0,191.0,0.0,0.3,0
66.0,64.0,87.0,173.0,0.0,0.7,0
63.0,39.0,89.0,154.0,0.0,0.2,0
39.0,60.0,35.0,210.0,0.0,0.4,0
75.0,64.0,86.0,151.0,0.0,1.4,0
89.0,52.0,118.0,147.0,1.0,0.5,1
68.0,48.0,106.0,131.0,1.0,0.6,1
37.0,60.0,79.0,157.0,1.0,1.6,1
43.0,80.0,85.0,204.0,0.0,0.7,0
25.0,51.0,87.0,198.0,0.0,0.1,0
44.0,58.0,35.0,179.0,0.0,0.1,0
77.0,75.0,131.0,133.0,0.0,0.4,1
68.0,37.0,90.0,161.0,0.0,1.0,0
42.0,65.0,91.0,168.0,0.0,2.1,0
38.0,75.0,108.0,172.0,0.0,0.7,0
46.0,67.0,114.0,170.0,0.0,0.1,0
68.0,56.0,103.0,123.0,0.0,0.1,1
61.0,43.0,127.0,151.0,0.0,1.4,0
74.0,78.0,135.0,123.0,0.0,4.3,1
46.0,51.0,155.0,207.0,1.0,0.2,0
56.0,65.0,74.0,145.0,1.0,2.2,1
45.0,47.0,118.0,182.0,0.0,1.0,0
52.0,53.0,104.0,173.0,0.0,1.7,0
50.0,56.0,120.0,188.0,0.0,2.2,0
50.0,50.0,86.0,183.0,0.0,0.3,0
62.0,80.0,90.0,150.0,0.0,2.8,0
48.0,59.0,112.0,182.0,1.0,1.0,0
52.0,57.0,146.0,159.0,0.0,1.0,0
43.0,66.0,54.0,185.0,0.0,0.3,0
70.0,57.0,132.0,130.0,0.0,0.4,1
77.0,45.0,122.0,130.0,0.0,3.8,1
80.0,47.0,159.0,139.0,1.0,0.6,0
65.0,49.0,121.0,141.0,1.0,4.9,1
54.0,69.0,84.0,167.0,0.0,0.8,0
42.0,43.0,50.0,162.0,1.0,1.9,1
41.0,44.0,152.0,166.0,1.0,4.4,1
53.0,66.0,77.0,172.0,0.0,0.7,0
38.0,49.0,129.0,186.0,0.0,1.5,0
64.0,54.0,116.0,132.0,0.0,1.6,1
58.0,46.0,115.0,169.0,0.0,0.9,0
37.0,56.0,76.0,190.0,0.0,0.5,0
52.0,59.0,70.0,187.0,0.0,1.6,0
66.0,39.0,83.0,165.0,0.0,0.9,1
70.0,48.0,117.0,141.0,0.0,0.6,0
57.0,58.0,105.0,170.0,0.0,0.2,0
63.0,32.0,66.0,149.0,0.0,0.7,0
59.0,67.0,117.0,141.0,1.0,1.9,1
49.0,23.0,89.0,184.0,0.0,2.0,0
57.0,69.0,84.0,176.0,0.0,0.6,0
56.0,43.0,80.0,163.0,1.0,1.4,0
47.0,37.0,72.0,190.0,0.0,0.3,0
58.0,71.0,113.0,168.0,0.0,1.1,0
54.0,68.0,77.0,167.0,0.0,1.1,0
60.0,57.0,92.0,148.0,1.0,1.2,1
55.0,54.0,101.0,163.0,0.0,0.8,0
55.0,48.0,155.0,142.0,0.0,0.6,1
31.0,49.0,124.0,177.0,0.0,0.1,0
85.0,69.0,146.0,127.0,0.0,1.4,1
64.0,61.0,124.0,137.0,1.0,1.8,1
60.0,50.0,138.0,163.0,0.0,0.2,0
78.0,64.0,95.0,148.0,0.0,2.0,0
68.0,62.0,88.0,175.0,0.0,1.2,0
61.0,40.0,106.0,183.0,0.0,0.2,0
63.0,59.0,92.0,150.0,0.0,1.2,0
76.0,62.0,120.0,159.0,0.0,0.7,0
58.0,58.0,162.0,139.0,0.0,2.8,1
37.0,42.0,136.0,169.0,0.0,1.5,0
35.0,41.0,106.0,177.0,1.0,1.7,1
73.0,68.0,102.0,150.0,0.0,0.0,0
52.0,55.0,93.0,182.0,0.0,0.4,0
62.0,75.0,84.0,178.0,1.0,1.9,0
54.0,42.0,121.0,166.0,0.0,0.6,0
61.0,46.0,161.0,135.0,0.0,0.3,1
44.0,39.0,79.0,150.0,1.0,0.1,1
61.0,33.0,103.0,143.0,0.0,0.5,1
25.0,54.0,106.0,210.0,0.0,0.7,0
51.0,52.0,112.0,173.0,0.0,1.8,0
37.0,76.0,66.0,191.0,0.0,2.4,0
55.0,70.0,42.0,176.0,1.0,1.9,0
56.0,55.0,132.0,160.0,0.0,0.9,1
53.0,63.0,82.0,187.0,0.0,1.0,0
57.0,57.0,48.0,170.0,0.0,0.5,0
32.0,68.0,114.0,181.0,0.0,0.8,0
41.0,40.0,52.0,184.0,0.0,1.0,0
52.0,48.0,75.0,144.0,0.0,0.9,1
60.0,69.0,102.0,167.0,0.0,1.2,0
58.0,58.0,101.0,172.0,0.0,1.3,0
32.0,72.0,88.0,198.0,0.0,0.6,0
71.0,23.0,89.0,138.0,1.0,4.6,1
53.0,52.0,113.0,175.0,0.0,0.3,0
75.0,53.0,75.0,155.0,0.0,0.1,0
63.0,52.0,134.0,146.0,0.0,2.9,1
69.0,60.0,104.0,136.0,0.0,2.3,1
61.0,42.0,157.0,137.0,0.0,0.4,1
48.0,46.0,161.0,146.0,1.0,1.4,1
51.0,70.0,81.0,178.0,0.0,0.3,0
66.0,62.0,144.0,128.0,1.0,0.8,1
50.0,48.0,92.0,144.0,1.0,0.4,1
30.0,53.0,113.0,183.0,0.0,0.8,0
54.0,63.0,110.0,188.0,0.0,1.0,0
57.0,66.0,102.0,152.0,0.0,0.6,1
60.0,57.0,113.0,147.0,1.0,0.5,1
63.0,42.0,124.0,173.0,1.0,0.8,1
80.0,59.0,35.0,158.0,0.0,0.3,0
35.0,47.0,70.0,209.0,1.0,1.8,0
77.0,56.0,105.0,144.0,0.0,0.3,0
64.0,58.0,100.0,167.0,0.0,0.9,0
54.0,65.0,119.0,182.0,0.0,0.4,0
37.0,56.0,76.0,180.0,0.0,0.6,0
55.0,43.0,87.0,166.0,0.0,0.4,0
62.0,55.0,117.0,163.0,1.0,0.5,1
54.0,60.0,114.0,187.0,0.0,1.1,0
48.0,41.0,104.0,163.0,1.0,0.3,1
46.0,53.0,139.0,160.0,1.0,1.7,1
44.0,38.0,116.0,137.0,1.0,2.0,1
63.0,47.0,135.0,150.0,0.0,2.1,1
62.0,60.0,135.0,152.0,1.0,1.1,1
67.0,65.0,143.0,182.0,0.0,0.1,0
44.0,72.0,73.0,192.0,0.0,1.0,0
72.0,46.0,116.0,149.0,0.0,1.0,0
86.0,66.0,121.0,154.0,0.0,0.1,0
55.0,55.0,102.0,148.0,0.0,1.4,0
69.0,68.0,105.0,177.0,0.0,0.9,0
37.0,73.0,112.0,179.0,0.0,0.5,0
85.0,46.0,114.0,124.0,0.0,0.3,1
62.0,42.0,81.0,154.0,1.0,0.4,0
70.0,58.0,133.0,141.0,1.0,1.4,1
58.0,65.0,94.0,157.0,0.0,0.5,0
34.0,40.0,115.0,190.0,0.0,1.0,0
61.0,52.0,122.0,158.0,0.0,0.0,0
54.0,45.0,118.0,185.0,0.0,0.3,0
66.0,56.0,61.0,158.0,0.0,0.9,0
43.0,34.0,170.0,162.0,0.0,0.3,0
18.0,57.0,96.0,210.0,1.0,0.0,0
53.0,27.0,124.0,162.0,0.0,0.7,1
50.0,61.0,161.0,168.0,0.0,1.4,0
64.0,63.0,85.0,183.0,0.0,1.8,0
43.0,71.0,123.0,181.0,1.0,0.1,0
49.0,43.0,130.0,183.0,0.0,0.4,0
49.0,71.0,101.0,185.0,0.0,0.8,0
45.0,56.0,74.0,193.0,0.0,0.3,0
61.0,57.0,120.0,162.0,0.0,1.1,0
50.0,49.0,84.0,158.0,0.0,1.3,0
48.0,46.0,54.0,175.0,0.0,0.2,0
45.0,69.0,97.0,163.0,0.0,1.3,0
50.0,86.0,81.0,166.0,0.0,0.5,0
74.0,40.0,134.0,118.0,1.0,0.7,1
51.0,60.0,108.0,165.0,1.0,1.5,1
46.0,69.0,137.0,185.0,1.0,2.3,0
55.0,55.0,94.0,158.0,0.0,1.8,1
64.0,55.0,158.0,147.0,1.0,1.3,1
54.0,63.0,125.0,181.0,1.0,1.7,0
60.0,65.0,103.0,170.0,0.0,1.2,0
62.0,60.0,102.0,134.0,0.0,4.8,0
64.0,50.0,110.0,160.0,0.0,1.6,0
57.0,54.0,99.0,175.0,0.0,0.7,0
36.0,48.0,104.0,194.0,1.0,0.8,1
53.0,60.0,127.0,154.0,1.0,0.0,1
46.0,56.0,85.0,185.0,0.0,0.6,0
64.0,55.0,103.0,165.0,0.0,0.6,0
71.0,52.0,110.0,137.0,0.0,0.3,0
49.0,47.0,143.0,152.0,0.0,2.3,1
64.0,52.0,90.0,145.0,0.0,0.3,0
59.0,71.0,134.0,154.0,0.0,0.0,0
51.0,42.0,92.0,158.0,0.0,1.3,1
72.0,69.0,101.0,135.0,0.0,0.6,0
48.0,75.0,68.0,166.0,0.0,0.4,0
45.0,49.0,76.0,182.0,0.0,0.4,0
43.0,40.0,93.0,172.0,0.0,0.6,0
68.0,33.0,150.0,128.0,1.0,0.7,1
44.0,61.0,112.0,170.0,0.0,2.9,0
44.0,37.0,96.0,173.0,1.0,4.9,1
68.0,64.0,98.0,135.0,0.0,0.4,1
59.0,67.0,137.0,161.0,0.0,0.7,0
52.0,58.0,102.0,180.0,0.0,0.7,0
43.0,63.0,127.0,194.0,0.0,0.4,0
57.0,51.0,85.0,170.0,0.0,0.8,0
40.0,62.0,50.0,209.0,0.0,0.3,0
57.0,75.0,108.0,161.0,0.0,0.1,0
56.0,81.0,119.0,161.0,0.0,0.6,0
53.0,20.0,62.0,157.0,0.0,1.3,1
56.0,74.0,95.0,164.0,0.0,0.2,0
62.0,49.0,161.0,162.0,0.0,1.3,0
31.0,75.0,92.0,193.0,0.0,0.0,0
40.0,58.0,133.0,203.0,0.0,0.6,0
63.0,68.0,101.0,150.0,1.0,0.9,1
52.0,43.0,146.0,177.0,0.0,0.3,0
65.0,37.0,93.0,148.0,0.0,1.9,1
76.0,61.0,90.0,149.0,1.0,0.2,0
74.0,53.0,171.0,141.0,0.0,0.1,0
67.0,66.0,70.0,166.0,1.0,1.6,1
55.0,69.0,78.0,149.0,0.0,0.5,0
69.0,52.0,84.0,131.0,0.0,2.3,1
46.0,40.0,83.0,169.0,0.0,0.6,0
57.0,51.0,106.0,167.0,1.0,4.0,1
51.0,44.0,104.0,152.0,0.0,1.5,1
48.0,33.0,70.0,189.0,1.0,1.3,0
45.0,43.0,70.0,178.0,0.0,0.7,0
60.0,48.0,125.0,157.0,1.0,1.1,1
34.0,42.0,120.0,167.0,1.0,1.6,1
29.0,58.0,123.0,175.0,0.0,2.7,1
67.0,72.0,137.0,156.0,0.0,0.6,0
59.0,54.0,90.0,150.0,0.0,0.6,0
65.0,46.0,106.0,164.0,0.0,0.6,0
53.0,56.0,114.0,163.0,1.0,0.4,1
60.0,55.0,122.0,179.0,0.0,0.7,0
48.0,59.0,158.0,157.0,0.0,0.9,1
47.0,53.0,103.0,187.0,0.0,0.2,0
40.0,74.0,47.0,193.0,0.0,0.1,0
77.0,68.0,94.0,163.0,0.0,0.8,0
42.0,47.0,101.0,182.0,0.0,1.4,0
74.0,76.0,89.0,171.0,1.0,0.9,0
38.0,27.0,104.0,178.0,0.0,3.2,0
42.0,67.0,94.0,201.0,0.0,0.5,0
70.0,78.0,139.0,149.0,1.0,1.1,1
62.0,59.0,91.0,144.0,0.0,0.9,1
59.0,72.0,102.0,158.0,1.0,0.0,0
42.0,82.0,78.0,189.0,1.0,1.5,0
67.0,60.0,110.0,165.0,0.0,1.7,0
43.0,53.0,114.0,174.0,1.0,2.8,1
58.0,42.0,151.0,163.0,0.0,0.1,0
45.0,47.0,100.0,177.0,0.0,0.9,0
74.0,44.0,74.0,127.0,0.0,4.6,1
59.0,31.0,132.0,146.0,0.0,4.5,1
71.0,52.0,120.0,145.0,0.0,1.4,0
52.0,65.0,92.0,149.0,0.0,2.1,1
45.0,62.0,114.0,186.0,0.0,0.3,0
36.0,52.0,113.0,179.0,0.0,0.7,0
57.0,45.0,102.0,155.0,1.0,1.6,0
69.0,28.0,81.0,129.0,1.0,4.5,1
61.0,69.0,140.0,153.0,1.0,0.1,1
45.0,41.0,116.0,178.0,0.0,0.4,0
48.0,65.0,88.0,167.0,0.0,0.3,0
48.0,34.0,116.0,182.0,0.0,0.6,0
54.0,59.0,69.0,186.0,0.0,1.0,0
63.0,49.0,103.0,149.0,0.0,0.4,0
56.0,49.0,49.0,152.0,0.0,0.6,0
63.0,61.0,119.0,123.0,1.0,2.6,1
60.0,57.0,55.0,152.0,0.0,1.0,0
41.0,45.0,122.0,195.0,0.0,1.6,0
55.0,49.0,65.0,178.0,0.0,1.1,0
41.0,64.0,63.0,193.0,0.0,0.7,0
55.0,51.0,91.0,131.0,0.0,1.2,1
60.0,39.0,133.0,151.0,0.0,0.4,0
44.0,70.0,97.0,150.0,1.0,0.4,1
37.0,76.0,110.0,200.0,0.0,0.5,0
57.0,70.0,97.0,181.0,0.0,0.9,0
53.0,58.0,155.0,161.0,1.0,2.9,1
69.0,39.0,108.0,145.0,1.0,3.0,0
46.0,63.0,107.0,182.0,0.0,0.5,0
75.0,45.0,134.0,127.0,0.0,1.6,0
63.0,36.0,111.0,143.0,1.0,0.6,1
35.0,78.0,96.0,183.0,0.0,0.6,0
45.0,42.0,93.0,183.0,0.0,1.4,0
54.0,50.0,121.0,161.0,0.0,0.2,1
53.0,46.0,119.0,162.0,1.0,2.4,1
43.0,52.0,106.0,169.0,0.0,0.2,0
31.0,64.0,78.0,186.0,0.0,1.5,0
50.0,50.0,148.0,160.0,0.0,0.4,0
51.0,52.0,109.0,165.0,1.0,0.3,1
61.0,68.0,88.0,142.0,1.0,0.5,1
57.0,67.0,100.0,137.0,0.0,1.3,1
40.0,58.0,106.0,157.0,0.0,0.1,1
64.0,59.0,116.0,119.0,1.0,2.0,1
46.0,60.0,44.0,180.0,0.0,0.9,0
66.0,42.0,114.0,149.0,0.0,1.5,0
48.0,63.0,83.0,170.0,0.0,1.0,0
47.0,60.0,60.0,164.0,0.0,1.2,0
54.0,51.0,103.0,166.0,0.0,0.3,0
64.0,41.0,74.0,154.0,0.0,0.3,0
57.0,52.0,132.0,174.0,0.0,0.3,0
37.0,41.0,140.0,163.0,0.0,0.1,1
67.0,51.0,82.0,157.0,0.0,0.4,0
45.0,46.0,83.0,175.0,0.0,1.6,0
35.0,41.0,97.0,181.0,0.0,1.7,0
32.0,67.0,112.0,181.0,0.0,0.3,0
71.0,49.0,115.0,127.0,0.0,2.8,1
74.0,49.0,127.0,157.0,1.0,2.3,1
47.0,47.0,111.0,151.0,1.0,2.7,1
50.0,72.0,48.0,186.0,0.0,0.4,0
53.0,67.0,98.0,161.0,1.0,0.2,0
38.0,67.0,103.0,176.0,0.0,0.5,0
56.0,64.0,90.0,174.0,0.0,2.3,0
61.0,59.0,73.0,160.0,0.0,0.2,0
49.0,45.0,121.0,154.0,1.0,1.8,1
57.0,63.0,108.0,182.0,0.0,0.0,0
49.0,39.0,67.0,171.0,0.0,0.6,0
67.0,65.0,99.0,145.0,0.0,1.5,0
42.0,58.0,122.0,184.0,0.0,1.0,0
48.0,47.0,90.0,191.0,0.0,1.4,0
73.0,31.0,162.0,122.0,0.0,0.8,1
56.0,43.0,99.0,164.0,0.0,0.1,0
85.0,51.0,83.0,139.0,0.0,5.0,1
64.0,35.0,103.0,149.0,0.0,2.7,1
69.0,33.0,122.0,175.0,0.0,0.2,0
62.0,40.0,78.0,130.0,0.0,4.5,1
44.0,47.0,130.0,165.0,0.0,0.3,0
66.0,71.0,52.0,136.0,0.0,0.8,0
41.0,66.0,105.0,174.0,0.0,0.7,1
33.0,82.0,76.0,209.0,0.0,1.1,0
59.0,40.0,102.0,151.0,0.0,1.9,1
67.0,51.0,83.0,142.0,0.0,0.4,0
70.0,37.0,99.0,131.0,1.0,1.5,1
59.0,46.0,184.0,169.0,0.0,0.2,0
53.0,58.0,114.0,173.0,0.0,0.8,0
52.0,70.0,63.0,195.0,0.0,0.4,0
61.0,49.0,106.0,176.0,0.0,1.6,0
67.0,62.0,150.0,160.0,0.0,1.4,0
54.0,56.0,131.0,170.0,1.0,1.8,1
62.0,46.0,100.0,174.0,0.0,1.2,0
69.0,58.0,71.0,135.0,1.0,1.5,1
70.0,55.0,114.0,144.0,0.0,0.2,0
69.0,60.0,95.0,140.0,0.0,1.2,1
65.0,63.0,129.0,168.0,0.0,0.1,0
77.0,52.0,97.0,137.0,0.0,1.9,0
43.0,65.0,74.0,166.0,1.0,0.1,1
76.0,76.0,73.0,140.0,0.0,2.5,0
55.0,56.0,142.0,171.0,1.0,3.5,1
34.0,54.0,42.0,195.0,0.0,0.7,0
56.0,51.0,157.0,176.0,0.0,1.1,0
58.0,67.0,101.0,170.0,0.0,1.4,0
37.0,31.0,110.0,163.0,1.0,1.5,1
54.0,55.0,106.0,185.0,0.0,0.1,0
26.0,40.0,112.0,210.0,0.0,2.0,0
76.0,60.0,127.0,149.0,0.0,0.6,0
51.0,67.0,76.0,183.0,0.0,1.9,0
54.0,32.0,115.0,152.0,1.0,0.4,1
66.0,51.0,123.0,127.0,1.0,3.8,1
54.0,54.0,141.0,149.0,0.0,0.1,0
38.0,73.0,74.0,185.0,1.0,0.1,0
29.0,66.0,94.0,210.0,0.0,0.3,0
63.0,54.0,85.0,144.0,0.0,0.6,1
64.0,68.0,91.0,125.0,1.0,1.1,1
48.0,60.0,73.0,183.0,0.0,0.4,0
28.0,40.0,93.0,198.0,0.0,0.3,0
58.0,49.0,120.0,147.0,0.0,0.4,0
54.0,49.0,112.0,166.0,1.0,1.1,1
62.0,58.0,123.0,156.0,0.0,0.8,0
44.0,57.0,125.0,168.0,0.0,0.3,0
27.0,52.0,110.0,196.0,0.0,0.3,0
47.0,54.0,90.0,154.0,0.0,1.0,0
64.0,68.0,142.0,156.0,0.0,0.5,0
68.0,30.0,121.0,142.0,0.0,0.7,1
49.0,38.0,81.0,148.0,1.0,1.6,1
47.0,70.0,90.0,176.0,0.0,0.5,0
31.0,58.0,89.0,183.0,0.0,0.3,0
69.0,65.0,76.0,171.0,0.0,0.8,0
48.0,45.0,157.0,185.0,0.0,0.8,0
45.0,66.0,148.0,172.0,0.0,0.5,0
42.0,70.0,113.0,189.0,0.0,0.4,0
49.0,66.0,65.0,193.0,1.0,0.6,0
59.0,55.0,125.0,141.0,0.0,0.7,1
49.0,67.0,96.0,188.0,0.0,0.9,0
72.0,64.0,124.0,127.0,0.0,2.2,1
62.0,45.0,123.0,184.0,1.0,1.6,0
59.0,74.0,85.0,153.0,0.0,0.7,0
71.0,88.0,114.0,140.0,0.0,1.8,0
38.0,74.0,123.0,160.0,0.0,0.7,1
56.0,63.0,35.0,161.0,0.0,1.5,0
64.0,77.0,71.0,173.0,0.0,0.6,0
65.0,48.0,79.0,158.0,1.0,1.4,0
48.0,77.0,117.0,160.0,0.0,0.3,0
38.0,66.0,125.0,210.0,0.0,0.4,0
30.0,36.0,87.0,181.0,0.0,0.4,0
60.0,54.0,85.0,134.0,0.0,2.0,1
53.0,52.0,67.0,167.0,0.0,0.6,0
52.0,65.0,115.0,163.0,0.0,0.1,0
56.0,35.0,85.0,154.0,0.0,0.5,0
53.0,64.0,139.0,174.0,0.0,0.9,0
47.0,55.0,87.0,168.0,0.0,1.1,0
64.0,67.0,132.0,147.0,0.0,0.2,0
37.0,47.0,44.0,193.0,0.0,0.9,0
39.0,66.0,100.0,200.0,1.0,0.5,0
37.0,37.0,104.0,179.0,1.0,0.5,1
50.0,39.0,71.0,164.0,0.0,0.0,0
62.0,62.0,96.0,171.0,1.0,0.9,1
44.0,54.0,103.0,182.0,0.0,0.1,0
56.0,57.0,100.0,167.0,1.0,1.6,1
66.0,43.0,101.0,119.0,0.0,1.1,1
77.0,50.0,143.0,107.0,0.0,1.3,0
65.0,56.0,93.0,150.0,0.0,1.7,1
48.0,52.0,57.0,167.0,0.0,2.3,0
35.0,56.0,99.0,191.0,0.0,1.2,0
22.0,61.0,56.0,188.0,0.0,1.0,0
47.0,68.0,125.0,175.0,0.0,0.8,0
56.0,54.0,122.0,152.0,0.0,1.6,1
48.0,65.0,89.0,149.0,0.0,0.3,0
79.0,58.0,143.0,150.0,1.0,0.2,0
37.0,32.0,35.0,209.0,0.0,1.5,0
46.0,40.0,81.0,181.0,0.0,0.3,0
24.0,62.0,79.0,195.0,0.0,1.0,0
69.0,45.0,68.0,141.0,0.0,1.0,0
46.0,51.0,64.0,181.0,1.0,1.1,0
31.0,66.0,90.0,196.0,0.0,0.5,0
52.0,55.0,88.0,161.0,1.0,1.2,0
73.0,40.0,99.0,141.0,0.0,0.6,0
80.0,47.0,62.0,130.0,0.0,0.1,1
51.0,58.0,121.0,159.0,1.0,5.1,1
62.0,64.0,78.0,147.0,0.0,1.0,0
48.0,59.0,115.0,196.0,1.0,0.4,0
51.0,49.0,99.0,168.0,0.0,1.0,0
47.0,58.0,93.0,185.0,0.0,0.5,0
74.0,24.0,107.0,147.0,0.0,0.5,1
45.0,32.0,114.0,181.0,0.0,1.1,0
28.0,43.0,83.0,209.0,0.0,2.3,0
39.0,45.0,134.0,190.0,0.0,0.2,0
46.0,74.0,166.0,185.0,0.0,3.9,0
56.0,36.0,154.0,136.0,0.0,1.2,1
47.0,49.0,100.0,174.0,0.0,0.2,0
56.0,62.0,85.0,161.0,0.0,0.7,0
57.0,47.0,84.0,163.0,0.0,0.3,0
49.0,53.0,78.0,182.0,1.0,6.0,1
63.0,53.0,48.0,143.0,0.0,0.2,0
42.0,53.0,154.0,203.0,0.0,0.3,0
41.0,58.0,82.0,164.0,1.0,0.6,1
66.0,60.0,136.0,165.0,1.0,0.7,0
55.0,61.0,120.0,185.0,0.0,2.0,0
18.0,88.0,122.0,210.0,0.0,0.8,0
48.0,60.0,122.0,180.0,0.0,1.0,0
61.0,42.0,126.0,158.0,0.0,0.5,1
73.0,81.0,165.0,145.0,0.0,0.5,0
63.0,55.0,91.0,149.0,1.0,0.8,1
58.0,51.0,127.0,166.0,0.0,0.9,0
67.0,68.0,80.0,158.0,0.0,1.1,0
67.0,53.0,130.0,125.0,1.0,2.6,1
69.0,39.0,146.0,108.0,0.0,2.4,1
39.0,68.0,95.0,185.0,0.0,1.0,0
53.0,57.0,102.0,189.0,0.0,0.6,0
34.0,55.0,125.0,174.0,1.0,0.1,1
68.0,53.0,85.0,150.0,0.0,0.3,0
45.0,62.0,66.0,185.0,1.0,3.0,0
41.0,70.0,78.0,190.0,0.0,0.7,0
77.0,59.0,132.0,129.0,0.0,0.4,1
40.0,62.0,79.0,183.0,0.0,1.5,0
49.0,42.0,157.0,169.0,0.0,1.8,0
54.0,29.0,111.0,143.0,0.0,0.1,1
51.0,44.0,157.0,164.0,1.0,3.5,1
68.0,54.0,86.0,159.0,0.0,0.2,0
62.0,60.0,139.0,171.0,0.0,0.7,0
41.0,62.0,58.0,177.0,0.0,0.7,0
64.0,54.0,105.0,151.0,0.0,0.9,0
50.0,69.0,111.0,160.0,0.0,0.5,0
46.0,58.0,130.0,178.0,0.0,0.2,0
61.0,48.0,153.0,147.0,1.0,0.2,1
59.0,26.0,99.0,146.0,0.0,3.3,1
55.0,64.0,121.0,145.0,1.0,1.8,1
43.0,32.0,125.0,176.0,1.0,0.7,0
55.0,79.0,60.0,190.0,0.0,1.2,0
38.0,57.0,124.0,176.0,0.0,0.0,0
63.0,55.0,101.0,156.0,0.0,1.4,0
50.0,55.0,91.0,147.0,1.0,1.2,1
52.0,61.0,155.0,161.0,0.0,0.3,0
62.0,68.0,88.0,163.0,1.0,0.7,1
51.0,69.0,106.0,164.0,0.0,0.5,0
60.0,51.0,96.0,144.0,1.0,0.2,1
44.0,64.0,92.0,161.0,0.0,1.0,1
57.0,82.0,85.0,169.0,0.0,1.2,0
65.0,67.0,122.0,170.0,0.0,0.2,0
30.0,64.0,64.0,193.0,0.0,0.8,0
48.0,48.0,158.0,175.0,0.0,1.0,0
55.0,73.0,93.0,149.0,0.0,0.1,0
51.0,42.0,136.0,163.0,0.0,0.1,0
59.0,50.0,90.0,156.0,0.0,0.0,0
68.0,59.0,136.0,167.0,0.0,1.3,0
55.0,36.0,89.0,149.0,1.0,0.7,1
59.0,62.0,65.0,162.0,0.0,0.9,0
59.0,71.0,127.0,169.0,0.0,0.1,0
66.0,43.0,123.0,155.0,1.0,1.4,0
63.0,40.0,91.0,108.0,1.0,1.2,1
73.0,81.0,54.0,147.0,0.0,0.1,0
68.0,65.0,123.0,119.0,1.0,0.4,1
46.0,66.0,81.0,179.0,0.0,1.2,0
57.0,55.0,141.0,169.0,0.0,0.7,0
66.0,35.0,93.0,132.0,1.0,3.0,1
55.0,47.0,77.0,172.0,0.0,0.5,0
18.0,50.0,111.0,202.0,0.0,0.2,0
77.0,54.0,105.0,115.0,1.0,0.7,1
59.0,54.0,90.0,171.0,0.0,3.5,1
57.0,49.0,116.0,138.0,0.0,1.8,1
58.0,63.0,75.0,186.0,0.0,0.8,0
43.0,54.0,96.0,154.0,1.0,0.5,1
54.0,55.0,157.0,174.0,0.0,0.7,0
49.0,34.0,110.0,184.0,0.0,1.5,0
43.0,69.0,54.0,176.0,0.0,0.6,0
56.0,64.0,98.0,187.0,0.0,0.0,0
59.0,51.0,109.0,154.0,0.0,1.7,1
68.0,55.0,102.0,138.0,0.0,0.1,0
57.0,67.0,75.0,148.0,0.0,0.2,0
52.0,56.0,87.0,152.0,0.0,0.7,0
61.0,46.0,84.0,179.0,0.0,0.8,0
68.0,53.0,74.0,147.0,1.0,0.8,1
67.0,39.0,114.0,122.0,0.0,0.4,1
51.0,52.0,93.0,180.0,0.0,0.2,0
55.0,43.0,80.0,161.0,0.0,0.4,0
50.0,59.0,65.0,170.0,0.0,0.8,0
82.0,75.0,91.0,159.0,0.0,0.9,0
67.0,72.0,75.0,148.0,0.0,1.0,0
70.0,49.0,53.0,159.0,0.0,0.7,0
41.0,55.0,90.0,167.0,0.0,2.4,0
59.0,59.0,137.0,166.0,1.0,0.2,0
72.0,38.0,75.0,142.0,0.0,2.0,1
38.0,32.0,130.0,166.0,1.0,1.8,1
53.0,67.0,68.0,159.0,1.0,0.2,0
29.0,56.0,140.0,204.0,0.0,0.2,0
90.0,28.0,94.0,93.0,1.0,0.3,1
57.0,49.0,79.0,177.0,0.0,0.3,0
48.0,23.0,105.0,143.0,0.0,0.2,1
66.0,46.0,142.0,150.0,0.0,3.4,1
49.0,58.0,104.0,165.0,0.0,1.7,0
63.0,40.0,105.0,179.0,0.0,0.4,0
48.0,41.0,110.0,147.0,1.0,2.1,1
69.0,67.0,83.0,148.0,0.0,0.4,0
46.0,60.0,117.0,147.0,1.0,1.7,1
56.0,45.0,91.0,184.0,0.0,1.1,0
41.0,67.0,135.0,200.0,0.0,0.8,0
56.0,43.0,87.0,143.0,1.0,0.9,1
53.0,61.0,99.0,173.0,0.0,0.4,0
38.0,53.0,67.0,203.0,0.0,1.7,0
78.0,56.0,77.0,119.0,1.0,2.4,1
52.0,62.0,74.0,175.0,0.0,1.3,1
54.0,53.0,166.0,159.0,1.0,0.1,1
66.0,59.0,160.0,144.0,1.0,1.6,1
42.0,55.0,64.0,181.0,1.0,1.6,0
40.0,57.0,140.0,179.0,0.0,0.8,0
46.0,54.0,106.0,186.0,1.0,0.1,0
68.0,62.0,107.0,135.0,1.0,1.6,1
42.0,57.0,95.0,167.0,0.0,0.4,0
88.0,69.0,96.0,117.0,1.0,0.5,1
58.0,68.0,111.0,170.0,0.0,0.5,0
59.0,52.0,109.0,166.0,0.0,1.1,0
61.0,65.0,94.0,171.0,1.0,1.0,0
46.0,39.0,132.0,146.0,1.0,0.1,1
54.0,50.0,105.0,184.0,0.0,1.1,0
47.0,72.0,124.0,199.0,0.0,1.2,0
53.0,57.0,50.0,159.0,0.0,0.2,0
51.0,77.0,110.0,173.0,0.0,1.2,0
73.0,46.0,53.0,158.0,0.0,0.1,0
57.0,34.0,123.0,153.0,1.0,3.2,1
55.0,61.0,110.0,158.0,0.0,0.8,0
52.0,57.0,82.0,187.0,0.0,0.2,0
45.0,50.0,93.0,174.0,0.0,1.8,1
43.0,68.0,116.0,172.0,0.0,0.7,0
52.0,53.0,67.0,176.0,0.0,2.3,0
71.0,50.0,105.0,132.0,0.0,0.9,0
61.0,73.0,136.0,137.0,0.0,1.3,0
47.0,36.0,88.0,160.0,1.0,1.6,0
44.0,73.0,135.0,180.0,0.0,0.3,0
51.0,48.0,109.0,165.0,0.0,1.0,0
68.0,62.0,158.0,134.0,1.0,3.9,1
67.0,43.0,78.0,153.0,0.0,0.4,0
49.0,55.0,39.0,170.0,0.0,0.4,0
47.0,69.0,96.0,182.0,0.0,0.8,0
61.0,43.0,137.0,154.0,0.0,0.2,0
45.0,68.0,103.0,191.0,0.0,0.7,0
51.0,33.0,151.0,169.0,1.0,0.0,1
75.0,53.0,73.0,170.0,0.0,1.6,0
46.0,68.0,58.0,189.0,0.0,0.3,0
56.0,62.0,128.0,174.0,0.0,1.1,0
54.0,55.0,67.0,176.0,0.0,0.2,0
66.0,62.0,105.0,167.0,0.0,0.5,0
58.0,68.0,159.0,168.0,1.0,3.6,1
36.0,54.0,123.0,197.0,0.0,1.1,0
41.0,58.0,97.0,188.0,0.0,0.3,0
61.0,34.0,152.0,146.0,1.0,0.7,1
54.0,48.0,108.0,159.0,0.0,1.0,0
48.0,34.0,132.0,139.0,0.0,0.3,1
37.0,71.0,77.0,195.0,0.0,0.6,0
58.0,55.0,137.0,139.0,1.0,1.8,1
48.0,67.0,126.0,178.0,0.0,1.6,0
63.0,40.0,115.0,185.0,0.0,0.0,0
58.0,80.0,102.0,152.0,1.0,2.3,0
43.0,37.0,105.0,173.0,0.0,4.7,1
38.0,69.0,100.0,184.0,0.0,0.6,0
47.0,43.0,101.0,136.0,0.0,0.4,1
59.0,61.0,130.0,179.0,0.0,2.2,0
63.0,61.0,106.0,175.0,0.0,0.3,0
29.0,70.0,118.0,195.0,0.0,0.4,0
72.0,49.0,73.0,140.0,1.0,2.5,1
57.0,55.0,136.0,159.0,0.0,1.7,1
50.0,57.0,128.0,171.0,0.0,1.8,0
29.0,50.0,100.0,204.0,0.0,1.0,0
41.0,61.0,87.0,156.0,1.0,1.9,1
69.0,55.0,101.0,158.0,1.0,1.0,0
55.0,61.0,97.0,148.0,0.0,0.6,1
55.0,47.0,100.0,160.0,0.0,0.8,0
50.0,18.0,109.0,160.0,1.0,5.1,1
48.0,49.0,145.0,180.0,0.0,1.2,0
50.0,67.0,158.0,165.0,0.0,0.8,0
65.0,54.0,95.0,173.0,0.0,0.2,0
65.0,55.0,117.0,167.0,0.0,0.5,0
62.0,64.0,70.0,171.0,0.0,0.2,0
51.0,54.0,86.0,175.0,0.0,0.4,0
59.0,65.0,126.0,171.0,0.0,1.2,0
74.0,67.0,91.0,128.0,0.0,1.9,1
65.0,51.0,70.0,128.0,1.0,0.3,1
72.0,57.0,82.0,141.0,1.0,0.3,0
36.0,63.0,128.0,183.0,0.0,0.4,0
29.0,83.0,146.0,201.0,0.0,0.6,0
65.0,48.0,125.0,126.0,0.0,3.0,1
52.0,47.0,121.0,175.0,0.0,0.3,0
18.0,66.0,68.0,210.0,0.0,0.3,0
64.0,49.0,95.0,150.0,1.0,3.4,1
69.0,46.0,110.0,136.0,0.0,1.7,1
59.0,51.0,85.0,143.0,0.0,0.7,0
56.0,46.0,138.0,171.0,0.0,0.3,0
35.0,54.0,76.0,193.0,0.0,0.4,0
68.0,55.0,68.0,136.0,1.0,3.8,1
87.0,34.0,101.0,124.0,0.0,0.5,0
88.0,61.0,127.0,150.0,0.0,0.2,0
55.0,71.0,128.0,168.0,0.0,0.6,0
56.0,59.0,102.0,187.0,0.0,0.4,0
65.0,65.0,85.0,159.0,1.0,0.2,0
39.0,66.0,109.0,196.0,0.0,0.2,0
47.0,67.0,103.0,166.0,0.0,0.1,0
64.0,78.0,101.0,176.0,0.0,0.3,0
58.0,48.0,155.0,152.0,1.0,2.1,1
48.0,73.0,82.0,185.0,0.0,0.2,0
53.0,60.0,81.0,187.0,0.0,1.1,0
39.0,51.0,121.0,174.0,0.0,1.5,1
49.0,48.0,77.0,180.0,0.0,0.6,0
69.0,54.0,131.0,128.0,0.0,1.4,1
46.0,64.0,91.0,177.0,0.0,0.3,0
45.0,46.0,124.0,171.0,0.0,0.1,0
49.0,45.0,129.0,147.0,0.0,1.7,1
39.0,50.0,117.0,202.0,0.0,0.3,0
63.0,39.0,62.0,166.0,0.0,0.8,0
34.0,63.0,128.0,160.0,0.0,1.0,1
42.0,66.0,124.0,201.0,0.0,4.7,0
58.0,59.0,85.0,170.0,0.0,0.2,0
28.0,39.0,97.0,182.0,0.0,1.7,1
74.0,59.0,141.0,151.0,0.0,1.1,0
72.0,50.0,81.0,139.0,0.0,0.6,0
55.0,66.0,109.0,130.0,1.0,1.0,1
71.0,35.0,113.0,121.0,0.0,1.7,1
58.0,59.0,62.0,171.0,0.0,0.7,0
63.0,42.0,80.0,166.0,0.0,0.9,0
70.0,50.0,122.0,142.0,1.0,0.3,1
84.0,38.0,97.0,115.0,1.0,0.5,1
58.0,61.0,103.0,150.0,0.0,0.5,0
86.0,53.0,150.0,122.0,1.0,3.2,1
70.0,48.0,68.0,147.0,0.0,0.5,0
76.0,34.0,114.0,124.0,1.0,3.3,1
56.0,49.0,92.0,171.0,0.0,0.1,0
60.0,81.0,77.0,170.0,0.0,1.5,0
85.0,41.0,152.0,93.0,1.0,1.1,1
47.0,68.0,139.0,167.0,0.0,1.3,1
39.0,58.0,120.0,189.0,0.0,1.2,0
85.0,67.0,116.0,114.0,1.0,0.2,1
28.0,62.0,86.0,201.0,0.0,1.0,0
68.0,51.0,101.0,155.0,0.0,1.2,0
46.0,53.0,71.0,183.0,0.0,1.0,0
52.0,49.0,90.0,187.0,0.0,0.2,0
31.0,59.0,119.0,195.0,0.0,0.3,0
52.0,45.0,161.0,136.0,1.0,2.4,1
37.0,64.0,77.0,175.0,0.0,1.7,0
54.0,49.0,137.0,148.0,0.0,6.5,1
60.0,37.0,105.0,137.0,1.0,0.6,1
35.0,58.0,63.0,204.0,0.0,0.4,0
67.0,62.0,131.0,158.0,0.0,3.1,1
66.0,63.0,178.0,154.0,0.0,0.6,0
26.0,46.0,113.0,176.0,0.0,2.5,0
48.0,42.0,39.0,158.0,0.0,0.4,0
44.0,72.0,103.0,169.0,0.0,0.8,0
90.0,54.0,67.0,114.0,0.0,3.8,1
54.0,52.0,57.0,180.0,1.0,0.1,0
36.0,42.0,52.0,147.0,0.0,1.4,1
57.0,50.0,86.0,140.0,1.0,0.1,1
37.0,41.0,112.0,190.0,0.0,0.2,0
44.0,26.0,139.0,153.0,1.0,0.7,1
72.0,23.0,123.0,129.0,0.0,2.9,1
54.0,53.0,35.0,145.0,0.0,2.3,0
56.0,47.0,141.0,161.0,0.0,0.2,0
69.0,43.0,122.0,130.0,0.0,1.2,1
81.0,61.0,131.0,137.0,0.0,1.1,0
59.0,62.0,90.0,164.0,0.0,1.1,0
40.0,70.0,104.0,168.0,0.0,0.1,0
54.0,66.0,104.0,168.0,0.0,0.0,0
59.0,62.0,166.0,164.0,1.0,0.2,0
52.0,67.0,49.0,148.0,1.0,3.3,1
63.0,35.0,56.0,153.0,1.0,0.2,1
45.0,68.0,120.0,179.0,0.0,0.1,0
79.0,57.0,84.0,159.0,1.0,0.6,0
61.0,50.0,68.0,172.0,0.0,0.2,0
33.0,47.0,74.0,162.0,0.0,0.7,0
55.0,41.0,98.0,142.0,1.0,0.5,1
64.0,57.0,107.0,163.0,0.0,0.9,0
60.0,48.0,154.0,164.0,0.0,0.7,0
75.0,64.0,109.0,139.0,1.0,1.8,1
41.0,68.0,79.0,176.0,0.0,0.5,0
34.0,51.0,87.0,178.0,0.0,1.0,0
66.0,43.0,103.0,151.0,0.0,1.1,0
49.0,42.0,97.0,171.0,0.0,0.0,0
49.0,63.0,99.0,179.0,0.0,3.1,0
66.0,52.0,76.0,161.0,0.0,0.7,0
41.0,70.0,115.0,162.0,0.0,0.5,0
36.0,90.0,88.0,188.0,0.0,0.7,0
39.0,68.0,101.0,172.0,0.0,0.3,0
64.0,49.0,86.0,165.0,1.0,0.0,0
52.0,57.0,53.0,156.0,0.0,0.7,0
44.0,70.0,54.0,155.0,0.0,1.0,0
26.0,47.0,124.0,190.0,0.0,1.1,0
63.0,72.0,109.0,144.0,0.0,1.0,0
40.0,36.0,114.0,173.0,0.0,2.0,0
63.0,69.0,69.0,157.0,0.0,1.5,0
48.0,70.0,99.0,185.0,0.0,1.5,0
58.0,53.0,89.0,163.0,0.0,0.5,0
45.0,51.0,100.0,178.0,0.0,0.1,0
59.0,44.0,141.0,134.0,1.0,0.7,1
26.0,53.0,113.0,184.0,1.0,1.0,1
44.0,78.0,121.0,183.0,1.0,0.2,1
61.0,64.0,84.0,158.0,0.0,0.9,0
74.0,62.0,140.0,156.0,0.0,1.0,0
60.0,57.0,89.0,152.0,0.0,2.1,0
45.0,55.0,150.0,192.0,0.0,0.2,0
46.0,50.0,133.0,173.0,1.0,1.2,1
55.0,61.0,143.0,179.0,0.0,0.3,0
38.0,34.0,140.0,168.0,0.0,0.5,0
68.0,52.0,75.0,160.0,0.0,0.1,0
81.0,50.0,92.0,137.0,0.0,0.4,0
47.0,51.0,95.0,195.0,0.0,1.2,0
24.0,55.0,143.0,193.0,0.0,0.9,0
44.0,60.0,129.0,163.0,0.0,0.2,0
51.0,73.0,84.0,166.0,0.0,0.6,0
47.0,56.0,103.0,189.0,0.0,0.7,0
71.0,37.0,128.0,155.0,1.0,0.8,1
68.0,68.0,73.0,128.0,1.0,0.8,0
43.0,34.0,90.0,172.0,1.0,1.2,0
70.0,29.0,77.0,136.0,0.0,0.6,1
76.0,60.0,80.0,156.0,0.0,1.5,0
32.0,53.0,79.0,183.0,0.0,0.4,0
51.0,59.0,113.0,171.0,0.0,0.8,0
56.0,49.0,35.0,168.0,1.0,1.7,0
73.0,52.0,147.0,127.0,1.0,1.8,1
33.0,68.0,122.0,193.0,1.0,1.1,1
50.0,62.0,71.0,154.0,1.0,0.6,0
45.0,53.0,85.0,175.0,1.0,0.7,0
42.0,56.0,125.0,190.0,0.0,2.4,0
51.0,43.0,120.0,141.0,0.0,0.8,0
64.0,57.0,102.0,149.0,0.0,1.4,0
62.0,50.0,76.0,161.0,1.0,0.4,0
72.0,49.0,118.0,158.0,0.0,0.8,0
47.0,42.0,104.0,197.0,0.0,1.5,0
56.0,53.0,108.0,144.0,0.0,0.2,1
61.0,56.0,141.0,158.0,0.0,1.6,0
73.0,47.0,118.0,126.0,1.0,4.7,1
42.0,47.0,83.0,178.0,0.0,0.9,0
54.0,56.0,70.0,168.0,1.0,0.0,1
41.0,67.0,81.0,190.0,1.0,1.3,0
59.0,42.0,123.0,151.0,0.0,0.8,0
33.0,66.0,113.0,193.0,0.0,1.6,0
38.0,50.0,115.0,189.0,0.0,1.0,0
54.0,67.0,123.0,158.0,0.0,0.5,0
39.0,43.0,92.0,184.0,0.0,0.8,0
58.0,52.0,94.0,165.0,0.0,0.1,0
43.0,68.0,56.0,197.0,0.0,0.2,0
23.0,63.0,48.0,210.0,0.0,0.8,0
44.0,52.0,117.0,170.0,0.0,0.2,0
68.0,66.0,138.0,162.0,0.0,0.6,0
59.0,83.0,67.0,179.0,0.0,0.0,0
61.0,68.0,76.0,184.0,0.0,0.2,0
18.0,77.0,100.0,210.0,0.0,0.3,0
47.0,30.0,88.0,197.0,0.0,2.1,1
62.0,40.0,107.0,172.0,0.0,0.9,0
51.0,61.0,80.0,170.0,0.0,0.5,0
65.0,62.0,61.0,153.0,0.0,0.1,0
61.0,63.0,36.0,165.0,0.0,0.5,0
47.0,64.0,60.0,160.0,0.0,1.0,0
67.0,51.0,72.0,162.0,0.0,0.4,0
74.0,42.0,175.0,126.0,1.0,1.3,1
64.0,72.0,151.0,101.0,0.0,1.8,1
63.0,65.0,100.0,142.0,1.0,0.3,0
38.0,59.0,119.0,188.0,1.0,0.4,0
56.0,54.0,129.0,160.0,0.0,0.9,0
58.0,48.0,106.0,197.0,0.0,0.6,0
41.0,67.0,120.0,205.0,0.0,3.3,0
50.0,51.0,149.0,159.0,1.0,0.4,1
45.0,66.0,125.0,192.0,0.0,1.7,0
70.0,75.0,110.0,147.0,0.0,0.5,1
41.0,62.0,90.0,193.0,0.0,0.7,0
57.0,47.0,99.0,144.0,0.0,0.1,0
53.0,51.0,109.0,179.0,0.0,0.3,0
61.0,85.0,116.0,155.0,0.0,2.5,0
53.0,47.0,145.0,152.0,1.0,2.5,1
42.0,48.0,135.0,178.0,0.0,0.2,0
57.0,57.0,137.0,153.0,1.0,0.5,1
80.0,33.0,102.0,137.0,1.0,3.7,1
60.0,72.0,96.0,130.0,1.0,2.5,1
68.0,70.0,73.0,166.0,0.0,0.5,0
33.0,61.0,106.0,194.0,0.0,0.3,0
78.0,57.0,108.0,104.0,0.0,2.7,1
70.0,65.0,62.0,167.0,0.0,0.2,0
53.0,74.0,103.0,177.0,1.0,1.1,0
63.0,43.0,91.0,106.0,1.0,0.4,1
77.0,49.0,127.0,125.0,0.0,1.2,1
53.0,70.0,81.0,180.0,0.0,0.6,0
40.0,49.0,105.0,187.0,0.0,0.7,0
65.0,53.0,119.0,127.0,0.0,2.3,1
51.0,66.0,128.0,143.0,0.0,0.5,1
61.0,47.0,128.0,155.0,0.0,0.2,0
50.0,46.0,101.0,138.0,0.0,0.1,1
34.0,46.0,62.0,192.0,0.0,1.0,0
48.0,44.0,82.0,146.0,1.0,0.1,1
61.0,64.0,156.0,162.0,1.0,0.4,0
39.0,49.0,98.0,155.0,1.0,1.8,1
75.0,32.0,66.0,112.0,0.0,5.9,1
27.0,63.0,94.0,191.0,0.0,0.6,0
42.0,63.0,110.0,191.0,0.0,2.3,0
57.0,58.0,104.0,177.0,0.0,2.4,0
56.0,61.0,117.0,185.0,0.0,0.3,0
64.0,47.0,97.0,194.0,0.0,2.2,0
56.0,68.0,148.0,149.0,1.0,0.8,0
75.0,64.0,106.0,136.0,1.0,0.2,1
48.0,62.0,105.0,174.0,0.0,0.9,0
62.0,64.0,47.0,165.0,1.0,2.7,0
45.0,51.0,131.0,185.0,0.0,0.7,0
69.0,52.0,113.0,140.0,0.0,3.5,1
51.0,67.0,107.0,155.0,0.0,0.4,0
50.0,50.0,126.0,163.0,0.0,0.7,0
54.0,57.0,114.0,140.0,0.0,1.2,1
42.0,63.0,74.0,191.0,0.0,0.3,0
49.0,20.0,108.0,172.0,0.0,0.2,0
33.0,51.0,54.0,189.0,0.0,0.2,0
50.0,25.0,84.0,172.0,1.0,1.7,0
53.0,66.0,148.0,150.0,0.0,0.3,0
62.0,47.0,121.0,144.0,0.0,0.3,0
48.0,46.0,89.0,172.0,0.0,0.3,0
37.0,52.0,93.0,210.0,0.0,0.6,0
53.0,55.0,116.0,185.0,0.0,0.4,0
46.0,79.0,45.0,177.0,1.0,1.7,1
42.0,65.0,85.0,150.0,0.0,0.5,1
77.0,49.0,178.0,114.0,0.0,3.0,1
51.0,68.0,96.0,181.0,0.0,0.1,0
90.0,67.0,82.0,138.0,0.0,0.9,0
49.0,48.0,42.0,162.0,0.0,0.1,0
40.0,71.0,129.0,191.0,0.0,0.4,0
51.0,54.0,119.0,173.0,0.0,1.0,0
43.0,82.0,87.0,192.0,0.0,0.6,0
64.0,50.0,56.0,164.0,0.0,0.1,0
47.0,43.0,60.0,186.0,0.0,0.7,0
54.0,67.0,130.0,166.0,0.0,1.0,0
65.0,47.0,127.0,159.0,0.0,1.1,0
53.0,50.0,94.0,170.0,1.0,0.9,0
57.0,23.0,109.0,147.0,1.0,0.1,1
46.0,69.0,138.0,148.0,0.0,2.1,1
66.0,32.0,111.0,135.0,0.0,0.1,0
76.0,49.0,131.0,125.0,1.0,0.2,1
52.0,28.0,91.0,160.0,0.0,0.4,0
42.0,58.0,80.0,172.0,0.0,0.4,0
56.0,48.0,90.0,153.0,0.0,0.8,1
77.0,58.0,87.0,146.0,1.0,0.8,0
52.0,59.0,93.0,177.0,0.0,0.3,0
74.0,72.0,101.0,131.0,1.0,1.2,1
43.0,63.0,63.0,181.0,0.0,1.1,0
52.0,66.0,100.0,179.0,0.0,0.1,0
68.0,38.0,137.0,138.0,0.0,0.9,1
58.0,51.0,95.0,155.0,0.0,1.0,0
49.0,82.0,111.0,161.0,1.0,0.9,0
77.0,61.0,112.0,141.0,0.0,0.1,0
54.0,62.0,134.0,162.0,0.0,0.2,0
56.0,53.0,142.0,153.0,1.0,1.1,1
51.0,40.0,160.0,148.0,0.0,2.7,1
43.0,64.0,184.0,154.0,0.0,0.2,1
57.0,62.0,112.0,180.0,0.0,0.3,0
71.0,56.0,117.0,119.0,1.0,1.2,1
53.0,54.0,94.0,161.0,0.0,1.5,0
71.0,64.0,138.0,144.0,0.0,0.6,1
43.0,86.0,43.0,179.0,0.0,0.2,0
57.0,64.0,109.0,158.0,0.0,0.8,0
63.0,51.0,101.0,127.0,0.0,0.8,0
61.0,44.0,135.0,147.0,1.0,2.0,1
52.0,77.0,94.0,147.0,1.0,1.6,1
29.0,39.0,146.0,173.0,1.0,5.7,1
52.0,58.0,148.0,156.0,0.0,1.8,0
66.0,59.0,145.0,124.0,0.0,1.5,1
63.0,61.0,105.0,171.0,0.0,1.4,0
53.0,55.0,119.0,169.0,0.0,0.2,0
72.0,69.0,113.0,140.0,1.0,0.5,1
40.0,42.0,79.0,193.0,0.0,1.1,0
60.0,48.0,148.0,166.0,1.0,1.3,1
76.0,42.0,117.0,117.0,0.0,4.4,1
75.0,69.0,69.0,155.0,0.0,1.4,0
80.0,66.0,122.0,122.0,0.0,0.4,1
38.0,62.0,129.0,193.0,0.0,0.1,0
49.0,56.0,80.0,171.0,0.0,0.5,0
56.0,31.0,97.0,151.0,0.0,1.5,1
65.0,58.0,81.0,130.0,0.0,1.4,0
39.0,79.0,38.0,197.0,1.0,0.6,0
58.0,39.0,88.0,150.0,1.0,1.2,1
44.0,47.0,107.0,145.0,0.0,3.2,1
53.0,88.0,112.0,162.0,1.0,0.3,1
33.0,73.0,68.0,171.0,0.0,0.1,0
63.0,79.0,90.0,130.0,0.0,2.6,1
29.0,71.0,101.0,169.0,1.0,1.0,0
59.0,48.0,134.0,158.0,1.0,0.3,1
38.0,37.0,113.0,185.0,0.0,0.4,0
44.0,59.0,139.0,165.0,0.0,2.4,0
62.0,53.0,131.0,147.0,0.0,0.2,0
58.0,53.0,113.0,162.0,1.0,4.8,1
38.0,46.0,72.0,188.0,0.0,0.4,0
23.0,54.0,81.0,203.0,0.0,1.3,0
57.0,77.0,53.0,131.0,1.0,1.7,1
57.0,52.0,121.0,158.0,1.0,2.5,1
34.0,66.0,139.0,192.0,0.0,0.9,0
78.0,68.0,92.0,155.0,0.0,0.9,0
66.0,55.0,71.0,144.0,0.0,1.2,0
35.0,60.0,98.0,204.0,1.0,0.3,0
66.0,45.0,119.0,143.0,0.0,1.1,0
36.0,54.0,84.0,198.0,0.0,0.9,0
75.0,55.0,152.0,124.0,1.0,1.2,1
76.0,48.0,104.0,137.0,1.0,0.3,0
77.0,57.0,175.0,146.0,1.0,4.4,1
38.0,35.0,98.0,197.0,0.0,0.2,0
50.0,72.0,101.0,198.0,0.0,0.9,0
37.0,53.0,82.0,175.0,0.0,0.6,0
41.0,33.0,117.0,172.0,0.0,0.2,0
81.0,54.0,122.0,133.0,0.0,0.6,0
56.0,65.0,68.0,174.0,0.0,0.8,0
51.0,39.0,133.0,158.0,1.0,0.9,1
52.0,27.0,127.0,143.0,0.0,1.3,1
43.0,34.0,100.0,165.0,1.0,2.6,1
47.0,60.0,90.0,183.0,0.0,1.5,0
61.0,54.0,92.0,189.0,1.0,1.9,0
50.0,64.0,104.0,155.0,0.0,0.7,1
49.0,58.0,85.0,168.0,1.0,1.1,0
52.0,61.0,89.0,177.0,0.0,0.7,0
55.0,43.0,74.0,170.0,1.0,0.4,0
52.0,46.0,135.0,189.0,0.0,1.8,0
48.0,72.0,134.0,176.0,0.0,0.1,0
48.0,69.0,116.0,184.0,0.0,0.6,0
60.0,69.0,119.0,174.0,0.0,0.0,0
50.0,56.0,131.0,181.0,0.0,0.2,0
51.0,54.0,122.0,187.0,0.0,1.4,1
45.0,86.0,97.0,190.0,0.0,1.0,0
53.0,50.0,114.0,185.0,0.0,1.1,0
61.0,45.0,121.0,180.0,0.0,0.1,0
30.0,55.0,76.0,191.0,0.0,0.3,0
57.0,38.0,144.0,161.0,1.0,1.8,1
62.0,60.0,99.0,163.0,0.0,0.5,0
54.0,47.0,81.0,161.0,0.0,1.6,1
46.0,55.0,107.0,188.0,0.0,1.6,0
67.0,46.0,152.0,156.0,0.0,1.8,1
67.0,40.0,109.0,152.0,0.0,0.7,1
42.0,40.0,107.0,188.0,0.0,0.2,0
60.0,62.0,102.0,152.0,0.0,0.4,0
57.0,38.0,136.0,148.0,0.0,3.1,1
27.0,45.0,77.0,205.0,0.0,0.7,0
58.0,48.0,66.0,167.0,1.0,1.0,0
36.0,49.0,90.0,206.0,0.0,0.8,0
54.0,66.0,98.0,185.0,0.0,1.5,0
35.0,62.0,93.0,186.0,0.0,1.6,1
61.0,39.0,132.0,155.0,1.0,1.4,1
85.0,38.0,128.0,126.0,0.0,1.7,0
46.0,38.0,106.0,169.0,0.0,1.2,0
42.0,55.0,125.0,196.0,0.0,1.0,0
33.0,86.0,120.0,202.0,0.0,0.9,0
41.0,53.0,152.0,161.0,0.0,1.3,1
68.0,53.0,159.0,154.0,0.0,0.7,1
55.0,60.0,77.0,177.0,1.0,0.1,0
31.0,52.0,143.0,210.0,0.0,0.1,0
51.0,48.0,136.0,168.0,0.0,3.6,0
49.0,56.0,46.0,160.0,0.0,0.1,0
62.0,47.0,109.0,168.0,0.0,0.5,0
47.0,53.0,85.0,169.0,0.0,2.2,1
59.0,52.0,68.0,161.0,0.0,0.1,1
53.0,52.0,139.0,167.0,1.0,1.5,1
32.0,50.0,98.0,190.0,1.0,1.0,0
40.0,27.0,126.0,175.0,0.0,1.4,1
71.0,51.0,93.0,160.0,0.0,1.4,0
59.0,41.0,134.0,181.0,0.0,0.3,0
56.0,46.0,63.0,178.0,0.0,0.3,0
54.0,42.0,88.0,183.0,0.0,0.8,0
33.0,59.0,88.0,190.0,0.0,1.1,0
50.0,57.0,99.0,171.0,0.0,1.0,0
60.0,50.0,69.0,177.0,0.0,0.2,0
64.0,38.0,84.0,156.0,0.0,1.3,0
68.0,61.0,99.0,147.0,0.0,1.4,0
59.0,47.0,71.0,161.0,0.0,1.9,0
62.0,67.0,97.0,155.0,1.0,2.0,0
47.0,50.0,92.0,197.0,0.0,0.1,0
73.0,31.0,109.0,131.0,0.0,0.3,0
42.0,73.0,53.0,181.0,0.0,0.8,0
59.0,60.0,99.0,162.0,0.0,1.8,0
51.0,71.0,94.0,148.0,0.0,0.0,0
71.0,56.0,69.0,153.0,0.0,0.8,0
53.0,52.0,137.0,148.0,0.0,1.3,1
64.0,78.0,157.0,154.0,0.0,1.2,0
45.0,49.0,59.0,163.0,0.0,0.5,0
70.0,51.0,120.0,142.0,0.0,0.8,1
67.0,50.0,115.0,138.0,1.0,1.0,1
75.0,53.0,100.0,159.0,0.0,0.1,0
51.0,36.0,49.0,172.0,0.0,0.1,0
66.0,53.0,123.0,127.0,0.0,1.2,1
64.0,50.0,87.0,137.0,0.0,3.6,1
70.0,28.0,117.0,128.0,1.0,1.0,1
64.0,58.0,104.0,155.0,0.0,1.1,0
57.0,53.0,140.0,160.0,0.0,0.5,0
70.0,65.0,63.0,136.0,0.0,0.5,0
20.0,62.0,91.0,195.0,0.0,1.2,0
51.0,51.0,97.0,159.0,1.0,3.1,1
44.0,60.0,117.0,186.0,0.0,0.9,0
70.0,58.0,117.0,139.0,0.0,0.2,0
52.0,87.0,43.0,188.0,0.0,1.2,0
65.0,67.0,118.0,140.0,0.0,0.2,1
57.0,62.0,112.0,141.0,1.0,0.6,1
69.0,49.0,56.0,138.0,0.0,1.7,0
66.0,49.0,124.0,139.0,1.0,0.3,1
55.0,79.0,109.0,149.0,1.0,1.9,1
62.0,47.0,175.0,152.0,0.0,5.2,1
55.0,75.0,105.0,142.0,0.0,2.0,1
49.0,53.0,113.0,166.0,1.0,0.8,1
62.0,48.0,91.0,140.0,0.0,0.7,0
75.0,45.0,107.0,136.0,0.0,1.0,1
66.0,56.0,78.0,157.0,0.0,0.6,0
45.0,57.0,77.0,200.0,0.0,1.6,0
66.0,54.0,108.0,141.0,0.0,1.4,0
45.0,65.0,87.0,187.0,0.0,0.7,0
18.0,68.0,129.0,205.0,0.0,0.9,0
43.0,73.0,69.0,194.0,0.0,0.8,0
57.0,57.0,119.0,159.0,0.0,1.8,0
36.0,29.0,86.0,171.0,0.0,0.3,0
57.0,29.0,128.0,166.0,0.0,2.5,1
70.0,71.0,99.0,132.0,0.0,0.1,1
54.0,81.0,108.0,172.0,0.0,0.6,0
61.0,37.0,91.0,154.0,0.0,0.9,0
51.0,62.0,136.0,156.0,0.0,1.5,0
24.0,65.0,129.0,207.0,0.0,2.0,0
58.0,57.0,130.0,170.0,0.0,1.0,0
45.0,35.0,115.0,167.0,1.0,2.1,1
59.0,63.0,110.0,161.0,0.0,0.1,0
29.0,40.0,74.0,182.0,0.0,0.6,0
57.0,47.0,150.0,148.0,0.0,1.3,1
62.0,34.0,142.0,169.0,1.0,2.0,1
73.0,52.0,53.0,163.0,0.0,1.4,0
58.0,43.0,100.0,163.0,1.0,0.8,0
38.0,76.0,76.0,210.0,0.0,0.6,0
55.0,50.0,73.0,162.0,0.0,1.6,0
30.0,47.0,139.0,185.0,0.0,1.1,0
30.0,61.0,101.0,198.0,0.0,0.5,0
58.0,55.0,126.0,163.0,1.0,1.1,1
62.0,60.0,108.0,154.0,0.0,0.5,0
58.0,41.0,161.0,142.0,0.0,0.4,1
71.0,41.0,121.0,139.0,1.0,3.1,1
65.0,68.0,122.0,140.0,1.0,2.6,1
62.0,47.0,120.0,155.0,0.0,0.2,0
34.0,39.0,144.0,210.0,0.0,0.6,0
46.0,57.0,110.0,171.0,0.0,0.3,0
57.0,43.0,126.0,143.0,1.0,1.3,1
36.0,58.0,101.0,203.0,0.0,0.2,0
39.0,65.0,105.0,180.0,1.0,0.4,0
35.0,51.0,104.0,187.0,0.0,0.3,0
46.0,70.0,114.0,154.0,0.0,0.4,0
57.0,52.0,99.0,162.0,0.0,1.0,0
70.0,50.0,121.0,132.0,0.0,0.6,1
55.0,40.0,83.0,162.0,0.0,4.1,1
50.0,71.0,96.0,190.0,1.0,1.6,0
41.0,59.0,71.0,179.0,0.0,0.1,0
72.0,42.0,101.0,144.0,0.0,0.2,0
58.0,55.0,100.0,144.0,0.0,0.2,0
64.0,82.0,75.0,152.0,0.0,0.3,0
41.0,75.0,62.0,194.0,0.0,2.8,0
38.0,46.0,89.0,164.0,0.0,1.1,0
58.0,53.0,40.0,161.0,0.0,0.6,0
56.0,64.0,105.0,175.0,0.0,0.5,0
71.0,50.0,162.0,152.0,1.0,1.3,1
46.0,76.0,90.0,180.0,0.0,0.3,0
52.0,51.0,125.0,179.0,0.0,0.5,0
48.0,52.0,90.0,169.0,0.0,0.3,0
68.0,46.0,146.0,129.0,1.0,0.4,1
44.0,40.0,126.0,169.0,1.0,0.2,1
65.0,61.0,183.0,142.0,1.0,2.1,1
54.0,75.0,117.0,175.0,1.0,0.4,1
62.0,51.0,109.0,133.0,0.0,1.9,1
72.0,48.0,83.0,163.0,1.0,0.9,0
61.0,70.0,137.0,157.0,0.0,0.9,1
80.0,45.0,92.0,163.0,0.0,0.2,0
59.0,56.0,128.0,163.0,0.0,2.9,0
31.0,44.0,131.0,178.0,0.0,0.6,1
60.0,43.0,85.0,146.0,1.0,1.5,1
52.0,74.0,111.0,184.0,0.0,0.8,0
43.0,61.0,114.0,189.0,0.0,0.3,0
52.0,56.0,35.0,183.0,0.0,0.5,0
43.0,50.0,84.0,193.0,0.0,0.3,0
60.0,53.0,118.0,183.0,0.0,0.2,0
58.0,57.0,79.0,182.0,0.0,0.8,0
66.0,49.0,137.0,140.0,0.0,1.3,1
63.0,78.0,166.0,181.0,0.0,0.4,0
63.0,57.0,147.0,144.0,1.0,3.8,1
36.0,68.0,121.0,198.0,1.0,0.1,0
51.0,41.0,130.0,188.0,1.0,0.1,0
29.0,50.0,116.0,191.0,0.0,0.4,0
62.0,63.0,128.0,151.0,0.0,1.1,0
54.0,58.0,53.0,189.0,0.0,0.8,0
58.0,65.0,95.0,153.0,0.0,2.0,1
53.0,58.0,153.0,178.0,0.0,1.5,0
58.0,67.0,91.0,150.0,0.0,0.6,0
28.0,66.0,54.0,204.0,1.0,0.9,0
59.0,44.0,142.0,133.0,0.0,1.6,1
77.0,60.0,99.0,136.0,0.0,1.2,0
59.0,65.0,94.0,185.0,0.0,0.1,0
48.0,72.0,100.0,185.0,0.0,0.4,0
72.0,41.0,79.0,143.0,0.0,1.2,0
59.0,70.0,71.0,181.0,0.0,0.7,0
59.0,61.0,141.0,165.0,0.0,0.7,0
80.0,74.0,124.0,134.0,0.0,0.1,0
60.0,48.0,49.0,177.0,0.0,0.4,0
46.0,47.0,126.0,157.0,0.0,3.1,1
43.0,41.0,100.0,176.0,0.0,0.2,0
69.0,26.0,144.0,129.0,0.0,1.1,1
33.0,43.0,79.0,193.0,0.0,0.1,0
48.0,51.0,93.0,181.0,0.0,0.5,0
45.0,67.0,127.0,166.0,0.0,0.2,0
67.0,67.0,109.0,158.0,0.0,0.1,1
51.0,34.0,81.0,140.0,1.0,0.8,1
56.0,64.0,82.0,170.0,0.0,0.0,0
30.0,49.0,99.0,203.0,0.0,0.9,0
47.0,54.0,104.0,178.0,0.0,0.5,0
54.0,51.0,102.0,171.0,0.0,0.3,0
53.0,53.0,94.0,152.0,0.0,0.7,0
54.0,63.0,112.0,151.0,0.0,1.8,1
62.0,57.0,105.0,171.0,0.0,0.3,0
57.0,61.0,120.0,163.0,0.0,0.9,0
71.0,66.0,103.0,162.0,0.0,0.3,0
47.0,45.0,121.0,154.0,1.0,1.1,1
52.0,56.0,87.0,169.0,0.0,0.7,0
48.0,58.0,105.0,186.0,0.0,0.8,0
74.0,71.0,120.0,135.0,0.0,0.2,0
71.0,67.0,89.0,128.0,0.0,0.1,0
37.0,43.0,117.0,197.0,0.0,0.7,0
37.0,67.0,61.0,180.0,0.0,0.8,0
66.0,59.0,87.0,137.0,0.0,2.1,1
67.0,55.0,139.0,174.0,0.0,1.3,0
61.0,60.0,96.0,145.0,1.0,2.5,1
35.0,39.0,109.0,210.0,0.0,2.0,0
47.0,55.0,56.0,171.0,0.0,0.3,0
46.0,51.0,116.0,146.0,0.0,0.7,1
51.0,59.0,167.0,185.0,1.0,2.2,1
52.0,68.0,161.0,162.0,0.0,0.4,0
33.0,66.0,103.0,176.0,0.0,0.3,0
45.0,54.0,62.0,175.0,0.0,1.5,0
47.0,47.0,136.0,186.0,0.0,0.1,0
27.0,59.0,89.0,208.0,0.0,1.6,0
76.0,57.0,130.0,135.0,1.0,1.6,1
76.0,63.0,141.0,141.0,0.0,0.4,0
43.0,57.0,124.0,157.0,0.0,1.2,1
47.0,51.0,115.0,193.0,0.0,0.0,0
47.0,64.0,96.0,189.0,0.0,0.1,0
44.0,50.0,141.0,156.0,1.0,3.1,1
61.0,34.0,86.0,165.0,0.0,1.2,1
40.0,61.0,88.0,195.0,0.0,0.6,0
66.0,68.0,95.0,156.0,0.0,0.8,0
62.0,54.0,99.0,173.0,0.0,1.1,0
54.0,53.0,64.0,167.0,0.0,0.1,0
79.0,42.0,105.0,165.0,0.0,3.0,0
65.0,43.0,35.0,158.0,0.0,1.0,0
49.0,59.0,88.0,164.0,0.0,2.0,0
51.0,70.0,126.0,181.0,0.0,0.5,0
69.0,38.0,102.0,130.0,1.0,0.2,1
44.0,54.0,115.0,166.0,0.0,0.4,0
40.0,57.0,117.0,201.0,1.0,2.5,0
65.0,49.0,93.0,150.0,0.0,0.1,0
64.0,71.0,75.0,158.0,0.0,1.7,0
45.0,42.0,153.0,161.0,1.0,1.0,1
79.0,39.0,110.0,141.0,0.0,2.9,1
49.0,74.0,66.0,164.0,0.0,0.1,0
68.0,58.0,95.0,125.0,0.0,0.4,1
60.0,44.0,129.0,168.0,1.0,1.4,0
44.0,34.0,123.0,183.0,0.0,0.2,0
53.0,44.0,90.0,179.0,0.0,0.9,0
22.0,76.0,49.0,203.0,1.0,1.4,0
67.0,47.0,62.0,157.0,0.0,0.7,0
55.0,55.0,117.0,132.0,0.0,1.0,1
67.0,51.0,114.0,153.0,0.0,2.0,0
44.0,30.0,119.0,162.0,0.0,0.6,1
52.0,49.0,60.0,167.0,0.0,0.6,0
36.0,54.0,107.0,189.0,0.0,0.3,0
45.0,59.0,102.0,192.0,0.0,0.3,0
64.0,49.0,153.0,142.0,1.0,1.0,1
61.0,56.0,123.0,182.0,1.0,0.4,0
72.0,35.0,114.0,141.0,0.0,0.2,1
68.0,59.0,136.0,161.0,0.0,1.0,0
57.0,56.0,128.0,167.0,0.0,0.1,0
22.0,56.0,35.0,206.0,0.0,1.7,0
73.0,38.0,118.0,122.0,0.0,0.8,1
57.0,32.0,135.0,133.0,0.0,1.1,1
90.0,77.0,109.0,133.0,0.0,0.2,0
79.0,58.0,61.0,125.0,0.0,0.4,0
63.0,46.0,100.0,140.0,0.0,1.1,1
58.0,79.0,136.0,173.0,1.0,1.0,1
51.0,48.0,93.0,148.0,0.0,0.4,0
40.0,51.0,110.0,182.0,0.0,0.9,0
46.0,74.0,70.0,210.0,0.0,1.3,0
54.0,62.0,105.0,147.0,0.0,0.6,0
41.0,60.0,65.0,194.0,0.0,0.4,0
51.0,72.0,89.0,165.0,0.0,2.4,1
68.0,46.0,91.0,161.0,1.0,0.8,1
41.0,47.0,38.0,188.0,1.0,0.1,0
52.0,47.0,124.0,160.0,0.0,0.3,1
50.0,42.0,79.0,161.0,0.0,1.5,0
56.0,42.0,67.0,179.0,0.0,0.2,0
42.0,43.0,61.0,157.0,0.0,5.4,1
49.0,61.0,90.0,162.0,0.0,0.2,0
24.0,65.0,123.0,180.0,1.0,0.4,0
52.0,65.0,128.0,187.0,1.0,0.9,0
63.0,48.0,105.0,163.0,0.0,0.2,0
63.0,52.0,112.0,160.0,1.0,0.7,1
69.0,56.0,126.0,153.0,1.0,0.3,1
41.0,42.0,115.0,168.0,0.0,0.4,1
58.0,82.0,63.0,176.0,0.0,0.2,0
56.0,49.0,181.0,161.0,0.0,0.1,1
51.0,32.0,90.0,177.0,0.0,1.1,0
59.0,48.0,99.0,148.0,0.0,0.5,0
55.0,77.0,107.0,172.0,0.0,0.1,0
42.0,62.0,48.0,178.0,0.0,0.2,0
76.0,51.0,129.0,124.0,0.0,0.1,1
75.0,80.0,90.0,167.0,0.0,3.1,0
39.0,66.0,132.0,171.0,0.0,0.5,0
62.0,63.0,85.0,153.0,0.0,0.5,0
46.0,75.0,91.0,157.0,0.0,1.0,0
65.0,83.0,99.0,149.0,0.0,1.1,0
44.0,56.0,170.0,191.0,0.0,0.4,0
39.0,79.0,110.0,167.0,0.0,0.4,0
61.0,49.0,110.0,151.0,0.0,1.1,0
48.0,50.0,129.0,177.0,0.0,0.1,0
58.0,61.0,107.0,152.0,1.0,0.3,1
49.0,37.0,93.0,149.0,0.0,3.0,1
40.0,55.0,106.0,197.0,0.0,0.1,0
21.0,61.0,35.0,204.0,0.0,0.3,0
67.0,56.0,66.0,161.0,0.0,0.4,0
59.0,47.0,99.0,164.0,0.0,0.5,0
26.0,66.0,105.0,195.0,0.0,0.8,0
40.0,55.0,94.0,187.0,0.0,0.6,0
51.0,51.0,126.0,187.0,0.0,2.0,1
71.0,34.0,135.0,125.0,0.0,1.9,1
63.0,51.0,135.0,122.0,0.0,1.8,1
65.0,54.0,112.0,142.0,0.0,2.5,1
59.0,35.0,188.0,169.0,1.0,0.7,1
54.0,62.0,68.0,178.0,0.0,0.2,0
56.0,57.0,147.0,142.0,0.0,1.6,1
60.0,64.0,85.0,168.0,0.0,0.6,0
46.0,53.0,108.0,190.0,0.0,0.5,0
27.0,51.0,125.0,210.0,0.0,1.0,0
59.0,53.0,131.0,167.0,1.0,1.0,0
52.0,77.0,119.0,190.0,0.0,1.0,0
35.0,59.0,87.0,192.0,1.0,1.2,0
51.0,46.0,77.0,185.0,0.0,0.2,0
69.0,64.0,91.0,160.0,0.0,0.6,0
42.0,47.0,118.0,163.0,0.0,0.8,0
50.0,47.0,88.0,193.0,0.0,1.9,0
48.0,51.0,120.0,158.0,1.0,4.6,1
43.0,78.0,111.0,165.0,0.0,0.4,0
45.0,56.0,62.0,187.0,0.0,0.4,0
51.0,50.0,122.0,192.0,0.0,0.3,0
65.0,73.0,186.0,144.0,0.0,0.1,1
55.0,44.0,114.0,149.0,0.0,0.5,0
65.0,47.0,89.0,160.0,0.0,0.6,0
51.0,63.0,55.0,160.0,0.0,0.3,0
55.0,60.0,116.0,192.0,0.0,0.1,0
34.0,63.0,81.0,205.0,0.0,0.2,0
60.0,61.0,201.0,172.0,0.0,0.2,0
66.0,42.0,81.0,182.0,1.0,2.0,0
55.0,69.0,73.0,161.0,0.0,2.8,0
67.0,54.0,146.0,148.0,0.0,2.2,1
69.0,59.0,99.0,157.0,0.0,0.7,0
56.0,64.0,60.0,168.0,1.0,2.1,0
60.0,48.0,152.0,133.0,1.0,0.6,1
79.0,42.0,139.0,157.0,0.0,0.1,0
44.0,55.0,141.0,177.0,1.0,1.5,1
59.0,59.0,94.0,161.0,0.0,1.6,0
78.0,47.0,92.0,156.0,0.0,0.1,0
46.0,77.0,115.0,182.0,0.0,1.6,0
79.0,84.0,85.0,165.0,0.0,1.0,0
56.0,63.0,94.0,158.0,1.0,1.6,1
46.0,69.0,90.0,201.0,0.0,0.1,0
62.0,34.0,120.0,156.0,0.0,0.2,0
65.0,76.0,36.0,147.0,0.0,0.6,0
49.0,62.0,101.0,169.0,0.0,1.1,0
58.0,40.0,105.0,167.0,0.0,2.6,1
50.0,73.0,135.0,169.0,0.0,0.2,0
48.0,58.0,122.0,167.0,1.0,2.5,1
60.0,48.0,131.0,154.0,0.0,3.6,0
67.0,67.0,63.0,163.0,0.0,1.2,0
44.0,77.0,61.0,177.0,0.0,0.1,0
53.0,47.0,133.0,165.0,0.0,0.5,0
81.0,64.0,101.0,135.0,0.0,0.2,0
62.0,60.0,70.0,148.0,1.0,0.7,1
36.0,50.0,52.0,207.0,0.0,1.4,0
65.0,33.0,130.0,116.0,1.0,1.9,1
40.0,40.0,82.0,169.0,0.0,0.4,1
35.0,80.0,102.0,210.0,0.0,0.5,0
54.0,52.0,84.0,150.0,1.0,0.5,1
73.0,70.0,65.0,149.0,0.0,0.0,0
67.0,38.0,113.0,151.0,0.0,0.7,1
73.0,54.0,65.0,125.0,1.0,3.2,1
65.0,49.0,131.0,147.0,1.0,0.4,1
50.0,42.0,97.0,175.0,0.0,1.8,1
61.0,56.0,145.0,177.0,0.0,3.5,0
78.0,51.0,133.0,148.0,1.0,1.4,0
81.0,63.0,111.0,123.0,1.0,1.1,1
35.0,56.0,119.0,176.0,1.0,0.1,0
59.0,78.0,106.0,164.0,0.0,1.4,0
46.0,62.0,105.0,176.0,0.0,0.5,0
67.0,59.0,100.0,163.0,0.0,1.8,0
64.0,45.0,90.0,145.0,1.0,1.8,1
55.0,43.0,95.0,157.0,1.0,3.4,1
46.0,40.0,107.0,159.0,1.0,1.7,1
60.0,47.0,98.0,171.0,0.0,0.3,0
54.0,54.0,83.0,169.0,1.0,0.1,0
57.0,72.0,55.0,165.0,0.0,0.7,0
53.0,70.0,103.0,192.0,0.0,2.1,0
59.0,56.0,76.0,149.0,0.0,2.6,0
55.0,56.0,101.0,153.0,0.0,0.1,0
65.0,66.0,70.0,151.0,0.0,0.2,0
19.0,52.0,56.0,184.0,0.0,2.1,0
52.0,54.0,61.0,164.0,0.0,0.3,0
49.0,58.0,71.0,164.0,0.0,0.5,0
59.0,53.0,80.0,164.0,0.0,0.6,0
66.0,60.0,89.0,139.0,0.0,2.1,1
58.0,74.0,80.0,171.0,1.0,0.3,0
56.0,38.0,62.0,151.0,0.0,1.6,0
49.0,71.0,104.0,172.0,0.0,0.1,0
64.0,39.0,122.0,141.0,1.0,0.3,1
79.0,60.0,90.0,155.0,1.0,1.9,0
60.0,45.0,88.0,161.0,0.0,0.3,0
58.0,71.0,43.0,160.0,0.0,0.5,0
60.0,42.0,69.0,145.0,0.0,1.3,0
48.0,54.0,84.0,197.0,0.0,0.5,0
45.0,38.0,95.0,194.0,0.0,0.1,0
44.0,80.0,80.0,177.0,0.0,0.9,0
57.0,34.0,64.0,177.0,1.0,0.9,0
64.0,67.0,95.0,133.0,1.0,2.0,1
58.0,56.0,156.0,160.0,0.0,1.3,1
51.0,63.0,82.0,166.0,0.0,0.8,0
63.0,50.0,130.0,152.0,0.0,1.5,1
50.0,56.0,70.0,169.0,1.0,0.4,0
59.0,53.0,97.0,166.0,0.0,0.1,0
48.0,67.0,107.0,187.0,0.0,0.6,0
59.0,59.0,69.0,174.0,1.0,1.7,0
43.0,43.0,110.0,165.0,0.0,1.2,0
34.0,75.0,74.0,188.0,1.0,1.7,0
61.0,23.0,64.0,138.0,0.0,1.9,1
73.0,41.0,135.0,124.0,1.0,0.7,1
49.0,45.0,153.0,194.0,0.0,0.1,0
22.0,55.0,102.0,199.0,1.0,2.2,0
69.0,44.0,106.0,138.0,1.0,1.8,0
56.0,43.0,132.0,173.0,0.0,0.2,0
85.0,60.0,142.0,128.0,1.0,1.5,1
73.0,58.0,100.0,127.0,1.0,2.0,1
48.0,47.0,74.0,185.0,0.0,0.2,0
54.0,46.0,87.0,130.0,0.0,0.2,1
61.0,51.0,65.0,172.0,0.0,3.1,0
47.0,44.0,120.0,176.0,0.0,0.1,0
75.0,65.0,102.0,158.0,0.0,1.1,0
63.0,82.0,119.0,166.0,0.0,1.8,0
45.0,56.0,42.0,189.0,0.0,0.1,0
72.0,70.0,111.0,148.0,0.0,3.1,0
38.0,39.0,81.0,175.0,0.0,1.9,0
62.0,34.0,123.0,157.0,0.0,0.5,0
38.0,64.0,119.0,184.0,0.0,0.5,0
68.0,58.0,107.0,144.0,1.0,0.8,1
44.0,57.0,102.0,176.0,0.0,0.7,0
48.0,53.0,113.0,173.0,0.0,0.7,0
59.0,57.0,154.0,138.0,0.0,0.3,1
59.0,54.0,62.0,175.0,1.0,1.1,0
59.0,53.0,83.0,176.0,0.0,1.3,0
56.0,19.0,90.0,156.0,0.0,2.6,1
42.0,70.0,47.0,180.0,0.0,0.2,0
52.0,40.0,101.0,170.0,0.0,0.4,0
55.0,59.0,105.0,167.0,0.0,2.2,0
59.0,57.0,129.0,180.0,0.0,0.7,0
47.0,63.0,37.0,159.0,1.0,0.3,0
64.0,56.0,115.0,151.0,1.0,0.1,1
49.0,67.0,100.0,189.0,0.0,0.5,0
46.0,57.0,171.0,169.0,1.0,1.6,1
42.0,40.0,75.0,189.0,0.0,0.6,0
42.0,68.0,123.0,173.0,1.0,1.2,0
41.0,42.0,94.0,192.0,0.0,0.7,0
46.0,43.0,94.0,205.0,0.0,0.5,0
73.0,41.0,94.0,158.0,0.0,0.6,0
54.0,43.0,114.0,143.0,1.0,0.8,1
77.0,38.0,112.0,144.0,0.0,0.5,0
31.0,77.0,128.0,196.0,0.0,1.2,0
65.0,61.0,124.0,153.0,0.0,0.4,0
63.0,67.0,94.0,166.0,0.0,0.6,0
32.0,75.0,78.0,184.0,0.0,0.6,0
56.0,39.0,116.0,149.0,0.0,0.2,0
57.0,34.0,111.0,161.0,1.0,0.7,1
59.0,63.0,127.0,164.0,0.0,0.1,0
46.0,46.0,80.0,197.0,0.0,0.2,0
60.0,78.0,85.0,164.0,0.0,0.8,0
67.0,27.0,90.0,142.0,0.0,1.0,1
41.0,73.0,100.0,185.0,0.0,1.2,0
49.0,54.0,139.0,185.0,0.0,1.1,0
62.0,45.0,118.0,128.0,0.0,1.2,1
42.0,47.0,97.0,170.0,0.0,0.4,0
65.0,48.0,115.0,146.0,1.0,1.0,1
54.0,60.0,137.0,184.0,0.0,1.7,0
66.0,59.0,87.0,137.0,1.0,1.6,1
18.0,56.0,74.0,209.0,0.0,0.4,0
67.0,58.0,90.0,136.0,0.0,1.1,1
61.0,54.0,81.0,180.0,1.0,0.9,0
63.0,41.0,102.0,162.0,0.0,1.1,0
45.0,34.0,74.0,170.0,0.0,0.4,0
76.0,77.0,163.0,136.0,0.0,0.8,0
44.0,38.0,92.0,179.0,0.0,0.3,0
66.0,49.0,116.0,121.0,0.0,2.2,1
53.0,55.0,77.0,179.0,0.0,0.9,0
29.0,55.0,112.0,194.0,0.0,0.6,0
63.0,53.0,117.0,172.0,0.0,2.1,0
55.0,54.0,87.0,145.0,0.0,0.2,0
44.0,69.0,102.0,164.0,0.0,1.5,0
52.0,49.0,81.0,164.0,0.0,1.5,0
90.0,51.0,82.0,113.0,0.0,1.2,1
45.0,56.0,139.0,197.0,0.0,1.3,0
67.0,55.0,109.0,140.0,1.0,1.2,1
52.0,50.0,71.0,155.0,1.0,4.8,1
57.0,66.0,111.0,154.0,1.0,1.4,1
67.0,67.0,73.0,121.0,0.0,3.0,1
66.0,55.0,143.0,151.0,1.0,2.9,1
60.0,48.0,140.0,178.0,0.0,0.5,0
41.0,69.0,103.0,188.0,0.0,0.7,0
58.0,35.0,136.0,136.0,1.0,4.3,1
57.0,59.0,118.0,168.0,0.0,0.5,0
46.0,77.0,87.0,152.0,0.0,0.1,0
40.0,59.0,100.0,194.0,0.0,1.4,0
70.0,40.0,104.0,145.0,0.0,1.2,0
39.0,31.0,148.0,151.0,1.0,0.1,1
63.0,50.0,64.0,188.0,0.0,1.5,0
44.0,54.0,104.0,180.0,0.0,0.2,0
63.0,49.0,101.0,154.0,0.0,0.8,0
29.0,54.0,104.0,192.0,1.0,1.0,0
66.0,50.0,75.0,164.0,0.0,0.1,0
50.0,51.0,135.0,171.0,0.0,2.6,0
42.0,60.0,85.0,178.0,1.0,0.2,0
80.0,50.0,90.0,128.0,1.0,0.0,0
54.0,57.0,110.0,173.0,0.0,2.7,0
57.0,52.0,87.0,159.0,1.0,2.0,1
56.0,33.0,106.0,159.0,1.0,0.3,0
64.0,68.0,87.0,141.0,1.0,1.9,0
47.0,34.0,81.0,163.0,0.0,0.1,0
75.0,49.0,124.0,140.0,0.0,0.1,0
44.0,63.0,122.0,193.0,0.0,0.1,0
47.0,71.0,94.0,181.0,0.0,0.1,0
57.0,36.0,105.0,160.0,0.0,0.9,0
82.0,44.0,142.0,153.0,0.0,0.3,0
48.0,54.0,100.0,152.0,0.0,0.7,0
59.0,33.0,105.0,160.0,0.0,0.2,0
48.0,42.0,117.0,187.0,0.0,0.1,0
44.0,50.0,109.0,193.0,0.0,0.5,0
58.0,65.0,94.0,161.0,0.0,1.7,0
73.0,84.0,105.0,152.0,0.0,1.1,0
37.0,40.0,75.0,136.0,1.0,3.1,1
57.0,45.0,87.0,142.0,1.0,3.1,1
61.0,36.0,119.0,130.0,1.0,1.3,1
51.0,23.0,94.0,165.0,1.0,1.4,0
50.0,60.0,35.0,175.0,0.0,0.8,0
44.0,68.0,90.0,193.0,0.0,1.5,0
49.0,68.0,141.0,180.0,0.0,1.7,1
47.0,56.0,110.0,196.0,1.0,0.9,1
66.0,58.0,82.0,133.0,0.0,0.3,0
46.0,96.0,70.0,160.0,0.0,0.9,0
58.0,55.0,75.0,177.0,0.0,0.9,0
71.0,59.0,94.0,112.0,1.0,0.7,1
41.0,62.0,126.0,182.0,0.0,0.4,0
42.0,22.0,136.0,167.0,0.0,3.5,1
55.0,36.0,83.0,164.0,0.0,0.9,0
47.0,44.0,97.0,159.0,0.0,0.4,1
67.0,65.0,122.0,127.0,0.0,0.8,1
64.0,58.0,131.0,124.0,0.0,1.4,1
58.0,53.0,78.0,165.0,0.0,0.5,0
70.0,54.0,98.0,158.0,0.0,0.5,0
50.0,60.0,93.0,181.0,0.0,0.6,0
56.0,56.0,91.0,162.0,0.0,0.2,0
70.0,61.0,170.0,139.0,1.0,0.4,1
86.0,57.0,169.0,136.0,1.0,3.4,1
49.0,50.0,79.0,186.0,0.0,0.6,0
50.0,52.0,140.0,168.0,0.0,0.8,0
75.0,57.0,82.0,137.0,0.0,2.5,0
55.0,46.0,87.0,194.0,1.0,0.2,0
36.0,44.0,122.0,189.0,0.0,0.6,0
60.0,71.0,102.0,158.0,0.0,0.5,0
55.0,58.0,127.0,166.0,0.0,0.2,0
57.0,56.0,115.0,158.0,0.0,0.3,0
67.0,60.0,109.0,162.0,0.0,1.5,0
48.0,67.0,60.0,187.0,1.0,1.2,1
47.0,75.0,131.0,170.0,0.0,0.5,0
45.0,46.0,87.0,181.0,0.0,0.5,0
71.0,56.0,115.0,146.0,0.0,0.8,0
59.0,33.0,93.0,134.0,0.0,0.1,1
21.0,47.0,59.0,186.0,0.0,0.6,0
67.0,50.0,111.0,144.0,0.0,1.4,0
60.0,73.0,140.0,172.0,0.0,0.1,0
18.0,44.0,46.0,210.0,0.0,0.2,0
76.0,56.0,106.0,147.0,0.0,0.6,0
79.0,35.0,147.0,147.0,0.0,1.0,0
56.0,50.0,70.0,153.0,1.0,0.6,1
63.0,33.0,82.0,155.0,0.0,0.9,0
49.0,52.0,140.0,173.0,1.0,0.5,1
48.0,67.0,116.0,147.0,1.0,0.8,1
70.0,51.0,99.0,131.0,0.0,0.9,1
49.0,23.0,111.0,145.0,1.0,5.8,1
48.0,44.0,114.0,189.0,0.0,0.6,0
61.0,68.0,93.0,146.0,0.0,1.0,0
36.0,60.0,74.0,182.0,0.0,0.6,0
49.0,54.0,55.0,158.0,1.0,0.9,1
65.0,69.0,111.0,151.0,0.0,1.3,1
31.0,47.0,117.0,176.0,0.0,0.3,0
52.0,37.0,114.0,177.0,0.0,0.5,1
49.0,49.0,132.0,154.0,0.0,0.4,0
44.0,56.0,140.0,182.0,0.0,0.4,0
38.0,45.0,64.0,189.0,0.0,0.8,0
42.0,49.0,135.0,194.0,0.0,0.3,0
45.0,56.0,145.0,195.0,0.0,0.4,0
43.0,36.0,72.0,171.0,0.0,1.3,0
50.0,31.0,117.0,158.0,1.0,0.8,1
48.0,49.0,80.0,166.0,1.0,1.2,0
40.0,55.0,98.0,172.0,0.0,2.2,0
58.0,41.0,106.0,157.0,0.0,0.3,0
57.0,52.0,66.0,162.0,0.0,1.9,0
36.0,46.0,76.0,210.0,0.0,2.2,0
67.0,31.0,87.0,143.0,0.0,6.5,1
51.0,40.0,111.0,157.0,0.0,2.4,0
61.0,82.0,111.0,148.0,0.0,0.4,0
44.0,60.0,95.0,180.0,0.0,0.7,0
40.0,43.0,112.0,178.0,0.0,2.2,0
54.0,58.0,115.0,175.0,1.0,0.5,1
41.0,69.0,79.0,210.0,0.0,1.7,0
67.0,56.0,99.0,157.0,0.0,1.1,0
81.0,42.0,94.0,129.0,1.0,0.8,1
64.0,41.0,124.0,157.0,0.0,2.0,0
54.0,62.0,104.0,191.0,0.0,0.1,0
49.0,58.0,116.0,184.0,0.0,0.2,0
43.0,63.0,89.0,169.0,1.0,0.1,0
51.0,43.0,124.0,133.0,1.0,2.2,1
43.0,68.0,82.0,195.0,0.0,0.3,0
46.0,69.0,96.0,197.0,0.0,3.2,0
71.0,47.0,140.0,140.0,1.0,1.4,1
49.0,61.0,116.0,176.0,0.0,0.5,0
64.0,47.0,110.0,194.0,0.0,0.2,0
67.0,34.0,121.0,131.0,0.0,2.9,1
56.0,57.0,84.0,171.0,0.0,0.6,0
59.0,69.0,139.0,171.0,0.0,2.1,0
56.0,68.0,94.0,153.0,0.0,1.0,0
43.0,77.0,101.0,203.0,0.0,0.5,0
51.0,38.0,127.0,157.0,1.0,0.2,1
63.0,63.0,89.0,155.0,0.0,1.7,0
37.0,50.0,52.0,175.0,0.0,1.0,0
48.0,82.0,129.0,164.0,0.0,2.0,0
59.0,46.0,126.0,184.0,0.0,1.3,0
61.0,66.0,68.0,145.0,1.0,0.2,1
55.0,63.0,85.0,157.0,0.0,0.7,0
50.0,68.0,93.0,171.0,0.0,0.7,0
59.0,41.0,145.0,156.0,1.0,0.4,1
58.0,66.0,64.0,162.0,0.0,0.4,0
55.0,58.0,132.0,171.0,1.0,0.7,0
55.0,56.0,74.0,141.0,1.0,0.8,1
58.0,56.0,102.0,132.0,1.0,1.9,1
46.0,60.0,92.0,189.0,0.0,0.3,0
67.0,53.0,85.0,147.0,0.0,0.8,0
71.0,39.0,147.0,132.0,0.0,2.1,1
51.0,41.0,73.0,189.0,0.0,0.7,0
24.0,86.0,57.0,206.0,0.0,0.9,0
39.0,68.0,93.0,181.0,0.0,0.3,0
63.0,52.0,132.0,147.0,0.0,0.4,1
41.0,58.0,134.0,184.0,0.0,0.4,0
60.0,31.0,113.0,139.0,0.0,1.7,1
38.0,53.0,108.0,182.0,0.0,0.6,0
61.0,64.0,120.0,152.0,0.0,0.9,0
56.0,66.0,62.0,173.0,0.0,0.2,0
54.0,71.0,149.0,187.0,0.0,0.6,0
49.0,38.0,68.0,161.0,0.0,1.2,0
59.0,47.0,86.0,153.0,0.0,0.7,0
39.0,58.0,99.0,175.0,0.0,0.3,0
58.0,66.0,71.0,173.0,0.0,0.5,0
51.0,54.0,87.0,182.0,0.0,0.1,0
75.0,49.0,84.0,139.0,1.0,1.9,1
28.0,52.0,87.0,197.0,0.0,0.7,0
56.0,81.0,88.0,150.0,0.0,1.5,0
45.0,35.0,81.0,157.0,1.0,1.9,1
60.0,61.0,147.0,165.0,0.0,0.7,0
66.0,55.0,99.0,145.0,0.0,0.5,0
36.0,77.0,119.0,167.0,0.0,1.0,0
72.0,75.0,101.0,153.0,0.0,0.4,0
48.0,45.0,118.0,137.0,0.0,1.0,1
51.0,60.0,79.0,177.0,0.0,1.3,1
45.0,36.0,155.0,174.0,0.0,0.8,0
24.0,80.0,74.0,195.0,0.0,0.2,0
47.0,52.0,140.0,147.0,0.0,1.3,1
37.0,50.0,100.0,186.0,0.0,0.4,0
32.0,51.0,86.0,202.0,0.0,1.1,0
69.0,46.0,123.0,99.0,1.0,1.0,1
68.0,60.0,75.0,164.0,0.0,0.2,0
58.0,40.0,102.0,148.0,1.0,0.4,1
41.0,63.0,41.0,210.0,0.0,1.8,0
68.0,43.0,114.0,122.0,1.0,2.8,1
55.0,42.0,162.0,165.0,1.0,0.8,1
50.0,47.0,116.0,134.0,1.0,0.3,1
43.0,74.0,99.0,177.0,0.0,1.7,0
55.0,61.0,120.0,158.0,0.0,2.2,1
51.0,42.0,124.0,148.0,1.0,4.6,1
49.0,49.0,133.0,143.0,0.0,2.7,1
49.0,65.0,96.0,181.0,0.0,0.3,0
62.0,51.0,114.0,151.0,0.0,1.6,0
61.0,56.0,140.0,190.0,0.0,0.9,0
71.0,49.0,48.0,154.0,0.0,2.1,0
50.0,56.0,71.0,177.0,1.0,2.6,0
38.0,58.0,103.0,188.0,1.0,0.5,0
56.0,38.0,123.0,156.0,0.0,1.3,1
32.0,30.0,156.0,189.0,0.0,0.3,0
42.0,64.0,113.0,155.0,0.0,1.3,0
67.0,65.0,111.0,137.0,1.0,1.6,1
75.0,71.0,108.0,185.0,0.0,0.0,0
60.0,56.0,103.0,168.0,0.0,0.2,0
56.0,55.0,67.0,168.0,0.0,0.0,0
50.0,41.0,97.0,177.0,0.0,0.9,0
55.0,60.0,65.0,182.0,0.0,1.4,0
54.0,60.0,118.0,152.0,1.0,2.1,1
58.0,49.0,112.0,148.0,0.0,1.3,1
44.0,57.0,76.0,182.0,0.0,0.3,0
56.0,57.0,96.0,165.0,0.0,0.4,0
36.0,50.0,125.0,169.0,0.0,0.1,0
33.0,53.0,95.0,189.0,0.0,0.4,0
68.0,48.0,124.0,128.0,1.0,1.4,1
90.0,43.0,89.0,129.0,1.0,0.4,1
56.0,73.0,103.0,166.0,0.0,0.0,0
54.0,61.0,91.0,181.0,0.0,0.2,0
71.0,68.0,136.0,145.0,0.0,0.2,0
37.0,72.0,92.0,200.0,0.0,1.6,0
33.0,69.0,100.0,210.0,0.0,0.2,0
63.0,59.0,148.0,154.0,1.0,1.8,1
72.0,65.0,59.0,142.0,0.0,0.9,0
62.0,42.0,93.0,166.0,0.0,0.3,0
51.0,49.0,101.0,157.0,0.0,0.8,0
77.0,48.0,95.0,121.0,1.0,4.1,1
47.0,58.0,81.0,184.0,0.0,2.5,0
52.0,49.0,94.0,174.0,0.0,2.3,1
48.0,55.0,122.0,158.0,0.0,1.5,1
38.0,75.0,58.0,188.0,0.0,0.9,0
51.0,55.0,59.0,190.0,0.0,1.8,0
52.0,53.0,127.0,167.0,0.0,1.5,0
52.0,52.0,104.0,181.0,0.0,0.9,0
61.0,53.0,67.0,140.0,0.0,0.1,0
46.0,52.0,102.0,187.0,1.0,0.4,0
70.0,78.0,135.0,135.0,0.0,0.4,0
50.0,62.0,136.0,160.0,0.0,1.9,0
40.0,63.0,79.0,187.0,0.0,0.7,0
39.0,56.0,123.0,179.0,0.0,2.0,0
48.0,18.0,99.0,167.0,0.0,0.2,0
51.0,70.0,108.0,158.0,0.0,0.3,0
59.0,61.0,129.0,156.0,0.0,0.2,0
56.0,67.0,147.0,150.0,0.0,0.7,1
68.0,61.0,104.0,137.0,0.0,0.1,1
48.0,39.0,93.0,195.0,0.0,1.5,0
63.0,51.0,83.0,158.0,0.0,2.4,0
55.0,37.0,84.0,181.0,0.0,0.9,0
62.0,42.0,135.0,143.0,0.0,0.7,1
45.0,68.0,152.0,182.0,1.0,0.2,1
65.0,51.0,116.0,164.0,0.0,0.3,0
41.0,53.0,63.0,187.0,0.0,0.3,0
83.0,34.0,157.0,105.0,0.0,0.1,1
34.0,39.0,90.0,188.0,0.0,1.4,0
48.0,73.0,89.0,170.0,0.0,0.5,0
53.0,52.0,103.0,168.0,0.0,0.8,0
74.0,58.0,119.0,120.0,1.0,0.8,1
76.0,68.0,98.0,142.0,0.0,0.4,0
41.0,57.0,92.0,171.0,0.0,0.4,1
70.0,65.0,120.0,126.0,0.0,0.5,1
35.0,69.0,81.0,199.0,0.0,1.1,0
78.0,64.0,95.0,153.0,0.0,0.6,0
48.0,58.0,70.0,150.0,0.0,0.7,1
61.0,53.0,134.0,144.0,0.0,0.8,1
57.0,58.0,128.0,154.0,0.0,1.8,1
43.0,57.0,98.0,189.0,0.0,1.7,0
55.0,43.0,132.0,150.0,1.0,1.6,1
59.0,41.0,136.0,160.0,0.0,1.0,0
39.0,41.0,85.0,194.0,0.0,0.4,0
59.0,40.0,101.0,170.0,0.0,0.2,0
52.0,79.0,147.0,159.0,0.0,0.4,0
44.0,66.0,89.0,191.0,0.0,0.6,0
68.0,66.0,89.0,147.0,0.0,0.9,0
45.0,70.0,68.0,179.0,0.0,0.4,0
33.0,42.0,89.0,187.0,0.0,0.4,0
63.0,53.0,108.0,145.0,1.0,1.0,1
41.0,56.0,74.0,192.0,0.0,0.4,0
55.0,77.0,93.0,162.0,0.0,1.5,0
42.0,63.0,122.0,181.0,0.0,2.0,0
71.0,42.0,95.0,135.0,0.0,0.2,1
56.0,55.0,88.0,164.0,0.0,1.3,0
63.0,54.0,113.0,128.0,1.0,1.4,1
46.0,57.0,86.0,148.0,0.0,3.9,1
42.0,52.0,107.0,177.0,0.0,0.2,0
53.0,65.0,93.0,160.0,0.0,0.0,0
62.0,73.0,117.0,127.0,1.0,1.9,1
62.0,44.0,129.0,137.0,0.0,2.6,0
74.0,76.0,68.0,146.0,1.0,0.1,0
58.0,44.0,119.0,144.0,1.0,1.2,1
75.0,34.0,124.0,131.0,1.0,0.9,1
40.0,71.0,68.0,201.0,0.0,2.0,0
50.0,70.0,92.0,181.0,0.0,1.3,0
41.0,39.0,93.0,178.0,0.0,0.6,0
56.0,60.0,101.0,170.0,0.0,1.0,0
42.0,59.0,142.0,201.0,0.0,0.4,0
61.0,49.0,91.0,169.0,1.0,1.2,1
54.0,51.0,109.0,179.0,0.0,0.7,0
57.0,57.0,49.0,165.0,1.0,1.2,0
58.0,48.0,135.0,157.0,0.0,0.6,0
50.0,40.0,55.0,184.0,0.0,0.8,0
68.0,65.0,35.0,168.0,0.0,0.3,0
81.0,68.0,122.0,125.0,0.0,0.4,0
61.0,64.0,58.0,164.0,0.0,0.7,0
57.0,58.0,109.0,173.0,0.0,0.6,0
61.0,57.0,93.0,164.0,0.0,0.8,0
47.0,55.0,130.0,178.0,0.0,2.0,1
43.0,68.0,42.0,163.0,0.0,1.3,0
46.0,56.0,114.0,181.0,0.0,0.0,0
60.0,45.0,117.0,136.0,1.0,0.8,1
58.0,49.0,67.0,156.0,0.0,0.7,0
75.0,47.0,109.0,132.0,0.0,1.5,1
36.0,54.0,110.0,199.0,1.0,0.3,0
61.0,78.0,132.0,172.0,0.0,0.1,0
72.0,82.0,142.0,155.0,1.0,0.7,0
39.0,60.0,96.0,210.0,0.0,0.2,0
66.0,59.0,129.0,172.0,0.0,0.5,0
62.0,36.0,118.0,159.0,1.0,0.7,1
55.0,73.0,99.0,157.0,1.0,0.5,1
34.0,44.0,130.0,192.0,0.0,2.0,0
45.0,54.0,97.0,170.0,0.0,0.9,0
65.0,61.0,71.0,170.0,0.0,0.6,0
67.0,70.0,88.0,152.0,0.0,0.6,0
53.0,68.0,35.0,180.0,0.0,0.8,0
51.0,47.0,149.0,169.0,0.0,0.7,0
71.0,56.0,118.0,150.0,0.0,1.8,1
57.0,43.0,129.0,161.0,0.0,1.6,1
62.0,47.0,81.0,156.0,1.0,0.6,1
64.0,90.0,53.0,153.0,0.0,0.4,0
31.0,61.0,102.0,182.0,0.0,1.6,0
90.0,44.0,130.0,122.0,0.0,0.5,1
62.0,67.0,90.0,160.0,0.0,0.6,0
79.0,46.0,102.0,118.0,1.0,1.1,1
45.0,55.0,114.0,179.0,0.0,0.3,0
34.0,57.0,124.0,191.0,0.0,0.3,0
62.0,54.0,78.0,164.0,0.0,0.2,0
34.0,53.0,84.0,188.0,0.0,0.5,0
46.0,49.0,103.0,187.0,0.0,0.2,0
54.0,72.0,86.0,171.0,0.0,0.3,0
38.0,64.0,95.0,175.0,0.0,1.0,0
56.0,43.0,80.0,170.0,0.0,0.3,0
54.0,73.0,177.0,173.0,0.0,0.7,0
51.0,61.0,82.0,178.0,0.0,0.1,0
48.0,55.0,81.0,158.0,0.0,0.4,0
72.0,50.0,109.0,146.0,1.0,0.3,1
55.0,55.0,129.0,170.0,0.0,0.1,0
57.0,55.0,143.0,166.0,0.0,0.5,0
60.0,55.0,95.0,161.0,0.0,0.2,0
45.0,71.0,105.0,154.0,1.0,0.1,1
51.0,44.0,66.0,184.0,0.0,1.9,0
84.0,44.0,95.0,131.0,1.0,1.1,1
46.0,52.0,93.0,172.0,1.0,0.1,1
75.0,54.0,118.0,132.0,0.0,4.7,1
32.0,42.0,137.0,180.0,0.0,0.2,1
57.0,63.0,97.0,167.0,0.0,0.6,0
48.0,46.0,99.0,179.0,0.0,1.0,0
58.0,74.0,97.0,154.0,0.0,0.7,0
63.0,49.0,36.0,132.0,0.0,1.4,1
62.0,33.0,60.0,157.0,1.0,0.8,0
44.0,33.0,101.0,183.0,0.0,0.5,0
41.0,76.0,88.0,183.0,0.0,0.9,0
61.0,54.0,100.0,145.0,0.0,1.5,0
70.0,62.0,113.0,133.0,0.0,0.5,0
62.0,57.0,81.0,141.0,0.0,1.0,1
73.0,58.0,149.0,153.0,0.0,1.9,1
46.0,44.0,128.0,157.0,1.0,0.6,1
42.0,49.0,126.0,184.0,0.0,0.1,0
49.0,39.0,53.0,182.0,0.0,0.8,0
67.0,80.0,99.0,179.0,0.0,1.0,0
50.0,47.0,121.0,170.0,0.0,0.4,0
40.0,52.0,104.0,191.0,0.0,0.7,0
65.0,40.0,118.0,150.0,0.0,0.7,0
47.0,46.0,74.0,176.0,1.0,0.8,0
45.0,62.0,128.0,169.0,0.0,1.0,0
37.0,44.0,40.0,184.0,0.0,0.7,0
61.0,55.0,41.0,150.0,1.0,0.2,1
56.0,50.0,140.0,122.0,0.0,1.1,1
66.0,67.0,128.0,169.0,0.0,1.4,0
49.0,49.0,81.0,177.0,0.0,1.5,0
57.0,58.0,101.0,158.0,0.0,0.3,0
70.0,53.0,75.0,123.0,0.0,1.1,1
42.0,55.0,116.0,147.0,0.0,1.2,0
79.0,48.0,96.0,131.0,0.0,0.1,0
57.0,37.0,89.0,155.0,0.0,4.2,1
52.0,52.0,117.0,160.0,0.0,0.6,0
61.0,59.0,175.0,162.0,0.0,0.5,0
58.0,61.0,84.0,156.0,1.0,0.4,0
50.0,63.0,112.0,176.0,0.0,1.3,0
56.0,74.0,137.0,172.0,0.0,0.5,0
64.0,74.0,157.0,155.0,1.0,1.6,1
76.0,22.0,191.0,132.0,1.0,1.8,1
70.0,48.0,118.0,136.0,0.0,2.0,1
72.0,39.0,132.0,146.0,0.0,0.8,1
65.0,51.0,83.0,150.0,0.0,1.0,0
56.0,49.0,113.0,135.0,1.0,0.5,1
42.0,74.0,88.0,169.0,0.0,1.0,0
52.0,63.0,112.0,172.0,0.0,1.9,0
46.0,37.0,95.0,160.0,0.0,0.9,0
64.0,65.0,55.0,173.0,0.0,1.0,0
24.0,49.0,85.0,192.0,0.0,0.7,0
50.0,63.0,53.0,158.0,0.0,0.2,0
61.0,59.0,59.0,153.0,0.0,0.3,0
59.0,78.0,130.0,149.0,0.0,1.6,0
60.0,41.0,109.0,142.0,1.0,2.0,1
59.0,55.0,127.0,173.0,0.0,0.6,0
37.0,54.0,67.0,191.0,0.0,1.6,0
72.0,33.0,88.0,133.0,1.0,0.7,1
66.0,44.0,105.0,109.0,1.0,6.5,1
71.0,48.0,127.0,145.0,0.0,1.2,1
58.0,50.0,90.0,168.0,0.0,1.4,0
50.0,64.0,103.0,178.0,1.0,0.3,0
66.0,64.0,111.0,136.0,0.0,3.6,1
47.0,42.0,125.0,139.0,1.0,3.8,1
41.0,63.0,93.0,174.0,0.0,0.2,0
30.0,48.0,151.0,169.0,0.0,2.2,1
44.0,46.0,148.0,163.0,0.0,0.2,1
52.0,55.0,56.0,186.0,0.0,0.8,0
35.0,59.0,71.0,184.0,0.0,0.6,0
32.0,57.0,103.0,178.0,0.0,0.7,0
46.0,56.0,127.0,171.0,0.0,0.4,0
67.0,52.0,99.0,155.0,0.0,0.3,0
50.0,48.0,87.0,152.0,0.0,1.0,1
58.0,51.0,60.0,144.0,0.0,2.0,0
40.0,48.0,86.0,174.0,0.0,0.2,0
56.0,67.0,80.0,160.0,1.0,0.2,0
61.0,49.0,142.0,143.0,1.0,2.0,1
37.0,71.0,116.0,184.0,0.0,0.4,0
47.0,63.0,118.0,188.0,1.0,0.7,0
49.0,56.0,121.0,169.0,0.0,0.4,0
59.0,49.0,96.0,170.0,0.0,0.3,0
46.0,51.0,119.0,172.0,1.0,1.5,1
32.0,58.0,69.0,188.0,0.0,0.9,0
47.0,26.0,132.0,156.0,0.0,0.3,1
72.0,58.0,82.0,142.0,0.0,1.1,1
71.0,44.0,107.0,156.0,0.0,0.6,0
47.0,45.0,118.0,173.0,1.0,1.0,1
43.0,26.0,116.0,192.0,0.0,0.5,0
41.0,46.0,68.0,180.0,1.0,0.7,0
49.0,32.0,84.0,167.0,0.0,1.6,1
56.0,22.0,116.0,132.0,0.0,0.9,1
64.0,59.0,66.0,152.0,0.0,0.3,0
76.0,66.0,114.0,123.0,0.0,1.6,1
52.0,41.0,105.0,155.0,0.0,0.9,1
77.0,55.0,125.0,144.0,1.0,0.8,1
68.0,45.0,106.0,143.0,1.0,1.4,1
51.0,32.0,52.0,158.0,0.0,1.1,0
36.0,59.0,81.0,183.0,0.0,0.3,0
53.0,65.0,61.0,171.0,0.0,0.7,0
75.0,65.0,56.0,144.0,0.0,0.8,0
52.0,46.0,65.0,146.0,1.0,3.0,1
77.0,58.0,112.0,111.0,1.0,0.6,1
40.0,45.0,63.0,159.0,0.0,2.5,0
78.0,49.0,123.0,121.0,1.0,1.4,1
48.0,51.0,92.0,163.0,0.0,1.5,0
42.0,56.0,56.0,169.0,0.0,0.4,0
48.0,40.0,80.0,181.0,0.0,0.8,0
47.0,65.0,136.0,169.0,0.0,0.3,0
34.0,63.0,72.0,164.0,0.0,3.0,1
43.0,41.0,106.0,186.0,0.0,0.3,0
24.0,60.0,77.0,199.0,1.0,1.7,0
70.0,65.0,75.0,166.0,1.0,0.7,0
62.0,67.0,108.0,147.0,0.0,2.4,1
47.0,47.0,152.0,154.0,0.0,1.7,1
44.0,54.0,133.0,188.0,0.0,1.2,0
72.0,56.0,135.0,151.0,0.0,0.7,0
41.0,56.0,75.0,187.0,0.0,0.5,0
66.0,43.0,52.0,165.0,0.0,1.6,0
71.0,46.0,113.0,127.0,1.0,2.6,1
64.0,67.0,116.0,127.0,1.0,6.5,1
54.0,72.0,88.0,167.0,0.0,2.4,0
63.0,56.0,84.0,155.0,0.0,0.7,0
53.0,49.0,86.0,175.0,0.0,0.3,0
69.0,69.0,90.0,175.0,0.0,0.6,0
46.0,59.0,109.0,139.0,1.0,1.2,1
79.0,50.0,58.0,136.0,0.0,0.8,0
65.0,40.0,121.0,164.0,0.0,1.1,0
53.0,33.0,81.0,158.0,0.0,4.9,1
70.0,63.0,148.0,140.0,0.0,0.1,1
68.0,63.0,92.0,176.0,1.0,0.1,0
50.0,37.0,92.0,159.0,0.0,2.1,1
40.0,34.0,81.0,177.0,0.0,0.0,0
38.0,73.0,113.0,182.0,1.0,2.2,1
45.0,70.0,84.0,183.0,0.0,0.1,0
51.0,57.0,128.0,175.0,0.0,1.0,0
52.0,71.0,78.0,149.0,0.0,1.7,0
85.0,66.0,128.0,134.0,1.0,0.4,0
54.0,57.0,79.0,148.0,0.0,0.7,0
56.0,57.0,87.0,139.0,0.0,1.6,1
47.0,61.0,107.0,179.0,0.0,0.4,0
73.0,58.0,80.0,150.0,1.0,3.1,1
36.0,41.0,94.0,198.0,0.0,0.4,0
58.0,66.0,105.0,154.0,0.0,1.5,0
54.0,64.0,80.0,164.0,0.0,2.4,0
53.0,32.0,56.0,166.0,0.0,3.3,0
55.0,55.0,116.0,168.0,0.0,0.3,0
48.0,58.0,79.0,153.0,0.0,0.7,0
41.0,27.0,82.0,197.0,0.0,0.7,0
68.0,40.0,111.0,139.0,0.0,0.1,0
72.0,46.0,135.0,117.0,1.0,1.3,1
63.0,56.0,84.0,167.0,0.0,0.5,0
71.0,71.0,68.0,152.0,0.0,0.2,0
57.0,63.0,105.0,180.0,0.0,2.9,0
26.0,40.0,113.0,210.0,0.0,0.0,0
42.0,56.0,95.0,173.0,0.0,2.1,0
61.0,50.0,155.0,187.0,0.0,0.9,0
25.0,44.0,116.0,198.0,0.0,0.8,0
57.0,55.0,93.0,182.0,1.0,1.6,0
59.0,66.0,78.0,149.0,0.0,0.6,1
59.0,35.0,109.0,140.0,0.0,2.1,1
41.0,53.0,125.0,180.0,0.0,0.2,0
50.0,34.0,122.0,154.0,0.0,2.2,1
50.0,54.0,60.0,188.0,0.0,1.3,0
58.0,31.0,142.0,146.0,0.0,0.7,1
51.0,43.0,110.0,172.0,1.0,0.8,1
32.0,59.0,88.0,188.0,0.0,1.2,0
85.0,59.0,79.0,133.0,0.0,0.5,1
59.0,62.0,139.0,161.0,1.0,0.2,0
52.0,71.0,88.0,185.0,1.0,1.1,1
48.0,69.0,88.0,163.0,0.0,0.1,0
65.0,77.0,93.0,172.0,1.0,0.6,0
58.0,53.0,105.0,168.0,0.0,0.5,1
60.0,83.0,136.0,134.0,1.0,0.2,0
35.0,67.0,103.0,148.0,1.0,0.9,1
28.0,64.0,93.0,185.0,0.0,0.7,0
72.0,46.0,99.0,134.0,0.0,0.3,1
58.0,57.0,77.0,166.0,0.0,2.0,0
58.0,48.0,89.0,177.0,0.0,1.3,0
70.0,68.0,93.0,145.0,0.0,0.8,0
50.0,66.0,121.0,180.0,0.0,0.5,0
61.0,68.0,114.0,171.0,0.0,0.2,0
32.0,42.0,94.0,175.0,1.0,3.7,1
54.0,58.0,90.0,159.0,0.0,0.2,0
54.0,62.0,109.0,154.0,0.0,2.7,0
68.0,69.0,80.0,141.0,1.0,1.7,1
49.0,50.0,148.0,149.0,1.0,0.3,1
82.0,61.0,118.0,134.0,0.0,0.3,1
22.0,63.0,91.0,177.0,0.0,0.1,0
69.0,44.0,122.0,121.0,1.0,2.3,1
32.0,65.0,148.0,171.0,1.0,0.6,0
68.0,47.0,152.0,138.0,1.0,0.9,1
65.0,51.0,95.0,170.0,0.0,0.0,0
46.0,54.0,118.0,168.0,0.0,0.5,0
50.0,65.0,87.0,163.0,0.0,0.5,0
51.0,69.0,40.0,146.0,0.0,1.6,0
65.0,85.0,121.0,153.0,0.0,0.3,0
48.0,53.0,105.0,173.0,0.0,0.4,0
59.0,63.0,128.0,162.0,0.0,0.5,0
56.0,70.0,91.0,180.0,0.0,0.3,0
63.0,40.0,146.0,130.0,0.0,0.2,1
57.0,47.0,64.0,162.0,0.0,1.0,0
61.0,88.0,108.0,157.0,0.0,1.1,0
65.0,72.0,106.0,166.0,0.0,0.3,0
64.0,35.0,100.0,153.0,0.0,0.4,0
64.0,43.0,150.0,113.0,0.0,2.5,1
53.0,95.0,100.0,169.0,0.0,0.5,0
54.0,53.0,74.0,184.0,0.0,0.5,0
45.0,55.0,113.0,142.0,1.0,0.7,1
63.0,27.0,106.0,165.0,0.0,0.3,1
43.0,35.0,78.0,179.0,0.0,0.2,0
52.0,53.0,141.0,164.0,1.0,0.3,1
54.0,45.0,70.0,147.0,0.0,0.4,0
62.0,54.0,110.0,146.0,0.0,1.2,1
61.0,65.0,119.0,182.0,0.0,0.3,0
64.0,67.0,118.0,175.0,0.0,0.3,0
58.0,65.0,118.0,145.0,1.0,0.8,1
38.0,45.0,78.0,178.0,0.0,1.1,0
49.0,36.0,79.0,170.0,0.0,0.3,0
57.0,81.0,87.0,159.0,0.0,0.4,0
60.0,44.0,85.0,155.0,0.0,3.2,1
45.0,66.0,114.0,183.0,0.0,6.5,1
47.0,50.0,149.0,167.0,1.0,2.6,1
54.0,62.0,104.0,174.0,0.0,3.0,1
40.0,66.0,90.0,184.0,0.0,6.5,1
53.0,40.0,144.0,162.0,0.0,3.9,1
69.0,34.0,100.0,143.0,0.0,0.4,1
39.0,51.0,105.0,185.0,0.0,0.6,0
38.0,50.0,108.0,178.0,0.0,0.3,0
68.0,53.0,71.0,141.0,0.0,0.3,0
53.0,47.0,116.0,165.0,1.0,1.6,0
75.0,51.0,175.0,171.0,0.0,0.0,0
38.0,59.0,157.0,194.0,0.0,0.2,0
68.0,43.0,122.0,137.0,1.0,0.4,1
59.0,63.0,90.0,194.0,0.0,1.2,0
40.0,68.0,59.0,195.0,0.0,1.3,0
60.0,51.0,74.0,150.0,0.0,0.3,0
83.0,68.0,71.0,126.0,0.0,0.5,0
66.0,46.0,127.0,141.0,0.0,2.2,1
58.0,35.0,160.0,140.0,0.0,2.1,1
51.0,72.0,92.0,160.0,0.0,1.2,0
38.0,40.0,105.0,183.0,0.0,1.0,1
38.0,58.0,148.0,161.0,1.0,2.3,1
50.0,44.0,49.0,175.0,0.0,1.5,0
67.0,63.0,142.0,137.0,1.0,0.5,1
53.0,50.0,99.0,173.0,0.0,0.3,0
76.0,38.0,143.0,111.0,1.0,0.8,1
43.0,64.0,107.0,185.0,0.0,0.5,0
41.0,58.0,64.0,176.0,0.0,1.3,0
56.0,66.0,84.0,189.0,0.0,1.1,0
54.0,68.0,99.0,186.0,0.0,0.7,0
75.0,57.0,88.0,148.0,0.0,0.9,0
64.0,50.0,136.0,140.0,1.0,0.8,1
56.0,45.0,95.0,180.0,0.0,2.4,0
45.0,41.0,118.0,177.0,0.0,0.3,1
64.0,66.0,140.0,149.0,0.0,0.2,0
86.0,67.0,108.0,122.0,0.0,0.1,1
57.0,54.0,101.0,154.0,0.0,0.3,1
39.0,69.0,138.0,184.0,1.0,0.1,0
35.0,39.0,116.0,199.0,1.0,0.2,0
51.0,47.0,105.0,158.0,0.0,0.3,1
58.0,48.0,149.0,187.0,0.0,0.1,0
46.0,52.0,82.0,185.0,0.0,0.5,0
50.0,59.0,82.0,168.0,0.0,0.7,0
49.0,61.0,65.0,167.0,0.0,0.2,0
72.0,67.0,117.0,158.0,0.0,0.3,0
39.0,67.0,101.0,177.0,0.0,1.0,0
49.0,73.0,82.0,149.0,1.0,0.2,0
69.0,56.0,126.0,165.0,0.0,5.0,1
75.0,41.0,138.0,144.0,0.0,1.3,0
48.0,42.0,95.0,170.0,0.0,1.2,0
53.0,75.0,133.0,165.0,0.0,0.5,0
80.0,23.0,136.0,104.0,0.0,0.9,1
72.0,46.0,103.0,141.0,1.0,0.0,1
45.0,67.0,87.0,187.0,0.0,2.8,0
43.0,60.0,93.0,187.0,0.0,0.4,0
57.0,45.0,122.0,171.0,0.0,0.4,0
44.0,68.0,95.0,162.0,0.0,0.6,1
50.0,78.0,101.0,171.0,0.0,0.3,0
60.0,71.0,58.0,162.0,1.0,0.1,0
35.0,45.0,120.0,176.0,1.0,0.3,1
59.0,45.0,88.0,168.0,0.0,1.5,0
62.0,54.0,70.0,179.0,0.0,1.4,0
53.0,46.0,91.0,166.0,0.0,0.2,0
66.0,34.0,95.0,181.0,1.0,0.6,0
48.0,65.0,118.0,175.0,0.0,0.2,1
52.0,51.0,50.0,172.0,1.0,1.2,0
33.0,58.0,70.0,203.0,0.0,0.7,0
18.0,55.0,104.0,210.0,0.0,0.1,0
41.0,73.0,111.0,188.0,0.0,0.5,0
54.0,44.0,76.0,151.0,0.0,1.8,0
55.0,67.0,60.0,161.0,0.0,0.1,0
51.0,59.0,50.0,175.0,0.0,0.7,0
51.0,28.0,138.0,175.0,0.0,1.2,0
54.0,57.0,57.0,186.0,0.0,1.1,0
56.0,70.0,83.0,158.0,0.0,0.6,0
45.0,67.0,67.0,183.0,0.0,0.8,0
35.0,59.0,109.0,190.0,0.0,0.4,0
63.0,67.0,95.0,177.0,1.0,0.5,0
38.0,43.0,88.0,180.0,0.0,0.6,0
74.0,49.0,120.0,145.0,0.0,0.5,0
41.0,75.0,84.0,184.0,0.0,0.3,0
50.0,64.0,60.0,168.0,0.0,0.0,0
67.0,45.0,128.0,179.0,1.0,2.3,0
49.0,71.0,125.0,180.0,0.0,0.1,0
39.0,36.0,108.0,208.0,0.0,0.3,0
52.0,49.0,88.0,156.0,0.0,0.3,1
66.0,61.0,88.0,151.0,1.0,1.0,1
54.0,60.0,143.0,193.0,0.0,1.0,0
52.0,58.0,92.0,178.0,0.0,1.1,0
53.0,56.0,88.0,163.0,0.0,0.1,0
71.0,37.0,140.0,132.0,0.0,0.1,1
38.0,18.0,58.0,165.0,0.0,0.2,0
58.0,38.0,76.0,182.0,0.0,1.3,0
85.0,61.0,120.0,132.0,0.0,0.8,0
55.0,48.0,115.0,170.0,0.0,1.8,0
65.0,44.0,62.0,123.0,0.0,0.6,1
46.0,45.0,106.0,174.0,0.0,0.6,0
48.0,61.0,111.0,160.0,1.0,0.3,0
56.0,46.0,64.0,157.0,0.0,0.3,0
54.0,73.0,143.0,167.0,0.0,0.7,0
42.0,63.0,64.0,185.0,0.0,0.9,0
65.0,50.0,143.0,162.0,0.0,0.6,0
49.0,49.0,88.0,184.0,0.0,0.6,0
64.0,53.0,107.0,155.0,0.0,0.3,0
54.0,31.0,62.0,171.0,0.0,1.0,0
73.0,53.0,86.0,172.0,1.0,0.2,0
53.0,45.0,88.0,165.0,0.0,0.4,0
44.0,50.0,104.0,194.0,1.0,0.4,0
69.0,56.0,39.0,163.0,0.0,0.8,0
37.0,34.0,96.0,190.0,0.0,1.8,0
50.0,65.0,72.0,165.0,0.0,0.9,0
51.0,49.0,121.0,141.0,0.0,0.4,0
68.0,66.0,134.0,141.0,1.0,0.6,1
61.0,36.0,112.0,187.0,0.0,1.1,0
57.0,67.0,122.0,162.0,1.0,0.9,1
76.0,21.0,95.0,120.0,1.0,0.9,1
56.0,71.0,56.0,158.0,0.0,1.5,0
37.0,40.0,85.0,189.0,0.0,0.2,0
40.0,50.0,123.0,195.0,0.0,1.1,0
36.0,91.0,97.0,162.0,0.0,1.2,0
54.0,57.0,141.0,161.0,0.0,3.6,1
53.0,50.0,56.0,166.0,0.0,0.4,0
59.0,57.0,78.0,140.0,1.0,1.4,1
57.0,52.0,122.0,146.0,1.0,1.3,1
57.0,79.0,82.0,178.0,0.0,1.1,0
76.0,57.0,111.0,121.0,0.0,0.7,1
58.0,19.0,59.0,142.0,1.0,2.4,1
43.0,45.0,82.0,201.0,0.0,0.1,0
48.0,46.0,81.0,165.0,0.0,2.5,1
48.0,56.0,138.0,176.0,0.0,0.1,0
53.0,43.0,128.0,172.0,0.0,0.6,0
35.0,58.0,94.0,201.0,0.0,0.5,0
68.0,59.0,113.0,120.0,1.0,3.5,1
38.0,42.0,122.0,195.0,0.0,0.9,0
61.0,64.0,115.0,140.0,0.0,0.3,1
65.0,42.0,105.0,151.0,1.0,1.0,0
63.0,58.0,66.0,155.0,0.0,1.8,0
57.0,35.0,148.0,137.0,0.0,1.2,0
55.0,45.0,110.0,163.0,0.0,3.0,1
75.0,50.0,88.0,139.0,0.0,0.8,0
64.0,43.0,103.0,138.0,1.0,1.5,1
37.0,64.0,61.0,190.0,0.0,0.8,0
62.0,55.0,65.0,135.0,0.0,0.4,0
40.0,77.0,57.0,183.0,0.0,0.7,0
65.0,33.0,146.0,138.0,1.0,1.5,1
65.0,66.0,88.0,175.0,1.0,0.2,0
88.0,35.0,101.0,134.0,0.0,0.9,1
57.0,51.0,122.0,148.0,0.0,2.0,1
52.0,49.0,54.0,172.0,0.0,0.6,0
51.0,61.0,122.0,160.0,0.0,0.3,0
63.0,32.0,44.0,119.0,0.0,0.7,0
61.0,42.0,87.0,180.0,1.0,2.0,0
61.0,53.0,104.0,181.0,0.0,0.8,0
71.0,82.0,57.0,139.0,0.0,1.1,0
62.0,56.0,114.0,170.0,0.0,2.6,0
36.0,52.0,148.0,176.0,0.0,0.2,0
49.0,61.0,77.0,180.0,0.0,0.9,0
56.0,69.0,83.0,172.0,0.0,1.5,0
61.0,49.0,130.0,142.0,1.0,1.1,1
40.0,56.0,138.0,181.0,0.0,1.1,0
69.0,54.0,86.0,144.0,0.0,0.7,0
50.0,60.0,85.0,149.0,0.0,2.0,0
67.0,54.0,90.0,156.0,0.0,3.4,1
66.0,49.0,135.0,152.0,0.0,0.4,0
46.0,39.0,113.0,173.0,0.0,2.6,1
64.0,48.0,85.0,129.0,1.0,3.1,1
70.0,35.0,102.0,135.0,1.0,0.3,1
57.0,42.0,97.0,139.0,0.0,1.6,1
63.0,48.0,117.0,167.0,0.0,0.6,0
40.0,54.0,71.0,178.0,0.0,0.2,0
40.0,72.0,142.0,210.0,0.0,1.7,0
60.0,49.0,85.0,132.0,0.0,0.1,0
31.0,37.0,45.0,188.0,0.0,0.3,0
47.0,42.0,122.0,136.0,0.0,1.4,1
54.0,62.0,90.0,184.0,0.0,0.1,0
64.0,43.0,92.0,128.0,0.0,2.9,1
73.0,75.0,108.0,156.0,1.0,0.9,0
68.0,65.0,113.0,114.0,1.0,1.6,1
38.0,68.0,93.0,176.0,0.0,1.8,0
51.0,42.0,100.0,151.0,0.0,1.2,1
60.0,58.0,102.0,142.0,0.0,0.4,1
50.0,48.0,100.0,172.0,0.0,0.3,0
60.0,64.0,109.0,164.0,0.0,0.5,0
42.0,62.0,152.0,162.0,1.0,0.5,1
42.0,67.0,80.0,181.0,0.0,0.0,0
90.0,58.0,136.0,148.0,0.0,1.1,0
49.0,64.0,109.0,186.0,0.0,2.2,0
54.0,63.0,116.0,168.0,0.0,0.6,0
69.0,37.0,93.0,119.0,1.0,0.9,1
55.0,56.0,91.0,150.0,0.0,0.1,1
73.0,36.0,105.0,134.0,0.0,0.6,0
88.0,41.0,112.0,105.0,1.0,1.6,1
59.0,60.0,112.0,155.0,0.0,1.5,1
90.0,54.0,116.0,128.0,1.0,1.6,1
50.0,48.0,118.0,162.0,1.0,2.2,0
24.0,66.0,65.0,210.0,0.0,0.4,0
60.0,68.0,100.0,169.0,0.0,1.5,0
63.0,53.0,92.0,164.0,0.0,0.3,0
39.0,64.0,81.0,184.0,0.0,0.8,0
38.0,51.0,88.0,181.0,0.0,0.4,0
44.0,68.0,134.0,179.0,0.0,1.0,0
33.0,65.0,113.0,187.0,0.0,2.6,0
55.0,63.0,109.0,185.0,0.0,0.9,0
46.0,45.0,115.0,179.0,0.0,1.7,0
77.0,57.0,91.0,135.0,0.0,0.5,0
69.0,76.0,95.0,143.0,0.0,3.5,0
52.0,56.0,127.0,144.0,1.0,2.4,1
52.0,66.0,51.0,173.0,1.0,0.6,0
73.0,59.0,117.0,165.0,1.0,0.5,0
65.0,73.0,89.0,147.0,1.0,2.7,1
36.0,30.0,124.0,165.0,0.0,0.9,0
57.0,60.0,89.0,156.0,0.0,0.6,1
61.0,58.0,65.0,160.0,0.0,0.4,0
58.0,49.0,87.0,169.0,0.0,1.3,0
67.0,50.0,129.0,144.0,1.0,4.9,1
49.0,56.0,134.0,164.0,0.0,0.3,0
32.0,54.0,42.0,192.0,0.0,2.3,0
69.0,62.0,119.0,157.0,1.0,0.1,1
41.0,56.0,101.0,186.0,0.0,1.7,0
49.0,60.0,58.0,150.0,0.0,1.5,1
58.0,64.0,107.0,165.0,0.0,0.4,0
37.0,57.0,122.0,197.0,1.0,0.8,0
53.0,39.0,97.0,166.0,1.0,0.5,0
41.0,48.0,105.0,192.0,0.0,1.2,0
46.0,71.0,129.0,177.0,0.0,0.4,0
41.0,63.0,119.0,188.0,1.0,0.5,0
39.0,61.0,99.0,175.0,0.0,1.0,0
65.0,63.0,137.0,151.0,0.0,0.2,0
63.0,56.0,125.0,167.0,0.0,0.9,0
56.0,35.0,100.0,145.0,0.0,0.9,1
47.0,64.0,105.0,187.0,0.0,0.2,0
38.0,54.0,107.0,166.0,1.0,0.7,1
21.0,57.0,111.0,196.0,1.0,5.0,1
46.0,57.0,93.0,197.0,0.0,0.1,0
50.0,77.0,101.0,159.0,1.0,1.1,1
58.0,47.0,112.0,167.0,0.0,2.4,0
66.0,61.0,81.0,163.0,0.0,0.1,0
53.0,53.0,89.0,178.0,0.0,1.3,0
55.0,53.0,138.0,133.0,1.0,1.2,1
46.0,54.0,118.0,179.0,0.0,1.0,0
52.0,52.0,68.0,172.0,0.0,0.2,0
61.0,91.0,111.0,175.0,0.0,1.2,0
42.0,35.0,100.0,159.0,0.0,3.6,1
53.0,63.0,83.0,190.0,0.0,1.5,0
55.0,54.0,75.0,151.0,0.0,0.2,0
42.0,51.0,114.0,168.0,0.0,1.3,0
39.0,48.0,126.0,166.0,0.0,1.0,0
72.0,35.0,140.0,135.0,1.0,2.9,1
64.0,37.0,70.0,159.0,0.0,4.5,0
49.0,47.0,128.0,178.0,0.0,0.6,0
53.0,59.0,74.0,175.0,1.0,2.3,0
64.0,110.0,123.0,158.0,0.0,0.7,0
41.0,58.0,119.0,168.0,0.0,2.9,0
54.0,59.0,77.0,192.0,0.0,0.4,0
65.0,44.0,74.0,136.0,1.0,0.3,1
43.0,74.0,92.0,170.0,0.0,0.3,0
57.0,57.0,121.0,166.0,0.0,0.1,0
29.0,67.0,73.0,188.0,0.0,0.2,0
55.0,56.0,125.0,167.0,1.0,0.9,0
52.0,41.0,113.0,152.0,1.0,0.7,1
79.0,62.0,143.0,154.0,0.0,0.6,0
57.0,68.0,97.0,170.0,0.0,0.6,0
48.0,55.0,100.0,173.0,0.0,0.5,0
61.0,32.0,60.0,155.0,1.0,0.9,0
57.0,33.0,124.0,147.0,1.0,0.3,1
42.0,46.0,93.0,169.0,0.0,0.1,0
54.0,71.0,133.0,188.0,0.0,2.0,0
79.0,50.0,151.0,142.0,0.0,0.5,0
60.0,54.0,93.0,152.0,1.0,6.2,1
35.0,76.0,78.0,210.0,0.0,0.2,0
51.0,81.0,55.0,167.0,0.0,0.6,0
59.0,65.0,144.0,185.0,0.0,1.7,0
53.0,65.0,85.0,192.0,0.0,1.0,0
73.0,54.0,80.0,127.0,1.0,0.7,1
49.0,53.0,96.0,156.0,0.0,0.7,0
76.0,47.0,103.0,182.0,0.0,1.3,0
46.0,46.0,94.0,180.0,0.0,0.6,0
54.0,67.0,100.0,145.0,0.0,0.6,0
70.0,56.0,117.0,159.0,0.0,0.5,0
34.0,61.0,89.0,188.0,0.0,0.2,0
43.0,58.0,66.0,184.0,0.0,2.3,0
62.0,49.0,101.0,155.0,1.0,2.5,1
74.0,47.0,52.0,133.0,0.0,0.7,0
46.0,67.0,103.0,174.0,0.0,0.8,0
62.0,55.0,158.0,147.0,1.0,1.0,1
39.0,47.0,86.0,172.0,0.0,0.0,0
61.0,26.0,74.0,143.0,0.0,1.0,1
75.0,32.0,155.0,127.0,0.0,0.5,1
50.0,60.0,87.0,188.0,0.0,1.5,0
48.0,44.0,95.0,155.0,0.0,2.0,1
71.0,62.0,113.0,126.0,1.0,0.5,0
63.0,71.0,70.0,182.0,0.0,1.3,0
67.0,54.0,114.0,133.0,0.0,0.6,1
70.0,67.0,82.0,129.0,1.0,0.4,1
53.0,60.0,110.0,157.0,0.0,1.4,0
67.0,65.0,118.0,131.0,0.0,0.6,1
78.0,59.0,123.0,155.0,0.0,1.2,0
50.0,55.0,82.0,147.0,0.0,3.4,1
66.0,54.0,116.0,144.0,0.0,1.0,0
49.0,62.0,128.0,174.0,0.0,3.3,0
73.0,63.0,87.0,148.0,0.0,3.4,0
62.0,30.0,133.0,157.0,0.0,1.7,1
38.0,49.0,92.0,192.0,0.0,0.0,0
57.0,43.0,123.0,141.0,1.0,0.3,1
48.0,47.0,79.0,160.0,0.0,0.4,0
65.0,49.0,99.0,149.0,0.0,0.5,0
52.0,58.0,91.0,163.0,0.0,1.3,0
53.0,55.0,149.0,183.0,0.0,1.1,0
63.0,58.0,157.0,139.0,0.0,1.4,1
48.0,27.0,99.0,161.0,1.0,0.7,1
19.0,42.0,147.0,210.0,0.0,0.1,0
47.0,65.0,119.0,161.0,0.0,2.6,0
47.0,68.0,108.0,192.0,0.0,0.4,0
74.0,54.0,124.0,147.0,1.0,2.9,1
33.0,52.0,124.0,190.0,1.0,0.7,0
77.0,57.0,145.0,120.0,0.0,0.8,1
56.0,58.0,112.0,190.0,0.0,0.5,0
60.0,37.0,107.0,173.0,0.0,1.1,0
52.0,58.0,78.0,172.0,0.0,0.1,0
52.0,53.0,72.0,163.0,0.0,0.0,0
47.0,61.0,80.0,182.0,0.0,0.6,0
80.0,70.0,134.0,116.0,0.0,2.6,1
45.0,60.0,149.0,167.0,0.0,0.6,0
60.0,68.0,99.0,167.0,0.0,0.2,0
57.0,40.0,118.0,171.0,0.0,0.1,0
55.0,58.0,132.0,155.0,0.0,0.6,1
67.0,66.0,60.0,152.0,0.0,0.1,0
61.0,63.0,127.0,182.0,0.0,0.7,0
31.0,55.0,99.0,175.0,0.0,1.0,1
32.0,52.0,102.0,160.0,0.0,0.5,1
47.0,62.0,76.0,185.0,0.0,0.8,0
72.0,63.0,155.0,137.0,1.0,2.2,1
79.0,74.0,148.0,128.0,0.0,0.3,0
49.0,54.0,127.0,157.0,0.0,1.2,1
55.0,56.0,103.0,179.0,0.0,1.0,0
39.0,55.0,60.0,186.0,0.0,0.6,0
58.0,62.0,131.0,159.0,0.0,0.0,0
58.0,58.0,90.0,137.0,1.0,0.5,1
46.0,50.0,111.0,179.0,0.0,0.3,0
53.0,76.0,95.0,193.0,0.0,0.2,0
60.0,68.0,115.0,169.0,0.0,0.1,0
76.0,52.0,128.0,156.0,0.0,0.4,0
79.0,61.0,81.0,143.0,0.0,0.5,0
88.0,51.0,65.0,152.0,1.0,0.7,0
46.0,58.0,103.0,181.0,0.0,0.7,0
25.0,51.0,81.0,188.0,1.0,0.5,0
55.0,49.0,92.0,170.0,0.0,0.7,0
39.0,70.0,134.0,174.0,1.0,1.4,1
61.0,82.0,111.0,180.0,0.0,1.9,0
50.0,55.0,128.0,179.0,0.0,1.4,0
45.0,66.0,99.0,171.0,0.0,1.0,0
53.0,47.0,153.0,165.0,0.0,0.1,0
68.0,72.0,140.0,177.0,0.0,0.1,0
59.0,58.0,158.0,151.0,0.0,0.5,0
54.0,66.0,85.0,168.0,0.0,1.0,0
43.0,54.0,82.0,182.0,0.0,1.9,0
40.0,39.0,94.0,167.0,0.0,0.4,0
59.0,59.0,93.0,169.0,0.0,1.1,0
49.0,74.0,86.0,181.0,0.0,0.2,0
41.0,56.0,85.0,168.0,0.0,0.1,0
61.0,53.0,135.0,145.0,1.0,0.6,1
54.0,38.0,91.0,162.0,0.0,0.4,0
50.0,61.0,123.0,182.0,0.0,0.6,0
75.0,36.0,163.0,133.0,0.0,4.5,1
46.0,67.0,66.0,177.0,0.0,1.0,0
67.0,50.0,99.0,148.0,0.0,0.3,1
56.0,51.0,148.0,163.0,0.0,1.2,0
60.0,83.0,80.0,183.0,0.0,0.3,0
56.0,39.0,135.0,179.0,0.0,0.4,0
67.0,56.0,118.0,130.0,1.0,0.1,1
74.0,39.0,125.0,128.0,0.0,1.0,1
37.0,70.0,69.0,192.0,0.0,1.6,0
70.0,58.0,99.0,139.0,0.0,0.3,0
51.0,66.0,111.0,176.0,0.0,0.6,0
59.0,50.0,133.0,137.0,0.0,1.1,1
58.0,60.0,133.0,155.0,0.0,0.2,0
47.0,46.0,86.0,172.0,0.0,0.0,0
47.0,57.0,106.0,187.0,0.0,0.8,0
57.0,59.0,102.0,164.0,1.0,0.9,0
46.0,46.0,105.0,177.0,0.0,2.4,0
63.0,61.0,114.0,165.0,0.0,0.1,0
35.0,57.0,106.0,192.0,0.0,2.6,0
52.0,48.0,78.0,170.0,0.0,0.1,0
72.0,53.0,89.0,147.0,0.0,0.5,0
52.0,53.0,122.0,192.0,0.0,0.6,0
42.0,56.0,95.0,193.0,0.0,0.2,0
53.0,50.0,140.0,144.0,1.0,1.9,1
41.0,55.0,87.0,184.0,0.0,0.5,0
64.0,78.0,132.0,166.0,0.0,0.6,0
56.0,56.0,117.0,157.0,1.0,1.1,1
51.0,71.0,149.0,179.0,0.0,0.8,0
63.0,55.0,170.0,159.0,0.0,0.3,0
53.0,43.0,78.0,166.0,0.0,0.6,0
45.0,44.0,80.0,196.0,0.0,1.7,0
50.0,64.0,115.0,174.0,0.0,1.2,0
44.0,60.0,116.0,182.0,0.0,1.8,0
40.0,59.0,111.0,163.0,0.0,1.2,1
62.0,49.0,109.0,149.0,0.0,0.6,0
45.0,79.0,43.0,187.0,0.0,0.8,0
46.0,46.0,118.0,184.0,1.0,0.4,0
66.0,47.0,97.0,120.0,0.0,0.9,1
37.0,58.0,86.0,206.0,0.0,1.2,0
43.0,59.0,120.0,186.0,0.0,0.4,0
47.0,71.0,104.0,187.0,1.0,0.1,0
74.0,56.0,92.0,154.0,0.0,1.2,0
52.0,37.0,107.0,176.0,0.0,2.4,0
56.0,59.0,91.0,159.0,0.0,1.2,0
55.0,46.0,57.0,163.0,0.0,0.9,0
38.0,60.0,114.0,190.0,0.0,1.0,0
59.0,42.0,113.0,163.0,0.0,0.7,0
65.0,58.0,137.0,160.0,0.0,1.3,0
76.0,47.0,132.0,128.0,1.0,2.3,1
51.0,63.0,63.0,168.0,0.0,2.1,0
62.0,51.0,105.0,148.0,0.0,0.1,0
66.0,45.0,120.0,140.0,0.0,2.3,1
55.0,51.0,100.0,180.0,0.0,3.8,0
81.0,53.0,149.0,123.0,1.0,3.5,1
80.0,61.0,129.0,137.0,0.0,3.8,1
73.0,38.0,125.0,122.0,0.0,0.9,1
38.0,63.0,165.0,170.0,1.0,0.4,1
51.0,82.0,146.0,189.0,0.0,0.9,0
64.0,43.0,90.0,155.0,0.0,0.6,0
55.0,57.0,133.0,151.0,0.0,0.3,0
32.0,84.0,79.0,196.0,0.0,0.4,0
57.0,51.0,128.0,173.0,1.0,0.4,1
81.0,33.0,89.0,127.0,0.0,2.2,1
76.0,69.0,156.0,124.0,1.0,1.0,1
66.0,55.0,124.0,166.0,0.0,0.5,0
56.0,37.0,99.0,144.0,0.0,1.1,1
55.0,74.0,122.0,167.0,0.0,1.3,0
58.0,67.0,73.0,168.0,1.0,0.4,0
48.0,79.0,139.0,187.0,0.0,3.1,0
48.0,53.0,135.0,179.0,0.0,0.4,0
57.0,62.0,86.0,156.0,0.0,0.9,0
81.0,53.0,157.0,131.0,1.0,0.3,1
62.0,29.0,80.0,162.0,0.0,1.3,1
58.0,47.0,101.0,153.0,0.0,0.3,1
69.0,37.0,131.0,146.0,1.0,0.9,1
76.0,53.0,71.0,136.0,1.0,4.7,1
70.0,60.0,126.0,134.0,1.0,1.9,1
41.0,52.0,118.0,175.0,1.0,1.8,1
77.0,35.0,102.0,114.0,1.0,0.0,1
66.0,43.0,123.0,141.0,0.0,0.1,0
38.0,60.0,99.0,201.0,0.0,1.0,0
50.0,77.0,84.0,177.0,0.0,1.9,0
26.0,21.0,111.0,192.0,0.0,1.2,0
44.0,51.0,106.0,178.0,1.0,0.4,0
54.0,46.0,104.0,169.0,0.0,2.9,0
58.0,42.0,99.0,150.0,0.0,1.1,0
50.0,68.0,99.0,185.0,0.0,1.6,0
57.0,82.0,93.0,153.0,1.0,2.4,1
48.0,51.0,137.0,188.0,1.0,0.5,0
60.0,51.0,94.0,161.0,0.0,2.1,0
54.0,65.0,65.0,161.0,0.0,0.3,0
62.0,41.0,81.0,150.0,0.0,0.8,0
67.0,55.0,84.0,160.0,0.0,0.3,0
64.0,32.0,110.0,155.0,1.0,2.1,1
51.0,35.0,114.0,147.0,0.0,2.6,1
32.0,63.0,145.0,189.0,0.0,0.4,0
61.0,53.0,79.0,135.0,0.0,0.9,1
36.0,69.0,59.0,202.0,0.0,0.4,0
65.0,61.0,139.0,159.0,1.0,0.5,0
70.0,43.0,135.0,139.0,1.0,2.4,1
67.0,39.0,119.0,176.0,1.0,0.5,0
70.0,57.0,130.0,169.0,1.0,1.5,1
69.0,55.0,100.0,168.0,0.0,0.6,0
43.0,69.0,99.0,159.0,1.0,0.3,0
38.0,61.0,35.0,186.0,1.0,0.6,0
26.0,31.0,130.0,210.0,0.0,0.1,0
56.0,67.0,93.0,153.0,0.0,0.3,0
60.0,46.0,139.0,139.0,0.0,0.6,1
59.0,32.0,123.0,147.0,1.0,4.6,1
53.0,67.0,94.0,177.0,0.0,0.7,0
67.0,50.0,90.0,155.0,0.0,1.2,0
58.0,44.0,143.0,160.0,0.0,0.1,1
33.0,57.0,139.0,187.0,0.0,0.5,0
36.0,79.0,71.0,183.0,0.0,0.2,0
70.0,73.0,127.0,156.0,0.0,0.6,0
61.0,34.0,114.0,162.0,1.0,0.9,1
35.0,53.0,86.0,185.0,0.0,0.5,0
71.0,52.0,109.0,159.0,0.0,0.2,0
49.0,71.0,84.0,174.0,0.0,0.3,0
70.0,62.0,93.0,132.0,1.0,0.4,1
48.0,60.0,85.0,170.0,0.0,0.5,0
69.0,40.0,44.0,168.0,0.0,0.6,0
64.0,47.0,94.0,156.0,0.0,0.7,0
48.0,59.0,127.0,179.0,0.0,1.2,0
48.0,63.0,100.0,175.0,0.0,0.0,0
72.0,32.0,113.0,106.0,1.0,4.3,1
59.0,48.0,115.0,146.0,0.0,0.4,0
40.0,69.0,113.0,185.0,0.0,1.1,0
41.0,34.0,108.0,194.0,0.0,1.3,0
48.0,53.0,84.0,184.0,0.0,0.9,0
52.0,48.0,109.0,152.0,0.0,0.6,0
38.0,53.0,87.0,190.0,0.0,0.5,0
76.0,50.0,125.0,120.0,1.0,0.1,1
42.0,56.0,122.0,169.0,0.0,0.2,0
40.0,43.0,99.0,174.0,0.0,0.3,0
30.0,66.0,91.0,209.0,0.0,1.6,0
52.0,73.0,104.0,192.0,0.0,2.6,0
50.0,51.0,92.0,170.0,0.0,0.6,0
64.0,70.0,110.0,177.0,0.0,0.3,0
48.0,55.0,124.0,175.0,0.0,0.5,1
53.0,60.0,152.0,161.0,0.0,1.4,0
52.0,38.0,88.0,168.0,0.0,1.3,1
54.0,44.0,140.0,189.0,0.0,0.9,0
49.0,57.0,136.0,174.0,0.0,0.4,1
45.0,36.0,84.0,143.0,0.0,1.6,1
56.0,44.0,154.0,137.0,0.0,0.6,1
68.0,63.0,65.0,143.0,0.0,0.1,1
87.0,46.0,126.0,135.0,0.0,0.9,1
40.0,42.0,74.0,195.0,0.0,1.7,0
42.0,43.0,79.0,184.0,1.0,0.4,0
52.0,61.0,89.0,174.0,1.0,0.2,0
65.0,58.0,107.0,147.0,1.0,0.7,1
57.0,70.0,142.0,166.0,0.0,1.7,0
46.0,58.0,88.0,196.0,0.0,1.2,0
65.0,73.0,46.0,174.0,0.0,0.2,0
37.0,56.0,86.0,189.0,0.0,1.9,0
49.0,65.0,132.0,182.0,0.0,0.5,0
43.0,49.0,64.0,182.0,0.0,0.1,0
41.0,66.0,49.0,183.0,0.0,0.4,0
37.0,47.0,87.0,175.0,0.0,0.6,0
45.0,51.0,103.0,180.0,1.0,0.5,0
45.0,32.0,83.0,161.0,0.0,0.2,1
34.0,49.0,137.0,203.0,0.0,1.0,0
34.0,62.0,112.0,174.0,0.0,0.3,0
44.0,68.0,118.0,167.0,1.0,0.3,1
60.0,48.0,77.0,143.0,0.0,1.1,0
38.0,67.0,83.0,182.0,0.0,1.7,0
59.0,45.0,84.0,168.0,0.0,0.7,0
54.0,67.0,134.0,162.0,0.0,0.2,0
60.0,73.0,134.0,162.0,0.0,0.6,0
32.0,52.0,65.0,207.0,0.0,1.4,0
42.0,67.0,90.0,173.0,0.0,0.8,0
62.0,50.0,89.0,141.0,0.0,1.6,0
79.0,55.0,111.0,150.0,0.0,3.0,0
45.0,46.0,120.0,152.0,1.0,1.9,1
31.0,80.0,92.0,170.0,0.0,0.9,0
58.0,45.0,101.0,176.0,0.0,0.2,0
72.0,50.0,99.0,168.0,0.0,1.0,0
56.0,36.0,81.0,155.0,0.0,0.1,0
45.0,57.0,124.0,195.0,0.0,1.1,0
45.0,37.0,94.0,168.0,0.0,0.5,0
67.0,61.0,120.0,147.0,0.0,0.0,0
86.0,54.0,109.0,112.0,0.0,3.2,1
72.0,50.0,99.0,125.0,1.0,1.3,1
62.0,66.0,83.0,139.0,1.0,0.9,0
60.0,69.0,35.0,163.0,0.0,0.3,0
53.0,36.0,139.0,155.0,1.0,0.9,1
56.0,40.0,121.0,159.0,1.0,1.3,1
52.0,63.0,109.0,167.0,1.0,0.9,0
30.0,79.0,99.0,177.0,0.0,0.9,0
23.0,71.0,120.0,175.0,0.0,0.0,0
60.0,48.0,94.0,158.0,1.0,0.6,0
52.0,68.0,83.0,160.0,1.0,0.7,1
45.0,36.0,102.0,164.0,0.0,0.3,1
56.0,78.0,48.0,160.0,0.0,0.2,0
56.0,53.0,123.0,149.0,0.0,3.3,1
40.0,50.0,118.0,196.0,0.0,0.8,0
38.0,60.0,84.0,190.0,0.0,0.6,0
63.0,60.0,94.0,168.0,0.0,0.3,0
41.0,55.0,85.0,167.0,0.0,0.8,0
55.0,66.0,143.0,163.0,0.0,0.6,0
54.0,62.0,95.0,154.0,0.0,1.8,1
49.0,45.0,159.0,155.0,0.0,0.7,1
50.0,60.0,86.0,162.0,0.0,0.3,0
53.0,30.0,137.0,180.0,0.0,0.3,0
52.0,62.0,111.0,164.0,0.0,1.4,1
38.0,70.0,117.0,174.0,0.0,1.4,0
51.0,64.0,131.0,179.0,1.0,0.5,0
62.0,38.0,78.0,151.0,0.0,0.3,0
74.0,78.0,72.0,140.0,1.0,0.1,1
72.0,41.0,117.0,163.0,0.0,0.3,0
22.0,28.0,89.0,182.0,0.0,1.0,0
66.0,58.0,62.0,147.0,1.0,1.9,0
54.0,73.0,113.0,174.0,0.0,0.2,0
39.0,68.0,35.0,193.0,0.0,0.1,0
51.0,46.0,120.0,138.0,1.0,0.7,1
70.0,60.0,63.0,153.0,0.0,2.5,0
56.0,45.0,89.0,171.0,0.0,0.5,0
48.0,59.0,109.0,168.0,0.0,0.7,0
43.0,30.0,108.0,178.0,0.0,0.5,0
51.0,56.0,64.0,163.0,0.0,0.5,0
50.0,72.0,148.0,141.0,0.0,0.4,1
41.0,68.0,110.0,172.0,0.0,1.1,0
32.0,69.0,117.0,161.0,1.0,1.6,1
41.0,56.0,80.0,181.0,0.0,0.6,0
57.0,80.0,96.0,171.0,0.0,0.1,0
24.0,67.0,185.0,207.0,0.0,0.4,0
40.0,43.0,106.0,201.0,0.0,0.1,0
85.0,42.0,54.0,129.0,0.0,1.9,0
60.0,47.0,105.0,146.0,1.0,0.6,1
78.0,63.0,119.0,129.0,0.0,2.2,1
67.0,61.0,124.0,147.0,1.0,3.5,1
67.0,35.0,101.0,130.0,0.0,1.2,1
63.0,68.0,49.0,167.0,0.0,0.5,0
46.0,32.0,167.0,174.0,0.0,0.6,1
57.0,65.0,99.0,165.0,0.0,0.4,0
74.0,46.0,146.0,153.0,0.0,1.6,1
57.0,41.0,123.0,176.0,0.0,0.6,0
50.0,40.0,97.0,192.0,0.0,0.2,0
53.0,60.0,88.0,157.0,0.0,1.6,0
73.0,53.0,124.0,135.0,0.0,0.3,1
37.0,66.0,113.0,210.0,0.0,0.4,0
79.0,56.0,79.0,153.0,0.0,1.6,1
50.0,58.0,134.0,179.0,0.0,0.9,0
51.0,68.0,109.0,187.0,0.0,0.3,0
47.0,56.0,91.0,191.0,1.0,0.5,0
56.0,47.0,118.0,175.0,0.0,1.6,0
55.0,44.0,97.0,143.0,0.0,0.2,1
59.0,54.0,83.0,155.0,0.0,0.2,0
48.0,33.0,96.0,170.0,0.0,1.2,0
39.0,70.0,69.0,204.0,0.0,0.5,0
45.0,50.0,102.0,171.0,0.0,1.2,0
40.0,74.0,35.0,185.0,1.0,1.2,0
35.0,37.0,89.0,192.0,0.0,1.0,0
59.0,50.0,88.0,160.0,1.0,0.8,0
60.0,66.0,135.0,151.0,0.0,0.5,0
30.0,56.0,115.0,193.0,0.0,1.0,0
38.0,42.0,99.0,188.0,0.0,0.8,0
67.0,37.0,105.0,171.0,1.0,2.1,1
61.0,60.0,67.0,153.0,1.0,0.4,1
70.0,46.0,165.0,132.0,1.0,0.5,1
42.0,62.0,107.0,174.0,1.0,0.1,0
22.0,78.0,132.0,192.0,0.0,0.0,0
31.0,40.0,95.0,200.0,1.0,1.1,0
58.0,60.0,109.0,174.0,0.0,0.8,0
36.0,46.0,126.0,155.0,1.0,0.9,1
73.0,58.0,144.0,162.0,0.0,1.4,0
53.0,56.0,120.0,150.0,1.0,1.8,1
59.0,58.0,95.0,163.0,0.0,1.7,0
62.0,68.0,89.0,128.0,1.0,1.1,1
68.0,71.0,90.0,157.0,0.0,0.6,0
55.0,46.0,126.0,176.0,0.0,0.9,0
59.0,72.0,58.0,146.0,0.0,0.5,0
29.0,19.0,82.0,202.0,0.0,0.6,0
39.0,37.0,52.0,184.0,0.0,2.3,0
59.0,85.0,109.0,154.0,0.0,0.2,0
55.0,41.0,105.0,143.0,0.0,2.4,1
48.0,64.0,52.0,179.0,0.0,0.7,0
43.0,61.0,102.0,155.0,1.0,6.5,1
63.0,53.0,53.0,155.0,0.0,0.6,1
56.0,71.0,97.0,165.0,0.0,0.2,0
48.0,68.0,127.0,190.0,0.0,0.1,0
80.0,46.0,57.0,153.0,1.0,0.4,1
50.0,83.0,147.0,161.0,0.0,4.2,1
44.0,39.0,116.0,178.0,0.0,0.7,0
70.0,52.0,119.0,193.0,0.0,0.5,0
41.0,53.0,114.0,200.0,0.0,0.0,0
44.0,74.0,80.0,190.0,0.0,0.6,0
58.0,64.0,95.0,167.0,0.0,1.4,0
76.0,54.0,116.0,109.0,0.0,0.6,1
48.0,48.0,91.0,188.0,0.0,0.8,0
26.0,36.0,123.0,173.0,0.0,0.8,1
69.0,75.0,93.0,144.0,1.0,0.8,1
53.0,59.0,130.0,173.0,0.0,1.7,0
66.0,55.0,136.0,122.0,0.0,0.5,1
60.0,54.0,190.0,140.0,0.0,1.0,1
71.0,60.0,55.0,150.0,0.0,0.7,0
55.0,36.0,41.0,172.0,0.0,0.9,0
30.0,68.0,152.0,210.0,0.0,0.2,0
52.0,63.0,107.0,190.0,0.0,2.0,0
74.0,57.0,90.0,151.0,0.0,0.4,0
77.0,62.0,144.0,133.0,0.0,0.3,0
69.0,46.0,89.0,147.0,0.0,2.2,1
57.0,48.0,116.0,132.0,0.0,2.1,1
39.0,52.0,78.0,195.0,0.0,1.0,0
74.0,60.0,152.0,126.0,1.0,2.1,1
40.0,85.0,94.0,195.0,0.0,0.2,0
54.0,61.0,59.0,179.0,0.0,0.5,0
50.0,72.0,106.0,174.0,0.0,0.2,0
60.0,56.0,76.0,173.0,0.0,1.3,0
62.0,78.0,56.0,170.0,0.0,0.1,0
90.0,63.0,134.0,163.0,0.0,1.3,0
74.0,64.0,126.0,135.0,0.0,1.3,0
53.0,47.0,79.0,148.0,0.0,1.4,1
50.0,75.0,92.0,179.0,0.0,0.6,0
38.0,62.0,125.0,175.0,1.0,0.7,1
64.0,67.0,101.0,149.0,0.0,0.0,0
30.0,72.0,71.0,190.0,1.0,1.3,0
34.0,60.0,105.0,180.0,0.0,1.9,0
52.0,72.0,82.0,130.0,0.0,1.0,1
57.0,75.0,111.0,139.0,0.0,2.7,1
48.0,52.0,102.0,175.0,0.0,0.4,0
63.0,42.0,93.0,176.0,0.0,0.3,0
48.0,62.0,108.0,170.0,0.0,0.3,0
73.0,48.0,99.0,145.0,1.0,2.2,1
60.0,57.0,113.0,168.0,0.0,1.3,0
49.0,47.0,128.0,194.0,1.0,0.8,0
42.0,65.0,121.0,187.0,0.0,0.2,0
78.0,41.0,139.0,136.0,0.0,3.8,1
48.0,28.0,139.0,144.0,1.0,1.6,1
33.0,57.0,75.0,210.0,0.0,1.0,0
63.0,26.0,64.0,158.0,0.0,0.2,0
46.0,50.0,93.0,182.0,0.0,0.5,0
85.0,47.0,115.0,112.0,1.0,0.2,1
47.0,46.0,97.0,165.0,0.0,0.6,0
36.0,59.0,109.0,205.0,0.0,0.5,0
33.0,49.0,116.0,161.0,1.0,0.4,1
28.0,63.0,91.0,170.0,0.0,0.4,0
64.0,43.0,86.0,138.0,0.0,0.2,0
79.0,40.0,113.0,131.0,0.0,1.2,1
57.0,38.0,145.0,136.0,1.0,0.6,1
50.0,62.0,132.0,167.0,1.0,0.5,0
40.0,64.0,66.0,177.0,0.0,0.4,0
64.0,54.0,80.0,158.0,0.0,2.6,0
37.0,74.0,123.0,191.0,0.0,0.2,0
46.0,40.0,121.0,177.0,0.0,0.5,0
50.0,72.0,89.0,169.0,0.0,1.7,0
69.0,53.0,94.0,146.0,0.0,0.3,0
64.0,47.0,110.0,179.0,0.0,4.6,0
73.0,47.0,136.0,122.0,0.0,0.4,1
85.0,52.0,102.0,129.0,1.0,0.4,1
52.0,61.0,141.0,189.0,0.0,0.2,0
81.0,65.0,106.0,172.0,0.0,0.9,0
75.0,60.0,70.0,121.0,0.0,2.4,1
58.0,55.0,105.0,175.0,1.0,0.7,0
74.0,60.0,162.0,143.0,0.0,0.4,0
68.0,74.0,127.0,127.0,0.0,0.2,1
77.0,57.0,121.0,142.0,0.0,1.7,0
21.0,60.0,73.0,210.0,0.0,1.7,0
42.0,60.0,113.0,188.0,0.0,0.9,0
37.0,85.0,74.0,196.0,0.0,1.2,0
58.0,58.0,108.0,167.0,0.0,0.0,0
58.0,45.0,118.0,182.0,0.0,0.9,0
37.0,90.0,74.0,181.0,1.0,2.4,0
45.0,57.0,84.0,196.0,0.0,1.4,0
56.0,38.0,93.0,149.0,1.0,1.7,1
52.0,43.0,104.0,176.0,0.0,0.4,0
54.0,53.0,138.0,160.0,0.0,0.4,1
49.0,49.0,84.0,172.0,0.0,0.7,0
38.0,73.0,45.0,194.0,0.0,0.7,0
62.0,60.0,150.0,149.0,0.0,1.5,0
36.0,63.0,97.0,200.0,0.0,2.2,0
65.0,35.0,84.0,164.0,0.0,0.8,0
57.0,53.0,137.0,162.0,0.0,1.3,1
66.0,60.0,108.0,156.0,0.0,0.1,0
66.0,53.0,85.0,149.0,0.0,1.1,0
34.0,63.0,106.0,182.0,0.0,0.3,0
38.0,64.0,85.0,195.0,1.0,0.7,0
22.0,71.0,35.0,209.0,0.0,1.0,0
34.0,59.0,69.0,184.0,0.0,0.7,0
39.0,70.0,77.0,182.0,0.0,1.1,0
65.0,55.0,110.0,158.0,0.0,0.9,0
61.0,66.0,77.0,174.0,0.0,0.8,0
30.0,71.0,78.0,198.0,0.0,0.9,0
63.0,65.0,137.0,151.0,0.0,0.1,0
46.0,44.0,120.0,160.0,0.0,2.0,1
56.0,48.0,74.0,177.0,1.0,0.8,1
54.0,67.0,68.0,157.0,0.0,0.5,0
50.0,43.0,103.0,156.0,0.0,0.1,0
69.0,48.0,105.0,166.0,0.0,0.5,0
34.0,74.0,104.0,203.0,0.0,0.4,0
61.0,46.0,69.0,151.0,0.0,0.2,0
72.0,64.0,63.0,152.0,0.0,0.1,0
49.0,63.0,88.0,198.0,1.0,0.1,0
46.0,60.0,40.0,163.0,0.0,0.2,0
41.0,62.0,103.0,178.0,0.0,0.0,0
57.0,50.0,117.0,153.0,0.0,0.7,0
58.0,68.0,62.0,147.0,1.0,0.6,0
58.0,73.0,67.0,147.0,0.0,0.5,0
24.0,66.0,91.0,210.0,0.0,0.5,0
75.0,61.0,96.0,115.0,1.0,1.8,1
65.0,66.0,148.0,142.0,0.0,0.8,0
51.0,71.0,86.0,177.0,0.0,0.2,0
61.0,46.0,105.0,149.0,1.0,2.8,1
36.0,43.0,95.0,179.0,0.0,0.5,1
59.0,53.0,142.0,157.0,0.0,0.4,0
44.0,78.0,127.0,185.0,0.0,0.8,0
59.0,37.0,78.0,155.0,0.0,1.1,1
40.0,63.0,120.0,156.0,1.0,0.2,1
48.0,49.0,106.0,150.0,0.0,0.3,1
60.0,52.0,151.0,162.0,1.0,2.6,1
46.0,40.0,111.0,196.0,0.0,2.5,0
56.0,72.0,67.0,180.0,1.0,0.9,0
52.0,51.0,134.0,164.0,0.0,0.3,0
71.0,70.0,140.0,136.0,1.0,1.2,1
64.0,49.0,163.0,144.0,0.0,0.1,0
56.0,53.0,154.0,144.0,1.0,4.5,1
84.0,74.0,90.0,113.0,0.0,1.0,1
58.0,56.0,118.0,174.0,0.0,0.6,0
46.0,84.0,86.0,188.0,1.0,0.8,0
77.0,53.0,97.0,117.0,1.0,0.9,1
49.0,50.0,129.0,192.0,0.0,0.3,0
49.0,38.0,145.0,184.0,0.0,0.5,0
41.0,67.0,91.0,188.0,0.0,0.8,0
52.0,74.0,95.0,164.0,0.0,0.1,0
64.0,83.0,103.0,153.0,1.0,0.3,0
30.0,54.0,63.0,195.0,0.0,0.2,0
52.0,44.0,118.0,144.0,0.0,1.7,1
33.0,63.0,35.0,184.0,0.0,0.1,0
71.0,32.0,97.0,159.0,0.0,0.6,1
54.0,44.0,111.0,158.0,0.0,3.7,0
72.0,52.0,108.0,169.0,0.0,2.2,0
52.0,52.0,89.0,157.0,0.0,0.5,0
31.0,51.0,91.0,186.0,1.0,1.1,0
48.0,36.0,63.0,166.0,0.0,0.5,1
90.0,53.0,116.0,129.0,0.0,3.6,1
54.0,47.0,119.0,167.0,1.0,1.4,0
68.0,53.0,79.0,174.0,1.0,0.3,0
42.0,45.0,90.0,190.0,0.0,1.3,0
48.0,65.0,123.0,191.0,1.0,0.6,0
65.0,50.0,148.0,136.0,1.0,0.1,1
71.0,56.0,116.0,152.0,0.0,0.0,1
68.0,38.0,121.0,141.0,0.0,2.4,1
40.0,73.0,115.0,175.0,0.0,0.5,0
32.0,71.0,150.0,174.0,0.0,0.2,0
34.0,55.0,75.0,182.0,0.0,0.1,0
43.0,54.0,90.0,197.0,0.0,2.0,0
48.0,53.0,113.0,182.0,0.0,2.2,0
60.0,61.0,143.0,145.0,0.0,1.7,1
29.0,44.0,73.0,201.0,0.0,0.2,0
34.0,61.0,76.0,196.0,0.0,0.3,0
57.0,64.0,122.0,154.0,0.0,1.7,1
53.0,57.0,74.0,173.0,0.0,0.5,0
48.0,50.0,86.0,173.0,0.0,0.2,0
77.0,64.0,134.0,138.0,0.0,2.2,1
40.0,62.0,102.0,199.0,0.0,0.5,0
65.0,51.0,98.0,157.0,0.0,3.9,1
55.0,79.0,114.0,149.0,1.0,0.0,0
49.0,46.0,148.0,165.0,0.0,0.1,0
42.0,62.0,109.0,177.0,0.0,0.6,0
30.0,63.0,132.0,208.0,1.0,2.6,0
36.0,39.0,132.0,169.0,1.0,1.9,1
48.0,46.0,79.0,168.0,0.0,0.3,0
42.0,77.0,110.0,185.0,0.0,2.0,0
43.0,42.0,99.0,172.0,0.0,4.1,0
51.0,55.0,80.0,167.0,1.0,0.4,0
70.0,61.0,85.0,159.0,0.0,0.9,0
60.0,45.0,94.0,156.0,0.0,0.2,0
53.0,48.0,78.0,173.0,0.0,0.8,0
40.0,48.0,133.0,181.0,1.0,1.2,0
50.0,54.0,121.0,197.0,0.0,1.8,0
57.0,66.0,139.0,171.0,0.0,0.6,0
43.0,40.0,116.0,177.0,1.0,1.0,0
59.0,34.0,146.0,134.0,0.0,4.2,1
53.0,61.0,80.0,168.0,0.0,0.3,0
60.0,53.0,101.0,155.0,1.0,1.6,1
90.0,64.0,130.0,115.0,0.0,0.6,1
56.0,60.0,101.0,172.0,0.0,0.8,0
59.0,49.0,109.0,183.0,0.0,0.7,0
49.0,76.0,95.0,166.0,0.0,0.9,0
64.0,66.0,97.0,157.0,0.0,0.9,0
44.0,51.0,88.0,176.0,0.0,0.0,0
55.0,51.0,121.0,158.0,0.0,0.1,0
29.0,55.0,115.0,204.0,0.0,1.7,0
76.0,40.0,69.0,149.0,0.0,0.4,0
67.0,46.0,104.0,158.0,0.0,1.1,0
40.0,57.0,92.0,178.0,0.0,1.9,0
74.0,38.0,89.0,128.0,0.0,0.5,1
57.0,52.0,97.0,163.0,1.0,0.2,0
62.0,40.0,59.0,166.0,0.0,0.3,0
56.0,69.0,106.0,172.0,0.0,0.2,0
51.0,53.0,104.0,177.0,0.0,1.2,0
65.0,53.0,93.0,157.0,1.0,1.3,0
49.0,61.0,115.0,184.0,0.0,0.3,0
39.0,76.0,125.0,187.0,0.0,0.7,0
71.0,59.0,130.0,129.0,0.0,2.5,1
53.0,69.0,137.0,152.0,0.0,0.9,0
65.0,65.0,118.0,136.0,1.0,0.2,1
53.0,44.0,135.0,154.0,1.0,0.9,1
65.0,27.0,113.0,162.0,1.0,0.2,0
31.0,49.0,127.0,177.0,0.0,1.3,1
64.0,50.0,122.0,134.0,0.0,1.4,1
59.0,20.0,133.0,142.0,1.0,0.6,1
43.0,51.0,97.0,179.0,0.0,0.4,0
63.0,55.0,88.0,146.0,0.0,0.8,0
63.0,51.0,107.0,145.0,0.0,0.5,0
55.0,55.0,98.0,151.0,1.0,1.5,1
65.0,44.0,133.0,118.0,0.0,1.5,1
44.0,68.0,92.0,186.0,0.0,0.5,0
41.0,45.0,65.0,174.0,0.0,0.5,0
34.0,59.0,115.0,203.0,0.0,0.7,0
61.0,50.0,122.0,146.0,0.0,1.8,1
57.0,39.0,150.0,153.0,0.0,0.1,1
32.0,70.0,103.0,191.0,0.0,0.8,0
63.0,58.0,115.0,161.0,0.0,0.3,0
66.0,56.0,140.0,117.0,1.0,3.4,1
80.0,54.0,84.0,133.0,1.0,2.4,1
54.0,56.0,109.0,168.0,0.0,1.5,0
75.0,67.0,74.0,146.0,0.0,0.3,0
34.0,45.0,112.0,178.0,0.0,0.6,0
70.0,35.0,97.0,150.0,0.0,0.9,0
67.0,59.0,123.0,162.0,1.0,0.7,1
51.0,64.0,102.0,183.0,0.0,0.4,0
65.0,51.0,110.0,141.0,0.0,3.5,1
26.0,82.0,98.0,194.0,0.0,0.6,0
55.0,48.0,141.0,142.0,0.0,0.5,1
60.0,58.0,133.0,172.0,0.0,1.2,0
55.0,30.0,78.0,158.0,0.0,0.3,1
65.0,62.0,114.0,141.0,0.0,0.4,1
64.0,40.0,99.0,155.0,0.0,0.3,0
35.0,49.0,72.0,201.0,0.0,0.3,0
60.0,50.0,93.0,164.0,0.0,0.1,0
45.0,61.0,80.0,176.0,0.0,0.4,0
69.0,46.0,116.0,142.0,0.0,0.4,1
58.0,44.0,115.0,141.0,1.0,3.8,1
67.0,94.0,70.0,130.0,0.0,0.2,0
87.0,50.0,143.0,115.0,0.0,2.5,1
71.0,42.0,125.0,151.0,0.0,5.1,1
26.0,55.0,124.0,184.0,0.0,0.5,0
39.0,45.0,101.0,149.0,1.0,3.1,1
55.0,51.0,93.0,151.0,1.0,1.8,1
59.0,57.0,91.0,178.0,0.0,0.5,0
56.0,60.0,115.0,163.0,0.0,0.2,0
54.0,71.0,171.0,163.0,1.0,3.2,1
66.0,55.0,78.0,130.0,0.0,1.1,0
44.0,62.0,118.0,174.0,0.0,2.3,0
60.0,65.0,54.0,182.0,0.0,0.7,0
49.0,67.0,101.0,184.0,0.0,0.8,0
69.0,46.0,69.0,144.0,0.0,2.8,1
57.0,77.0,114.0,152.0,0.0,1.6,0
41.0,29.0,111.0,162.0,1.0,3.8,1
41.0,70.0,157.0,176.0,0.0,0.6,0
81.0,64.0,83.0,126.0,0.0,0.9,1
63.0,59.0,99.0,140.0,0.0,0.5,0
65.0,97.0,144.0,157.0,1.0,0.1,0
48.0,60.0,54.0,172.0,1.0,0.9,0
49.0,63.0,93.0,168.0,1.0,0.2,0
27.0,45.0,103.0,206.0,0.0,1.1,0
65.0,40.0,116.0,149.0,0.0,0.3,0
54.0,54.0,106.0,178.0,1.0,0.3,0
70.0,48.0,130.0,149.0,0.0,0.6,0
72.0,39.0,152.0,148.0,1.0,0.2,1
56.0,28.0,154.0,142.0,1.0,0.7,1
60.0,60.0,111.0,135.0,1.0,1.0,1
69.0,75.0,118.0,162.0,0.0,0.8,0
49.0,68.0,122.0,151.0,0.0,0.2,0
66.0,40.0,132.0,146.0,0.0,0.9,1
30.0,70.0,111.0,188.0,0.0,0.2,0
62.0,68.0,101.0,161.0,0.0,0.3,0
51.0,55.0,157.0,178.0,0.0,0.0,0
56.0,68.0,99.0,189.0,0.0,0.1,0
41.0,65.0,73.0,194.0,0.0,0.1,0
43.0,58.0,67.0,171.0,0.0,1.5,0
46.0,47.0,35.0,183.0,0.0,1.4,0
54.0,70.0,93.0,179.0,0.0,1.4,0
43.0,66.0,79.0,175.0,0.0,1.9,0
34.0,54.0,106.0,189.0,0.0,0.0,0
80.0,33.0,125.0,144.0,0.0,1.4,1
62.0,53.0,142.0,148.0,0.0,2.9,1
42.0,71.0,68.0,184.0,0.0,1.8,0
49.0,74.0,83.0,181.0,1.0,0.2,0
53.0,51.0,84.0,190.0,0.0,1.4,0
60.0,40.0,118.0,162.0,0.0,0.6,0
41.0,55.0,53.0,197.0,0.0,0.2,0
44.0,42.0,105.0,186.0,0.0,2.9,0
64.0,45.0,129.0,137.0,0.0,3.5,1
89.0,52.0,121.0,121.0,1.0,6.1,1
64.0,56.0,121.0,136.0,0.0,0.6,1
54.0,57.0,119.0,157.0,0.0,0.2,0
37.0,44.0,106.0,175.0,0.0,3.3,1
62.0,62.0,122.0,149.0,0.0,0.1,0
40.0,73.0,79.0,193.0,0.0,1.7,0
67.0,56.0,134.0,133.0,1.0,1.9,1
52.0,49.0,116.0,158.0,0.0,0.3,0
44.0,56.0,83.0,173.0,0.0,0.7,0
70.0,27.0,102.0,133.0,0.0,0.2,1
52.0,67.0,76.0,180.0,0.0,0.1,0
46.0,78.0,148.0,190.0,0.0,0.6,0
54.0,39.0,125.0,147.0,0.0,4.6,1
84.0,58.0,109.0,123.0,1.0,0.5,1
60.0,50.0,96.0,151.0,0.0,2.2,0
57.0,57.0,119.0,156.0,0.0,0.7,0
31.0,21.0,94.0,160.0,1.0,3.1,1
76.0,34.0,150.0,132.0,1.0,1.2,1
37.0,47.0,134.0,184.0,0.0,0.3,0
55.0,49.0,108.0,193.0,0.0,1.2,0
51.0,52.0,70.0,160.0,0.0,0.3,0
54.0,54.0,101.0,167.0,1.0,0.1,1
54.0,41.0,122.0,182.0,0.0,1.6,0
35.0,62.0,99.0,204.0,0.0,2.5,0
52.0,66.0,85.0,183.0,0.0,0.5,0
41.0,51.0,94.0,192.0,0.0,0.5,0
37.0,72.0,109.0,208.0,0.0,0.8,0
51.0,51.0,112.0,163.0,0.0,1.5,0
67.0,61.0,99.0,156.0,0.0,1.3,0
58.0,72.0,93.0,163.0,0.0,0.5,0
44.0,62.0,96.0,167.0,0.0,1.6,0
67.0,32.0,138.0,136.0,1.0,3.2,1
77.0,65.0,85.0,145.0,0.0,0.9,0
36.0,52.0,94.0,204.0,0.0,0.7,0
35.0,41.0,82.0,193.0,0.0,0.7,0
77.0,51.0,118.0,139.0,1.0,3.7,1
46.0,78.0,119.0,177.0,1.0,0.4,0
65.0,54.0,96.0,144.0,0.0,0.2,1
44.0,46.0,74.0,191.0,0.0,0.5,0
59.0,61.0,86.0,171.0,1.0,1.1,1
63.0,53.0,120.0,147.0,0.0,0.1,0
36.0,82.0,93.0,175.0,0.0,0.5,0
70.0,72.0,108.0,145.0,0.0,0.6,1
44.0,46.0,36.0,186.0,0.0,0.9,0
54.0,83.0,114.0,191.0,0.0,0.4,0
48.0,57.0,67.0,156.0,1.0,1.6,0
60.0,86.0,91.0,143.0,0.0,1.5,1
61.0,43.0,89.0,183.0,0.0,1.4,0
43.0,51.0,36.0,188.0,1.0,0.3,0
70.0,42.0,92.0,178.0,0.0,1.4,0
51.0,36.0,132.0,173.0,0.0,0.2,0
59.0,67.0,73.0,168.0,0.0,1.6,1
63.0,43.0,73.0,179.0,0.0,0.8,0
49.0,58.0,99.0,158.0,1.0,0.9,1
54.0,55.0,136.0,169.0,0.0,0.4,0
66.0,51.0,108.0,151.0,0.0,0.9,1
36.0,58.0,95.0,210.0,0.0,0.7,0
51.0,50.0,111.0,168.0,1.0,0.4,0
82.0,57.0,126.0,135.0,0.0,0.3,0
46.0,79.0,126.0,179.0,0.0,1.2,0
75.0,61.0,171.0,174.0,0.0,0.4,0
71.0,50.0,158.0,172.0,0.0,0.2,0
70.0,24.0,125.0,133.0,1.0,3.2,1
67.0,81.0,89.0,155.0,0.0,0.2,0
53.0,45.0,97.0,160.0,0.0,0.6,0
58.0,68.0,114.0,148.0,0.0,0.1,1
75.0,53.0,91.0,144.0,0.0,0.1,0
35.0,56.0,49.0,181.0,0.0,3.0,1
73.0,31.0,124.0,140.0,1.0,0.5,1
51.0,44.0,110.0,149.0,1.0,1.7,1
77.0,59.0,155.0,124.0,0.0,0.4,1
77.0,31.0,161.0,143.0,0.0,0.3,0
65.0,48.0,109.0,146.0,0.0,0.1,0
68.0,73.0,47.0,149.0,0.0,0.5,0
46.0,47.0,91.0,193.0,0.0,1.0,0
64.0,62.0,96.0,173.0,0.0,0.5,0
61.0,68.0,125.0,143.0,1.0,1.1,1
66.0,47.0,119.0,171.0,0.0,1.8,0
75.0,49.0,81.0,148.0,0.0,2.2,0
54.0,62.0,93.0,153.0,0.0,2.3,1
46.0,76.0,79.0,182.0,0.0,0.1,0
54.0,47.0,93.0,170.0,0.0,0.6,0
58.0,61.0,119.0,169.0,0.0,0.2,0
49.0,53.0,61.0,167.0,0.0,0.4,0
60.0,63.0,78.0,156.0,0.0,0.9,0
60.0,53.0,117.0,173.0,1.0,0.9,0
51.0,26.0,77.0,196.0,0.0,0.3,0
72.0,47.0,132.0,117.0,1.0,0.1,1
42.0,79.0,147.0,192.0,0.0,0.5,0
64.0,51.0,133.0,154.0,0.0,1.9,0
59.0,61.0,117.0,145.0,0.0,0.9,0
49.0,52.0,112.0,168.0,0.0,0.8,0
61.0,48.0,133.0,168.0,1.0,0.5,1
26.0,30.0,131.0,210.0,0.0,1.5,0
59.0,72.0,122.0,168.0,0.0,0.2,0
61.0,80.0,85.0,172.0,0.0,1.6,0
53.0,70.0,122.0,168.0,0.0,0.7,0
54.0,58.0,134.0,170.0,0.0,0.1,0
42.0,55.0,109.0,189.0,0.0,0.6,0
38.0,41.0,157.0,175.0,0.0,0.7,0
39.0,65.0,111.0,164.0,0.0,0.8,0
51.0,46.0,61.0,180.0,0.0,0.4,0
32.0,48.0,55.0,191.0,0.0,1.1,0
44.0,56.0,121.0,165.0,0.0,0.5,0
66.0,62.0,128.0,143.0,0.0,0.3,0
49.0,39.0,104.0,168.0,0.0,0.7,0
36.0,59.0,118.0,192.0,1.0,1.2,0
71.0,65.0,101.0,153.0,0.0,0.4,0
45.0,70.0,111.0,169.0,0.0,1.0,1
41.0,42.0,133.0,179.0,0.0,0.3,0
41.0,47.0,136.0,191.0,0.0,0.7,0
68.0,40.0,117.0,140.0,1.0,0.6,1
54.0,59.0,99.0,162.0,0.0,1.3,0
53.0,56.0,109.0,166.0,0.0,0.9,0
62.0,71.0,123.0,171.0,0.0,1.4,0
53.0,44.0,78.0,175.0,0.0,0.6,0
56.0,48.0,136.0,160.0,1.0,0.4,0
42.0,48.0,54.0,180.0,0.0,1.6,0
58.0,54.0,71.0,148.0,0.0,0.8,1
41.0,57.0,97.0,192.0,0.0,0.7,0
55.0,68.0,142.0,149.0,0.0,1.6,1
32.0,51.0,111.0,200.0,0.0,1.1,0
57.0,34.0,155.0,167.0,1.0,1.2,1
68.0,75.0,123.0,152.0,0.0,2.3,0
59.0,55.0,124.0,156.0,1.0,1.2,1
53.0,44.0,73.0,173.0,0.0,0.9,0
53.0,58.0,97.0,173.0,0.0,2.3,1
50.0,59.0,79.0,156.0,0.0,0.6,0
23.0,38.0,77.0,208.0,0.0,0.9,0
66.0,57.0,84.0,131.0,0.0,4.1,1
60.0,49.0,143.0,169.0,0.0,0.5,1
41.0,60.0,122.0,188.0,0.0,0.9,0
53.0,66.0,95.0,151.0,0.0,1.4,1
69.0,24.0,101.0,154.0,1.0,2.0,1
38.0,47.0,81.0,175.0,1.0,0.5,0
54.0,61.0,111.0,151.0,0.0,0.5,1
62.0,82.0,100.0,163.0,0.0,1.0,0
44.0,35.0,114.0,163.0,0.0,0.0,0
61.0,53.0,103.0,160.0,0.0,0.3,0
42.0,68.0,92.0,181.0,0.0,1.0,0
69.0,45.0,143.0,145.0,0.0,0.5,1
49.0,72.0,108.0,166.0,0.0,0.1,0
43.0,82.0,103.0,208.0,0.0,0.2,0
58.0,54.0,116.0,180.0,0.0,1.0,0
31.0,66.0,125.0,190.0,0.0,1.3,0
51.0,54.0,93.0,178.0,0.0,0.6,0
51.0,59.0,114.0,200.0,0.0,0.4,0
80.0,58.0,76.0,149.0,1.0,2.2,1
62.0,63.0,79.0,157.0,0.0,1.3,0
68.0,52.0,90.0,127.0,1.0,1.4,1
44.0,60.0,85.0,177.0,0.0,0.2,0
39.0,50.0,144.0,168.0,1.0,1.6,1
34.0,46.0,116.0,210.0,0.0,0.8,0
63.0,73.0,68.0,168.0,0.0,0.9,0
41.0,42.0,63.0,197.0,0.0,1.3,0
37.0,59.0,87.0,204.0,0.0,0.2,0
67.0,63.0,101.0,149.0,1.0,0.9,1
66.0,66.0,68.0,161.0,0.0,1.6,0
48.0,57.0,114.0,192.0,1.0,2.1,0
49.0,47.0,104.0,162.0,0.0,2.1,1
52.0,56.0,97.0,150.0,0.0,2.2,1
43.0,52.0,79.0,184.0,0.0,1.7,0
41.0,74.0,109.0,177.0,0.0,1.1,0
56.0,61.0,112.0,150.0,1.0,0.8,1
54.0,52.0,147.0,142.0,0.0,1.9,1
42.0,36.0,89.0,157.0,0.0,0.2,1
66.0,80.0,162.0,137.0,0.0,3.5,1
80.0,48.0,108.0,131.0,0.0,0.0,0
41.0,57.0,114.0,176.0,0.0,0.4,0
50.0,97.0,109.0,166.0,0.0,1.1,0
25.0,40.0,81.0,205.0,0.0,0.6,0
67.0,48.0,102.0,125.0,0.0,1.7,1
36.0,61.0,128.0,185.0,0.0,1.0,0
53.0,60.0,105.0,182.0,0.0,0.7,0
61.0,32.0,141.0,133.0,0.0,2.6,1
64.0,53.0,63.0,157.0,0.0,0.8,0
38.0,47.0,88.0,185.0,0.0,1.0,0
44.0,56.0,79.0,190.0,0.0,2.0,0
50.0,63.0,106.0,155.0,1.0,1.7,1
32.0,59.0,98.0,210.0,0.0,1.1,0
44.0,56.0,108.0,162.0,1.0,0.2,1
61.0,34.0,79.0,152.0,1.0,3.4,1
66.0,57.0,100.0,175.0,0.0,0.8,0
37.0,47.0,68.0,198.0,0.0,0.0,0
41.0,49.0,86.0,171.0,0.0,0.7,0
43.0,52.0,110.0,161.0,0.0,0.5,1
70.0,61.0,130.0,141.0,1.0,2.8,1
45.0,70.0,49.0,173.0,0.0,1.5,0
55.0,62.0,102.0,148.0,0.0,0.5,0
68.0,81.0,102.0,160.0,0.0,0.9,0
62.0,69.0,99.0,156.0,0.0,1.2,0
62.0,55.0,104.0,144.0,0.0,1.6,0
69.0,39.0,151.0,136.0,0.0,1.4,0
31.0,58.0,104.0,205.0,0.0,2.5,0
58.0,60.0,152.0,147.0,1.0,0.5,1
56.0,38.0,138.0,138.0,0.0,2.8,1
45.0,56.0,88.0,154.0,1.0,0.7,1
67.0,44.0,128.0,149.0,0.0,1.4,1
69.0,49.0,47.0,164.0,0.0,0.1,0
46.0,56.0,142.0,173.0,1.0,0.9,1
34.0,46.0,73.0,200.0,1.0,0.3,0
18.0,90.0,37.0,198.0,0.0,0.8,0
80.0,44.0,141.0,147.0,0.0,3.2,1
46.0,56.0,143.0,179.0,0.0,1.5,0
57.0,48.0,75.0,178.0,0.0,1.0,0
54.0,42.0,95.0,159.0,1.0,1.4,1
74.0,54.0,164.0,123.0,0.0,3.2,1
35.0,43.0,101.0,166.0,1.0,1.1,1
50.0,61.0,84.0,174.0,1.0,0.1,0
43.0,60.0,140.0,162.0,1.0,0.3,1
47.0,61.0,115.0,174.0,0.0,0.8,0
39.0,46.0,132.0,175.0,0.0,1.2,0
40.0,58.0,87.0,189.0,1.0,0.2,0
56.0,43.0,107.0,172.0,1.0,0.5,1
55.0,68.0,160.0,168.0,1.0,2.8,1
38.0,62.0,96.0,175.0,0.0,0.8,0
51.0,42.0,98.0,151.0,0.0,1.5,1
40.0,50.0,119.0,185.0,0.0,0.7,0
63.0,56.0,85.0,132.0,1.0,0.3,1
64.0,54.0,111.0,170.0,0.0,0.6,0
68.0,72.0,127.0,147.0,0.0,1.4,0
50.0,39.0,84.0,169.0,1.0,0.3,0
46.0,51.0,99.0,177.0,0.0,0.6,0
54.0,34.0,106.0,168.0,0.0,0.7,0
47.0,65.0,76.0,171.0,0.0,0.7,0
54.0,67.0,87.0,183.0,0.0,1.5,0
47.0,70.0,114.0,190.0,0.0,0.2,0
38.0,56.0,96.0,176.0,0.0,0.0,0
57.0,36.0,124.0,139.0,1.0,1.7,1
65.0,50.0,124.0,144.0,0.0,1.5,1
62.0,46.0,124.0,182.0,1.0,0.2,1
38.0,46.0,109.0,176.0,0.0,1.0,0
71.0,39.0,91.0,140.0,1.0,0.1,1
32.0,74.0,116.0,186.0,0.0,1.6,0
45.0,53.0,68.0,169.0,0.0,1.6,0
55.0,69.0,118.0,180.0,0.0,1.5,0
54.0,48.0,110.0,155.0,1.0,2.1,1
50.0,41.0,115.0,185.0,0.0,0.9,0
48.0,75.0,94.0,180.0,0.0,0.0,0
49.0,76.0,117.0,185.0,0.0,0.0,0
67.0,64.0,114.0,144.0,0.0,0.6,1
68.0,54.0,122.0,122.0,0.0,3.2,1
55.0,50.0,106.0,182.0,0.0,2.2,0
41.0,63.0,65.0,173.0,0.0,0.0,0
62.0,61.0,84.0,144.0,0.0,0.4,0
73.0,71.0,124.0,169.0,1.0,1.7,0
63.0,58.0,83.0,165.0,1.0,0.9,0
45.0,50.0,131.0,150.0,1.0,1.0,1
49.0,53.0,70.0,160.0,0.0,0.7,0
72.0,48.0,112.0,153.0,1.0,1.2,0
58.0,31.0,142.0,157.0,1.0,1.9,1
41.0,58.0,45.0,210.0,0.0,0.3,0
71.0,57.0,106.0,182.0,0.0,0.1,0
47.0,69.0,152.0,181.0,0.0,0.2,0
76.0,48.0,99.0,124.0,1.0,0.3,1
86.0,43.0,138.0,118.0,1.0,0.3,1
75.0,60.0,118.0,154.0,0.0,1.8,0
65.0,47.0,105.0,141.0,0.0,1.4,0
55.0,23.0,86.0,162.0,0.0,1.0,1
36.0,51.0,70.0,194.0,0.0,0.4,0
46.0,43.0,56.0,164.0,0.0,0.4,0
40.0,65.0,76.0,154.0,0.0,0.5,0
47.0,70.0,73.0,195.0,0.0,0.6,0
59.0,62.0,71.0,182.0,0.0,0.4,0
48.0,57.0,110.0,179.0,1.0,0.1,0
66.0,45.0,111.0,136.0,0.0,0.4,1
44.0,52.0,132.0,164.0,0.0,0.3,0
61.0,66.0,70.0,158.0,0.0,0.9,0
69.0,63.0,103.0,142.0,0.0,0.5,0
45.0,51.0,98.0,150.0,0.0,0.3,0
52.0,54.0,51.0,169.0,0.0,0.2,0
41.0,54.0,124.0,178.0,0.0,0.5,0
45.0,39.0,78.0,189.0,0.0,1.5,0
57.0,70.0,107.0,172.0,0.0,1.8,0
57.0,46.0,145.0,146.0,1.0,0.5,1
65.0,50.0,81.0,151.0,0.0,2.1,1
44.0,64.0,141.0,171.0,0.0,0.0,0
57.0,51.0,112.0,150.0,1.0,0.6,0
63.0,64.0,116.0,172.0,0.0,1.7,0
53.0,47.0,140.0,173.0,0.0,2.3,0
57.0,55.0,131.0,177.0,0.0,0.2,0
34.0,53.0,72.0,196.0,0.0,0.4,0
42.0,67.0,83.0,184.0,0.0,0.7,0
69.0,24.0,126.0,149.0,1.0,0.9,1
31.0,66.0,55.0,210.0,0.0,1.2,0
30.0,65.0,117.0,179.0,0.0,2.4,0
55.0,48.0,85.0,154.0,0.0,1.0,0
34.0,37.0,107.0,192.0,0.0,0.4,0
73.0,53.0,62.0,148.0,0.0,1.6,0
70.0,71.0,69.0,146.0,0.0,0.2,0
44.0,42.0,78.0,182.0,0.0,1.9,0
55.0,52.0,112.0,174.0,0.0,0.6,0
42.0,51.0,164.0,207.0,0.0,2.1,0
28.0,71.0,63.0,189.0,0.0,0.0,0
57.0,47.0,110.0,162.0,0.0,1.1,0
34.0,44.0,123.0,210.0,0.0,0.9,0
62.0,51.0,114.0,148.0,1.0,0.7,1
73.0,61.0,133.0,155.0,0.0,3.1,1
58.0,55.0,132.0,138.0,0.0,1.8,0
73.0,53.0,92.0,151.0,0.0,0.0,0
53.0,59.0,135.0,163.0,0.0,0.2,0
64.0,42.0,135.0,152.0,0.0,2.6,1
66.0,45.0,135.0,151.0,0.0,0.9,1
49.0,58.0,77.0,155.0,0.0,0.9,1
61.0,26.0,102.0,152.0,0.0,3.0,1
56.0,57.0,63.0,166.0,0.0,0.3,0
34.0,42.0,93.0,135.0,0.0,0.4,1
44.0,57.0,84.0,191.0,0.0,0.5,0
45.0,92.0,92.0,178.0,0.0,0.5,0
41.0,72.0,88.0,176.0,0.0,1.3,0
44.0,31.0,100.0,167.0,0.0,1.0,0
70.0,53.0,116.0,122.0,1.0,1.3,1
45.0,37.0,155.0,198.0,0.0,0.5,0
60.0,44.0,111.0,165.0,0.0,0.4,0
76.0,43.0,105.0,130.0,0.0,0.7,1
53.0,65.0,88.0,159.0,0.0,2.2,0
48.0,47.0,110.0,175.0,0.0,0.3,0
58.0,49.0,103.0,157.0,0.0,2.1,0
31.0,64.0,137.0,180.0,0.0,0.1,0
43.0,69.0,82.0,185.0,1.0,2.1,0
56.0,76.0,73.0,175.0,0.0,0.5,0
25.0,70.0,118.0,206.0,0.0,0.2,0
70.0,59.0,137.0,144.0,1.0,2.1,0
61.0,46.0,86.0,133.0,0.0,1.8,1
71.0,65.0,72.0,143.0,1.0,2.0,1
48.0,61.0,65.0,162.0,0.0,1.0,0
53.0,62.0,119.0,187.0,0.0,1.5,0
66.0,40.0,98.0,163.0,0.0,0.8,0
78.0,63.0,132.0,158.0,0.0,1.4,1
66.0,51.0,121.0,139.0,1.0,0.9,1
61.0,71.0,124.0,178.0,0.0,0.8,0
76.0,58.0,110.0,166.0,0.0,0.2,0
66.0,42.0,109.0,138.0,1.0,3.0,1
27.0,82.0,66.0,210.0,0.0,1.0,0
58.0,62.0,127.0,168.0,0.0,0.2,0
56.0,58.0,61.0,193.0,1.0,0.4,0
63.0,60.0,86.0,165.0,0.0,1.8,0
62.0,39.0,131.0,194.0,0.0,0.4,0
51.0,67.0,101.0,158.0,0.0,0.3,0
56.0,51.0,103.0,145.0,1.0,2.2,1
42.0,44.0,140.0,165.0,1.0,2.2,1
63.0,67.0,127.0,137.0,1.0,1.6,0
54.0,51.0,76.0,168.0,0.0,0.9,0
53.0,29.0,117.0,175.0,0.0,2.2,0
72.0,50.0,96.0,157.0,0.0,0.7,0
61.0,68.0,61.0,163.0,1.0,1.0,0
64.0,47.0,116.0,156.0,0.0,2.6,0
53.0,61.0,67.0,169.0,1.0,0.7,0
49.0,62.0,101.0,182.0,0.0,1.1,0
56.0,54.0,123.0,180.0,1.0,0.8,1
58.0,60.0,90.0,179.0,0.0,0.0,0
55.0,45.0,97.0,158.0,0.0,1.1,1
57.0,48.0,119.0,162.0,0.0,0.8,0
61.0,57.0,76.0,157.0,0.0,0.5,0
69.0,49.0,104.0,141.0,0.0,0.6,1
40.0,60.0,48.0,176.0,0.0,0.2,0
43.0,56.0,119.0,180.0,0.0,3.0,0
18.0,29.0,61.0,201.0,0.0,2.8,0
56.0,71.0,66.0,172.0,0.0,1.2,0
38.0,49.0,84.0,177.0,0.0,0.5,0
29.0,61.0,80.0,205.0,0.0,0.4,0
52.0,67.0,98.0,183.0,0.0,0.6,0
41.0,41.0,88.0,167.0,0.0,2.5,0
67.0,82.0,170.0,149.0,0.0,0.2,0
70.0,51.0,131.0,130.0,0.0,0.5,1
62.0,65.0,140.0,108.0,1.0,0.7,1
49.0,66.0,136.0,152.0,0.0,1.2,0
36.0,35.0,83.0,204.0,0.0,1.4,0
42.0,49.0,98.0,179.0,1.0,0.4,0
41.0,77.0,87.0,199.0,0.0,0.8,0
49.0,44.0,119.0,167.0,1.0,2.5,1
50.0,59.0,104.0,181.0,0.0,1.8,0
77.0,59.0,35.0,142.0,0.0,0.0,0
65.0,53.0,87.0,158.0,0.0,0.4,0
78.0,26.0,100.0,124.0,1.0,1.1,1
57.0,57.0,121.0,158.0,0.0,1.5,0
43.0,56.0,62.0,159.0,0.0,1.1,1
46.0,49.0,113.0,175.0,0.0,0.0,0
54.0,65.0,72.0,171.0,0.0,1.7,0
59.0,68.0,102.0,138.0,0.0,1.9,1
69.0,43.0,35.0,132.0,1.0,4.0,1
46.0,76.0,78.0,192.0,0.0,0.5,0
49.0,65.0,116.0,183.0,0.0,0.4,0
56.0,40.0,88.0,154.0,0.0,0.9,0
71.0,74.0,124.0,137.0,0.0,0.6,0
48.0,57.0,146.0,180.0,0.0,2.2,1
61.0,52.0,99.0,173.0,1.0,1.2,1
40.0,57.0,72.0,167.0,0.0,0.2,0
59.0,56.0,104.0,150.0,0.0,0.3,1
60.0,71.0,84.0,170.0,0.0,1.1,0
61.0,55.0,97.0,179.0,0.0,1.6,0
71.0,64.0,94.0,171.0,0.0,0.4,0
53.0,60.0,118.0,167.0,1.0,0.5,1
63.0,64.0,125.0,153.0,0.0,1.0,1
42.0,55.0,104.0,172.0,0.0,0.3,0
39.0,45.0,131.0,175.0,1.0,1.2,0
53.0,51.0,115.0,163.0,0.0,1.8,0
51.0,57.0,118.0,155.0,0.0,2.9,1
76.0,30.0,145.0,136.0,0.0,2.2,1
63.0,60.0,79.0,158.0,0.0,2.0,1
72.0,35.0,109.0,165.0,0.0,0.0,0
59.0,38.0,172.0,133.0,1.0,1.8,1
65.0,68.0,125.0,135.0,1.0,0.5,1
50.0,53.0,129.0,160.0,0.0,0.0,0
63.0,55.0,82.0,149.0,0.0,0.2,0
47.0,67.0,117.0,190.0,0.0,0.6,0
48.0,33.0,70.0,192.0,0.0,1.0,0
23.0,52.0,84.0,185.0,0.0,0.3,0
59.0,56.0,135.0,147.0,0.0,1.6,1
66.0,67.0,89.0,156.0,0.0,0.5,0
63.0,79.0,67.0,144.0,0.0,0.1,0
57.0,41.0,104.0,164.0,0.0,0.3,0
48.0,39.0,86.0,171.0,0.0,0.6,0
24.0,76.0,111.0,207.0,0.0,2.4,0
39.0,65.0,75.0,205.0,0.0,0.6,0
52.0,40.0,97.0,167.0,1.0,0.1,0
63.0,54.0,52.0,161.0,0.0,0.8,0
70.0,58.0,120.0,169.0,0.0,3.2,0
69.0,59.0,62.0,123.0,1.0,0.9,1
45.0,75.0,77.0,180.0,0.0,0.2,0
51.0,45.0,120.0,185.0,0.0,0.5,0
37.0,61.0,86.0,186.0,0.0,0.3,0
30.0,54.0,95.0,188.0,0.0,0.7,0
43.0,73.0,63.0,191.0,0.0,0.4,0
44.0,51.0,122.0,205.0,0.0,0.2,0
42.0,73.0,93.0,181.0,0.0,1.4,0
64.0,42.0,95.0,162.0,0.0,0.2,0
73.0,62.0,115.0,160.0,0.0,1.2,0
44.0,67.0,78.0,182.0,0.0,0.6,0
76.0,58.0,115.0,120.0,0.0,0.6,1
32.0,40.0,69.0,192.0,1.0,0.1,0
60.0,76.0,64.0,177.0,0.0,0.4,0
62.0,65.0,111.0,159.0,0.0,1.5,0
36.0,52.0,94.0,200.0,0.0,0.8,0
67.0,69.0,134.0,162.0,0.0,1.5,0
49.0,45.0,123.0,160.0,1.0,2.0,1
57.0,66.0,95.0,173.0,1.0,1.2,0
69.0,59.0,100.0,141.0,0.0,1.0,0
63.0,64.0,114.0,156.0,0.0,0.3,0
48.0,59.0,147.0,172.0,1.0,0.1,1
53.0,48.0,74.0,169.0,0.0,1.6,0
77.0,43.0,123.0,125.0,0.0,1.0,1
32.0,57.0,74.0,179.0,0.0,1.5,0
66.0,73.0,83.0,165.0,0.0,0.0,0
67.0,38.0,125.0,140.0,0.0,0.9,1
79.0,46.0,47.0,103.0,1.0,0.7,1
71.0,55.0,77.0,138.0,1.0,0.5,0
34.0,58.0,80.0,174.0,0.0,0.4,0
62.0,49.0,47.0,146.0,1.0,0.2,0
59.0,69.0,124.0,183.0,0.0,0.5,0
65.0,49.0,107.0,124.0,1.0,0.2,1
78.0,70.0,95.0,129.0,0.0,2.5,1
59.0,60.0,63.0,172.0,1.0,1.9,0
52.0,65.0,134.0,169.0,0.0,0.4,0
51.0,48.0,122.0,174.0,0.0,0.8,0
68.0,72.0,128.0,172.0,0.0,0.5,0
40.0,50.0,56.0,173.0,0.0,1.4,0
63.0,68.0,75.0,139.0,0.0,0.9,0
59.0,76.0,121.0,145.0,1.0,4.0,1
31.0,37.0,35.0,166.0,0.0,0.4,0
61.0,36.0,74.0,160.0,0.0,0.7,0
40.0,22.0,111.0,146.0,0.0,2.3,1
80.0,44.0,104.0,131.0,1.0,3.9,1
42.0,73.0,139.0,148.0,0.0,2.0,0
67.0,75.0,121.0,152.0,0.0,0.2,0
51.0,35.0,129.0,174.0,1.0,0.7,1
40.0,87.0,94.0,180.0,0.0,0.3,0
60.0,68.0,122.0,193.0,1.0,0.6,0
37.0,75.0,113.0,186.0,1.0,0.7,0
51.0,41.0,77.0,170.0,0.0,2.1,0
73.0,50.0,170.0,152.0,1.0,1.1,0
50.0,57.0,140.0,172.0,0.0,0.7,0
83.0,48.0,104.0,135.0,1.0,1.0,1
68.0,73.0,104.0,137.0,1.0,4.2,1
34.0,46.0,95.0,194.0,0.0,0.9,0
83.0,48.0,48.0,141.0,0.0,1.2,1
76.0,65.0,114.0,169.0,0.0,0.5,0
29.0,43.0,158.0,190.0,1.0,0.3,0
50.0,39.0,115.0,173.0,0.0,0.1,0
78.0,67.0,112.0,131.0,0.0,0.8,0
53.0,45.0,149.0,151.0,0.0,1.7,1
55.0,70.0,152.0,197.0,0.0,0.5,0
42.0,46.0,118.0,180.0,1.0,0.4,0
55.0,54.0,99.0,162.0,0.0,0.6,0
61.0,53.0,124.0,154.0,1.0,1.3,1
79.0,77.0,82.0,142.0,0.0,2.2,0
45.0,49.0,70.0,176.0,1.0,0.5,0
56.0,60.0,106.0,187.0,0.0,1.9,0
77.0,60.0,89.0,150.0,0.0,0.9,0
62.0,52.0,99.0,168.0,0.0,1.4,0
38.0,82.0,52.0,199.0,0.0,0.1,0
65.0,59.0,111.0,157.0,1.0,0.7,0
60.0,60.0,110.0,156.0,1.0,1.5,1
32.0,38.0,127.0,210.0,0.0,1.1,0
73.0,58.0,101.0,153.0,0.0,0.4,0
37.0,70.0,50.0,198.0,0.0,0.2,0
70.0,66.0,88.0,165.0,1.0,2.5,1
58.0,70.0,67.0,154.0,0.0,2.3,0
63.0,67.0,151.0,130.0,0.0,1.5,1
38.0,77.0,92.0,190.0,0.0,0.3,0
45.0,48.0,102.0,188.0,0.0,0.5,0
56.0,61.0,87.0,184.0,0.0,0.2,0
46.0,68.0,81.0,167.0,0.0,0.3,0
40.0,45.0,122.0,167.0,1.0,4.8,1
48.0,62.0,85.0,186.0,0.0,1.0,0
42.0,37.0,167.0,183.0,0.0,2.2,1
56.0,66.0,100.0,175.0,0.0,0.3,0
44.0,58.0,104.0,172.0,0.0,0.5,0
18.0,55.0,124.0,210.0,0.0,0.6,0
77.0,42.0,106.0,122.0,0.0,0.3,1
54.0,58.0,116.0,148.0,0.0,0.8,1
62.0,63.0,81.0,124.0,1.0,3.4,1
27.0,47.0,35.0,183.0,0.0,0.3,0
39.0,57.0,104.0,172.0,0.0,0.1,0
54.0,51.0,138.0,147.0,0.0,1.3,1
84.0,85.0,98.0,126.0,1.0,0.0,1
59.0,54.0,78.0,145.0,1.0,1.5,1
48.0,43.0,84.0,159.0,0.0,1.6,1
56.0,56.0,141.0,165.0,1.0,0.1,1
34.0,65.0,88.0,203.0,0.0,0.4,0
39.0,71.0,94.0,186.0,0.0,0.6,0
65.0,40.0,134.0,170.0,0.0,0.3,0
55.0,56.0,122.0,153.0,0.0,2.8,1
57.0,48.0,94.0,156.0,1.0,0.2,1
70.0,30.0,98.0,149.0,0.0,0.4,0
57.0,59.0,105.0,156.0,0.0,0.3,0
33.0,28.0,106.0,203.0,0.0,0.6,0
76.0,39.0,132.0,144.0,0.0,0.2,0
63.0,55.0,95.0,157.0,0.0,0.8,0
68.0,55.0,110.0,124.0,0.0,1.7,1
46.0,48.0,90.0,172.0,0.0,1.1,0
60.0,54.0,118.0,142.0,1.0,1.3,1
75.0,42.0,99.0,154.0,0.0,1.6,0
46.0,48.0,89.0,167.0,0.0,1.0,0
65.0,58.0,67.0,148.0,0.0,1.1,1
73.0,69.0,63.0,144.0,0.0,0.9,0
80.0,46.0,140.0,129.0,1.0,0.9,1
38.0,59.0,74.0,183.0,0.0,1.2,0
39.0,56.0,118.0,172.0,0.0,2.3,0
43.0,46.0,97.0,187.0,0.0,1.0,0
54.0,41.0,154.0,167.0,1.0,1.0,1
52.0,52.0,53.0,170.0,1.0,2.0,0
56.0,71.0,95.0,180.0,0.0,0.1,0
61.0,72.0,98.0,160.0,0.0,0.7,0
44.0,54.0,80.0,171.0,0.0,0.0,0
62.0,57.0,123.0,160.0,0.0,2.3,0
39.0,52.0,82.0,200.0,1.0,0.1,0
51.0,47.0,63.0,171.0,0.0,0.1,0
34.0,49.0,60.0,175.0,0.0,0.7,0
77.0,61.0,107.0,138.0,0.0,0.0,0
18.0,51.0,133.0,210.0,0.0,1.7,0
46.0,59.0,81.0,157.0,0.0,2.1,1
34.0,50.0,66.0,193.0,1.0,0.7,0
62.0,58.0,115.0,150.0,0.0,1.0,1
63.0,64.0,79.0,161.0,0.0,2.2,0
51.0,47.0,60.0,165.0,1.0,0.7,1
39.0,49.0,91.0,185.0,0.0,0.3,0
34.0,62.0,69.0,180.0,0.0,1.3,0
43.0,65.0,79.0,168.0,0.0,2.5,0
54.0,57.0,99.0,186.0,0.0,0.2,0
71.0,53.0,107.0,148.0,1.0,2.6,1
60.0,27.0,146.0,134.0,0.0,0.6,1
69.0,50.0,118.0,173.0,0.0,0.1,0
53.0,65.0,62.0,168.0,0.0,0.3,0
53.0,59.0,110.0,146.0,0.0,2.2,1
59.0,54.0,122.0,174.0,0.0,1.1,0
58.0,62.0,102.0,137.0,0.0,3.0,1
45.0,70.0,58.0,178.0,1.0,0.6,0
64.0,57.0,100.0,152.0,1.0,2.4,1
59.0,48.0,83.0,161.0,0.0,1.1,0
46.0,53.0,93.0,169.0,0.0,2.6,0
62.0,72.0,125.0,156.0,1.0,0.9,1
47.0,55.0,123.0,170.0,0.0,0.1,0
52.0,50.0,147.0,157.0,0.0,0.1,1
48.0,53.0,77.0,177.0,1.0,0.4,0
55.0,54.0,92.0,170.0,0.0,0.2,0
66.0,68.0,70.0,153.0,0.0,0.3,0
37.0,55.0,111.0,203.0,0.0,2.7,0
60.0,50.0,112.0,150.0,0.0,0.2,0
51.0,47.0,81.0,188.0,1.0,0.8,0
45.0,76.0,69.0,204.0,0.0,0.8,0
38.0,70.0,96.0,192.0,0.0,0.9,0
63.0,36.0,158.0,125.0,1.0,0.6,1
50.0,54.0,116.0,180.0,0.0,1.7,0
58.0,61.0,90.0,143.0,0.0,1.6,0
59.0,67.0,150.0,182.0,0.0,0.8,0
75.0,62.0,123.0,151.0,1.0,2.3,0
74.0,55.0,75.0,127.0,0.0,1.1,1
67.0,61.0,128.0,136.0,1.0,0.3,1
67.0,58.0,122.0,127.0,0.0,1.5,1
84.0,46.0,97.0,115.0,1.0,1.3,1
60.0,54.0,96.0,164.0,0.0,2.0,0
64.0,58.0,132.0,134.0,0.0,1.9,1
63.0,42.0,124.0,154.0,1.0,2.1,1
47.0,50.0,128.0,177.0,0.0,0.7,0
56.0,50.0,101.0,185.0,0.0,0.3,0
57.0,49.0,85.0,144.0,0.0,1.1,1
58.0,55.0,91.0,161.0,0.0,0.8,0
58.0,46.0,145.0,149.0,1.0,1.1,1
54.0,49.0,119.0,174.0,0.0,0.7,0
65.0,62.0,57.0,174.0,0.0,0.0,0
40.0,61.0,79.0,171.0,0.0,0.4,0
61.0,37.0,115.0,167.0,1.0,0.9,1
45.0,71.0,76.0,183.0,0.0,2.3,0
28.0,66.0,104.0,193.0,0.0,0.1,0
36.0,45.0,135.0,186.0,0.0,0.8,0
54.0,57.0,102.0,167.0,0.0,0.1,0
64.0,73.0,87.0,117.0,0.0,1.9,1
48.0,50.0,111.0,177.0,0.0,0.7,0
53.0,61.0,40.0,182.0,0.0,0.4,0
61.0,58.0,132.0,143.0,1.0,0.3,1
50.0,54.0,142.0,168.0,1.0,4.4,1
63.0,49.0,108.0,163.0,1.0,0.2,0
73.0,50.0,113.0,124.0,1.0,2.8,1
70.0,47.0,107.0,131.0,1.0,0.6,1
45.0,53.0,115.0,184.0,0.0,0.9,0
41.0,55.0,44.0,157.0,0.0,0.6,0
80.0,60.0,95.0,135.0,0.0,1.1,0
71.0,46.0,138.0,148.0,0.0,0.0,0
74.0,60.0,69.0,157.0,0.0,0.1,0
59.0,37.0,137.0,154.0,0.0,0.3,0
48.0,43.0,80.0,178.0,1.0,0.6,0
65.0,62.0,124.0,167.0,0.0,0.9,0
41.0,59.0,97.0,202.0,0.0,1.4,0
52.0,58.0,97.0,180.0,0.0,1.6,0
63.0,54.0,63.0,176.0,0.0,0.6,0
58.0,48.0,102.0,183.0,0.0,0.3,0
45.0,91.0,99.0,180.0,0.0,2.0,0
62.0,59.0,105.0,135.0,0.0,0.9,1
52.0,31.0,166.0,166.0,0.0,0.7,0
65.0,31.0,106.0,135.0,1.0,0.2,1
52.0,54.0,130.0,201.0,0.0,0.0,0
54.0,47.0,109.0,167.0,0.0,1.1,0
42.0,36.0,112.0,200.0,0.0,1.0,0
80.0,70.0,143.0,129.0,0.0,0.2,0
76.0,52.0,151.0,130.0,0.0,0.2,1
45.0,64.0,81.0,169.0,0.0,1.9,0
49.0,43.0,104.0,170.0,1.0,1.1,0
71.0,59.0,120.0,151.0,0.0,0.3,0
41.0,50.0,129.0,152.0,0.0,2.0,1
69.0,54.0,96.0,155.0,0.0,0.4,0
66.0,67.0,72.0,137.0,1.0,0.8,1
50.0,40.0,75.0,151.0,1.0,0.2,1
70.0,49.0,143.0,147.0,0.0,2.0,1
60.0,48.0,110.0,161.0,0.0,0.3,0
58.0,64.0,54.0,167.0,0.0,1.9,0
59.0,38.0,92.0,142.0,1.0,0.7,1
59.0,62.0,106.0,164.0,0.0,0.1,0
41.0,62.0,114.0,175.0,0.0,0.7,0
56.0,79.0,132.0,148.0,0.0,0.8,1
53.0,46.0,123.0,159.0,0.0,0.4,1
52.0,63.0,143.0,171.0,0.0,0.3,0
61.0,50.0,129.0,158.0,0.0,1.1,0
51.0,45.0,89.0,140.0,1.0,0.8,1
58.0,24.0,55.0,181.0,0.0,0.0,0
63.0,64.0,40.0,142.0,0.0,0.1,1
46.0,54.0,66.0,183.0,0.0,1.0,0
54.0,59.0,105.0,168.0,0.0,0.8,0
43.0,40.0,137.0,184.0,0.0,0.8,1
52.0,20.0,84.0,154.0,0.0,1.0,1
65.0,53.0,86.0,175.0,0.0,0.6,0
61.0,45.0,105.0,168.0,0.0,2.2,0
32.0,47.0,83.0,203.0,0.0,1.1,0
43.0,68.0,121.0,198.0,0.0,0.2,0
60.0,38.0,119.0,146.0,1.0,1.4,1
20.0,63.0,81.0,202.0,0.0,3.0,0
49.0,47.0,85.0,177.0,0.0,0.2,0
40.0,55.0,132.0,191.0,1.0,0.6,0
54.0,41.0,71.0,172.0,0.0,0.9,0
26.0,76.0,74.0,208.0,0.0,0.5,0
49.0,48.0,81.0,175.0,0.0,0.8,0
53.0,64.0,82.0,180.0,0.0,2.2,0
31.0,68.0,102.0,205.0,0.0,0.7,0
60.0,59.0,70.0,163.0,0.0,0.4,0
58.0,30.0,83.0,171.0,1.0,0.3,1
63.0,60.0,140.0,124.0,0.0,1.9,1
40.0,51.0,68.0,174.0,0.0,2.2,0
58.0,64.0,85.0,168.0,0.0,0.4,0
52.0,51.0,79.0,158.0,0.0,1.0,1
64.0,54.0,83.0,165.0,0.0,0.3,0
62.0,48.0,97.0,134.0,1.0,2.7,1
47.0,63.0,82.0,156.0,1.0,0.5,1
55.0,56.0,75.0,190.0,0.0,0.5,0
62.0,51.0,148.0,151.0,0.0,1.0,1
52.0,70.0,59.0,171.0,0.0,1.3,0
64.0,50.0,114.0,136.0,1.0,1.6,1
59.0,51.0,130.0,174.0,0.0,1.0,0
57.0,46.0,91.0,201.0,0.0,1.1,0
47.0,49.0,154.0,163.0,0.0,2.8,1
43.0,56.0,125.0,147.0,0.0,1.7,1
28.0,69.0,87.0,196.0,0.0,0.4,0
29.0,55.0,103.0,180.0,0.0,0.9,0
36.0,44.0,92.0,170.0,1.0,0.7,1
55.0,24.0,78.0,191.0,0.0,0.2,1
44.0,59.0,89.0,187.0,0.0,1.7,0
50.0,73.0,103.0,195.0,0.0,0.8,0
56.0,58.0,76.0,149.0,0.0,0.2,0
23.0,34.0,124.0,197.0,1.0,0.3,0
51.0,62.0,100.0,173.0,0.0,0.1,0
79.0,60.0,110.0,151.0,0.0,2.0,0
52.0,56.0,100.0,168.0,0.0,0.3,0
43.0,64.0,100.0,179.0,0.0,0.4,0
47.0,55.0,147.0,176.0,0.0,0.8,0
38.0,70.0,121.0,179.0,0.0,0.5,0
57.0,74.0,134.0,169.0,0.0,0.3,0
80.0,48.0,67.0,143.0,0.0,1.0,0
79.0,44.0,120.0,134.0,0.0,0.3,0
29.0,43.0,52.0,182.0,0.0,0.8,0
47.0,52.0,77.0,164.0,0.0,0.5,0
63.0,88.0,73.0,148.0,0.0,1.3,0
47.0,77.0,103.0,158.0,0.0,1.0,0
80.0,48.0,65.0,118.0,1.0,1.2,1
41.0,62.0,119.0,190.0,0.0,0.6,0
64.0,56.0,132.0,129.0,1.0,1.0,0
50.0,42.0,109.0,148.0,1.0,0.8,1
44.0,62.0,120.0,197.0,0.0,0.5,0
27.0,57.0,79.0,181.0,0.0,1.0,0
56.0,51.0,108.0,188.0,0.0,0.8,0
65.0,49.0,151.0,138.0,0.0,0.7,0
62.0,74.0,95.0,185.0,0.0,0.2,0
64.0,35.0,106.0,130.0,0.0,3.1,1
56.0,53.0,126.0,191.0,0.0,1.5,0
57.0,61.0,142.0,146.0,0.0,0.1,0
70.0,55.0,78.0,149.0,0.0,2.5,1
28.0,64.0,135.0,210.0,0.0,0.3,0
68.0,58.0,122.0,157.0,1.0,2.6,1
54.0,47.0,154.0,150.0,0.0,0.2,1
37.0,64.0,75.0,205.0,0.0,1.7,0
57.0,30.0,101.0,173.0,0.0,1.2,0
30.0,82.0,74.0,193.0,0.0,0.1,0
63.0,50.0,81.0,133.0,0.0,0.4,0
51.0,63.0,87.0,158.0,0.0,0.1,1
42.0,43.0,88.0,178.0,1.0,1.6,1
75.0,51.0,129.0,134.0,0.0,0.5,1
28.0,48.0,111.0,210.0,0.0,0.3,0
74.0,18.0,56.0,136.0,1.0,0.3,1
66.0,54.0,95.0,175.0,0.0,2.7,0
38.0,65.0,48.0,183.0,0.0,0.7,0
50.0,61.0,80.0,159.0,0.0,0.2,0
38.0,59.0,109.0,183.0,1.0,0.4,0
39.0,61.0,115.0,196.0,0.0,0.3,0
85.0,43.0,89.0,116.0,1.0,1.5,1
42.0,47.0,92.0,179.0,0.0,2.7,0
55.0,39.0,94.0,171.0,0.0,2.1,0
66.0,56.0,131.0,116.0,0.0,1.9,1
49.0,54.0,72.0,184.0,0.0,0.1,0
45.0,47.0,120.0,210.0,0.0,1.7,0
56.0,94.0,72.0,140.0,1.0,0.2,1
53.0,68.0,137.0,164.0,1.0,0.3,0
41.0,71.0,42.0,210.0,0.0,0.3,0
55.0,88.0,106.0,166.0,0.0,0.2,0
40.0,53.0,88.0,203.0,0.0,1.2,0
49.0,67.0,82.0,168.0,0.0,0.6,0
56.0,63.0,88.0,160.0,1.0,1.0,1
68.0,57.0,126.0,157.0,1.0,3.1,1
46.0,44.0,83.0,142.0,0.0,0.6,0
37.0,56.0,177.0,158.0,0.0,0.8,1
52.0,59.0,134.0,154.0,1.0,0.7,1
59.0,37.0,63.0,146.0,0.0,0.8,1
66.0,53.0,104.0,160.0,1.0,1.4,0
53.0,49.0,59.0,187.0,0.0,0.1,0
40.0,63.0,61.0,184.0,0.0,0.8,0
39.0,55.0,170.0,193.0,0.0,0.2,0
36.0,36.0,88.0,176.0,1.0,1.6,0
53.0,42.0,96.0,164.0,0.0,0.3,0
39.0,65.0,97.0,188.0,0.0,0.7,0
47.0,65.0,112.0,165.0,0.0,0.8,0
64.0,45.0,83.0,142.0,0.0,0.9,0
47.0,55.0,109.0,183.0,0.0,1.3,0
54.0,61.0,76.0,155.0,1.0,0.9,1
55.0,65.0,125.0,181.0,0.0,0.8,0
40.0,70.0,64.0,163.0,0.0,0.4,1
46.0,50.0,76.0,169.0,0.0,0.4,0
61.0,54.0,134.0,161.0,1.0,2.0,1
38.0,57.0,118.0,175.0,1.0,1.9,0
70.0,58.0,139.0,132.0,1.0,2.0,1
61.0,46.0,160.0,142.0,1.0,2.7,1
63.0,51.0,83.0,159.0,0.0,0.9,0
48.0,32.0,87.0,169.0,0.0,0.6,0
43.0,66.0,62.0,210.0,1.0,0.4,0
60.0,50.0,109.0,174.0,0.0,0.2,0
81.0,64.0,74.0,130.0,0.0,0.9,0
64.0,40.0,111.0,150.0,0.0,0.1,0
45.0,64.0,132.0,198.0,0.0,0.8,0
29.0,56.0,101.0,197.0,0.0,0.2,0
49.0,39.0,98.0,167.0,1.0,1.4,1
47.0,39.0,166.0,186.0,0.0,0.5,0
38.0,51.0,94.0,175.0,0.0,1.0,0
45.0,58.0,50.0,184.0,0.0,2.3,0
71.0,63.0,152.0,130.0,0.0,0.7,1
44.0,77.0,73.0,188.0,1.0,0.1,0
56.0,59.0,100.0,174.0,0.0,0.3,0
68.0,58.0,104.0,152.0,0.0,0.2,0
66.0,53.0,92.0,153.0,0.0,3.8,1
64.0,56.0,93.0,131.0,1.0,2.4,1
40.0,40.0,78.0,173.0,1.0,1.8,0
60.0,40.0,79.0,168.0,0.0,0.1,0
25.0,53.0,59.0,201.0,0.0,0.4,0
37.0,50.0,78.0,162.0,0.0,0.4,1
62.0,63.0,118.0,170.0,0.0,1.0,0
64.0,50.0,132.0,138.0,0.0,1.3,1
65.0,61.0,152.0,155.0,1.0,0.5,1
56.0,67.0,133.0,156.0,1.0,1.5,1
62.0,40.0,151.0,138.0,1.0,0.5,1
49.0,53.0,80.0,176.0,0.0,1.1,0
38.0,53.0,83.0,188.0,0.0,1.2,0
57.0,58.0,129.0,168.0,0.0,2.5,0
71.0,59.0,128.0,141.0,0.0,0.8,0
76.0,78.0,74.0,157.0,0.0,0.7,0
61.0,34.0,119.0,152.0,0.0,2.0,1
35.0,37.0,128.0,168.0,0.0,0.5,0
56.0,50.0,77.0,177.0,0.0,0.5,0
52.0,60.0,116.0,138.0,0.0,4.3,1
45.0,59.0,72.0,177.0,1.0,0.3,0
56.0,88.0,75.0,174.0,0.0,1.0,0
43.0,76.0,135.0,182.0,0.0,0.2,0
50.0,60.0,111.0,181.0,0.0,0.8,0
65.0,52.0,140.0,150.0,0.0,2.3,1
38.0,41.0,91.0,194.0,0.0,0.8,0
64.0,52.0,111.0,156.0,0.0,0.6,0
47.0,46.0,78.0,175.0,0.0,0.4,0
57.0,60.0,104.0,129.0,0.0,1.2,1
77.0,62.0,139.0,135.0,1.0,0.5,1
45.0,56.0,165.0,180.0,0.0,1.1,0
51.0,34.0,76.0,151.0,1.0,0.8,0
65.0,47.0,96.0,128.0,0.0,2.1,1
61.0,50.0,106.0,156.0,0.0,0.1,0
85.0,61.0,125.0,123.0,1.0,2.9,1
65.0,69.0,74.0,135.0,1.0,5.4,1
54.0,71.0,75.0,160.0,0.0,0.2,0
42.0,18.0,98.0,168.0,0.0,0.5,1
58.0,44.0,98.0,155.0,1.0,0.6,0
82.0,43.0,76.0,140.0,0.0,0.3,0
59.0,60.0,107.0,177.0,0.0,0.2,0
38.0,45.0,101.0,185.0,0.0,0.0,0
50.0,64.0,118.0,153.0,0.0,2.1,1
46.0,49.0,76.0,157.0,0.0,0.5,1
57.0,69.0,132.0,184.0,0.0,0.2,0
51.0,63.0,153.0,179.0,0.0,0.5,0
46.0,38.0,98.0,158.0,0.0,1.0,0
40.0,78.0,80.0,167.0,0.0,0.2,0
50.0,66.0,94.0,183.0,1.0,0.7,0
60.0,72.0,116.0,168.0,0.0,0.8,0
67.0,74.0,95.0,152.0,0.0,0.3,0
47.0,79.0,115.0,185.0,0.0,2.0,0
69.0,58.0,75.0,149.0,0.0,0.1,0
27.0,74.0,44.0,197.0,0.0,1.0,0
75.0,59.0,127.0,158.0,0.0,0.8,0
32.0,61.0,81.0,210.0,1.0,0.6,0
45.0,59.0,96.0,185.0,0.0,1.5,0
52.0,54.0,102.0,177.0,0.0,2.0,1
46.0,73.0,66.0,179.0,0.0,1.3,0
80.0,49.0,109.0,110.0,0.0,1.4,1
46.0,48.0,127.0,179.0,0.0,0.1,0
79.0,61.0,80.0,129.0,0.0,1.1,0
18.0,60.0,75.0,210.0,0.0,0.6,0
25.0,52.0,85.0,179.0,1.0,1.3,1
55.0,59.0,113.0,177.0,0.0,0.4,0
38.0,57.0,113.0,181.0,0.0,0.5,0
33.0,53.0,107.0,200.0,0.0,0.1,0
48.0,65.0,120.0,166.0,1.0,0.3,1
46.0,49.0,69.0,173.0,0.0,0.5,0
44.0,76.0,74.0,194.0,0.0,0.3,0
45.0,43.0,114.0,189.0,0.0,0.5,0
53.0,59.0,147.0,145.0,0.0,0.9,1
60.0,62.0,87.0,152.0,0.0,1.3,1
64.0,63.0,122.0,155.0,1.0,0.5,1
53.0,55.0,74.0,136.0,0.0,1.3,1
35.0,40.0,150.0,179.0,0.0,0.5,1
41.0,53.0,102.0,172.0,0.0,1.3,0
46.0,50.0,105.0,175.0,0.0,0.2,0
62.0,53.0,92.0,138.0,0.0,0.3,0
39.0,66.0,106.0,185.0,0.0,0.4,0
66.0,66.0,112.0,141.0,0.0,2.1,0
35.0,56.0,100.0,183.0,0.0,0.4,0
54.0,60.0,168.0,154.0,1.0,0.9,1
49.0,45.0,85.0,158.0,0.0,0.2,1
62.0,53.0,171.0,179.0,1.0,0.4,0
67.0,78.0,174.0,145.0,0.0,1.1,1
51.0,69.0,148.0,173.0,0.0,0.3,0
46.0,45.0,56.0,169.0,0.0,0.9,0
64.0,52.0,139.0,165.0,0.0,1.0,0
45.0,68.0,131.0,176.0,0.0,0.8,0
57.0,47.0,99.0,181.0,0.0,2.4,0
56.0,51.0,60.0,160.0,0.0,1.2,0
47.0,47.0,127.0,181.0,0.0,0.6,1
44.0,24.0,106.0,158.0,0.0,3.2,0
64.0,76.0,125.0,163.0,0.0,0.1,0
58.0,41.0,126.0,125.0,0.0,0.2,0
40.0,54.0,101.0,161.0,0.0,2.0,0
37.0,56.0,104.0,201.0,1.0,0.4,0
67.0,50.0,130.0,143.0,0.0,0.9,1
79.0,52.0,104.0,154.0,0.0,2.3,0
52.0,61.0,106.0,189.0,0.0,0.3,0
51.0,49.0,92.0,150.0,0.0,0.8,1
64.0,66.0,110.0,166.0,0.0,0.5,1
46.0,58.0,106.0,159.0,0.0,0.5,1
37.0,33.0,81.0,150.0,0.0,4.1,1
63.0,67.0,98.0,157.0,0.0,0.2,0
51.0,56.0,97.0,150.0,1.0,0.2,1
71.0,42.0,87.0,128.0,1.0,0.7,1
56.0,62.0,94.0,176.0,0.0,1.2,1
64.0,43.0,119.0,151.0,0.0,0.1,0
45.0,66.0,118.0,186.0,0.0,0.8,0
61.0,44.0,126.0,146.0,0.0,1.2,0
49.0,55.0,118.0,165.0,0.0,1.4,0
66.0,51.0,133.0,121.0,0.0,2.3,1
73.0,32.0,177.0,139.0,0.0,3.1,1
52.0,72.0,108.0,149.0,0.0,0.6,1
51.0,45.0,98.0,173.0,0.0,0.5,0
31.0,58.0,88.0,164.0,0.0,0.1,0
78.0,57.0,89.0,131.0,0.0,1.0,1
80.0,42.0,115.0,116.0,1.0,0.0,1
70.0,61.0,160.0,145.0,0.0,0.7,1
38.0,42.0,139.0,161.0,0.0,5.7,1
53.0,43.0,86.0,173.0,0.0,0.1,0
43.0,52.0,87.0,180.0,0.0,1.0,0
56.0,62.0,91.0,171.0,0.0,0.3,0
49.0,55.0,87.0,178.0,0.0,0.8,0
51.0,45.0,99.0,158.0,0.0,0.2,0
26.0,54.0,54.0,194.0,0.0,1.2,0
53.0,56.0,120.0,145.0,1.0,0.1,1
66.0,44.0,92.0,136.0,0.0,0.2,0
48.0,56.0,85.0,177.0,0.0,1.3,0
40.0,63.0,150.0,162.0,0.0,0.2,0
42.0,51.0,133.0,196.0,0.0,0.3,0
46.0,56.0,88.0,197.0,0.0,1.0,0
47.0,29.0,86.0,145.0,1.0,0.1,1
46.0,60.0,93.0,172.0,0.0,2.9,0
82.0,55.0,108.0,120.0,1.0,0.7,1
45.0,54.0,87.0,176.0,0.0,0.6,0
51.0,38.0,83.0,156.0,1.0,0.4,1
64.0,69.0,139.0,147.0,1.0,0.5,1
56.0,63.0,97.0,160.0,0.0,0.4,0
41.0,44.0,133.0,171.0,1.0,0.5,0
46.0,82.0,110.0,170.0,0.0,0.2,0
53.0,42.0,80.0,171.0,0.0,2.2,0
58.0,71.0,117.0,163.0,0.0,0.8,0
38.0,49.0,75.0,171.0,1.0,0.9,1
65.0,55.0,107.0,153.0,0.0,1.1,0
66.0,53.0,134.0,140.0,0.0,1.9,1
44.0,83.0,61.0,185.0,0.0,0.2,0
52.0,57.0,101.0,167.0,0.0,0.4,1
63.0,56.0,95.0,125.0,0.0,1.4,1
48.0,46.0,98.0,180.0,0.0,0.7,0
24.0,58.0,124.0,199.0,0.0,1.5,0
42.0,72.0,96.0,172.0,0.0,0.4,0
88.0,58.0,120.0,99.0,0.0,0.9,1
42.0,46.0,73.0,180.0,0.0,0.1,0
51.0,35.0,147.0,141.0,0.0,0.6,1
80.0,44.0,121.0,132.0,0.0,1.0,1
47.0,62.0,82.0,161.0,0.0,1.6,0
46.0,60.0,78.0,153.0,0.0,0.5,0
41.0,76.0,139.0,165.0,1.0,0.2,1
61.0,42.0,98.0,164.0,0.0,0.3,0
41.0,56.0,114.0,164.0,0.0,0.6,0
66.0,69.0,84.0,182.0,0.0,0.1,0
69.0,61.0,155.0,135.0,0.0,1.2,1
74.0,54.0,149.0,114.0,0.0,2.6,1
71.0,70.0,104.0,172.0,0.0,0.6,0
50.0,68.0,133.0,168.0,0.0,1.3,0
34.0,73.0,86.0,193.0,0.0,0.4,0
42.0,50.0,103.0,186.0,0.0,0.3,0
84.0,32.0,130.0,120.0,0.0,1.3,1
54.0,42.0,152.0,170.0,1.0,2.0,1
62.0,45.0,75.0,149.0,0.0,0.7,0
35.0,68.0,122.0,197.0,0.0,0.1,0
69.0,51.0,36.0,165.0,0.0,0.4,0
57.0,46.0,101.0,147.0,0.0,1.6,0
44.0,43.0,111.0,153.0,1.0,0.2,1
67.0,50.0,35.0,130.0,1.0,1.7,1
60.0,50.0,99.0,147.0,1.0,2.6,1
25.0,72.0,112.0,199.0,0.0,3.4,0
63.0,72.0,144.0,165.0,1.0,3.1,1
57.0,56.0,117.0,161.0,0.0,0.3,0
38.0,73.0,91.0,158.0,0.0,0.3,0
49.0,45.0,126.0,175.0,0.0,0.8,0
45.0,72.0,88.0,156.0,0.0,1.0,1
71.0,41.0,141.0,113.0,0.0,1.8,1
63.0,49.0,136.0,132.0,0.0,0.6,1
53.0,60.0,118.0,148.0,0.0,0.8,0
55.0,57.0,69.0,162.0,0.0,1.2,0
60.0,44.0,78.0,138.0,0.0,2.7,1
63.0,49.0,81.0,142.0,1.0,2.2,1
70.0,60.0,96.0,124.0,1.0,1.0,1
76.0,58.0,166.0,140.0,0.0,0.6,1
43.0,54.0,67.0,182.0,0.0,1.0,0
47.0,69.0,71.0,174.0,0.0,1.1,0
53.0,64.0,116.0,159.0,0.0,0.9,0
48.0,66.0,107.0,176.0,0.0,2.1,0
66.0,74.0,50.0,177.0,0.0,0.4,0
45.0,57.0,77.0,181.0,0.0,0.4,0
53.0,63.0,132.0,169.0,1.0,0.3,0
50.0,29.0,107.0,141.0,0.0,2.4,1
65.0,39.0,85.0,135.0,1.0,1.1,1
72.0,51.0,100.0,120.0,0.0,0.2,1
45.0,53.0,96.0,195.0,0.0,0.4,0
45.0,60.0,68.0,183.0,0.0,0.1,0
69.0,23.0,59.0,161.0,0.0,1.2,0
66.0,42.0,81.0,151.0,0.0,0.1,0
63.0,34.0,137.0,119.0,1.0,3.4,1
78.0,63.0,96.0,116.0,1.0,0.6,1
62.0,39.0,132.0,156.0,1.0,1.4,1
56.0,70.0,106.0,164.0,0.0,1.5,0
44.0,53.0,89.0,168.0,0.0,0.9,0
53.0,60.0,136.0,140.0,1.0,5.4,1
66.0,61.0,59.0,175.0,0.0,1.9,0
66.0,49.0,100.0,134.0,0.0,1.4,1
44.0,64.0,50.0,184.0,0.0,1.0,0
39.0,45.0,114.0,177.0,0.0,0.1,0
26.0,66.0,107.0,192.0,0.0,0.3,0
51.0,63.0,107.0,163.0,0.0,0.2,0
65.0,69.0,122.0,145.0,1.0,3.8,1
63.0,58.0,122.0,159.0,0.0,0.6,0
54.0,46.0,114.0,174.0,0.0,0.5,0
42.0,52.0,127.0,167.0,1.0,1.1,1
78.0,46.0,120.0,120.0,1.0,0.6,1
55.0,66.0,51.0,165.0,0.0,1.0,0
54.0,55.0,113.0,179.0,1.0,0.1,0
72.0,66.0,109.0,173.0,0.0,0.5,0
72.0,36.0,60.0,149.0,1.0,2.9,1
58.0,64.0,54.0,171.0,0.0,0.1,0
38.0,64.0,128.0,153.0,0.0,0.9,1
64.0,61.0,103.0,170.0,1.0,0.6,0
66.0,60.0,138.0,148.0,1.0,1.3,1
51.0,53.0,94.0,162.0,1.0,0.2,0
76.0,62.0,87.0,140.0,1.0,0.5,0
49.0,28.0,128.0,175.0,1.0,3.3,1
61.0,55.0,105.0,169.0,0.0,1.7,0
45.0,52.0,90.0,166.0,0.0,1.2,0
48.0,47.0,123.0,151.0,0.0,3.0,1
63.0,57.0,78.0,157.0,1.0,0.8,0
76.0,60.0,35.0,172.0,1.0,1.3,0
32.0,58.0,111.0,189.0,0.0,3.9,0
77.0,44.0,137.0,120.0,1.0,3.3,1
61.0,53.0,113.0,133.0,1.0,0.6,1
30.0,34.0,138.0,188.0,0.0,0.9,0
45.0,61.0,87.0,187.0,0.0,0.4,0
69.0,59.0,41.0,141.0,1.0,0.6,1
31.0,62.0,106.0,184.0,0.0,1.1,0
44.0,62.0,74.0,166.0,0.0,1.0,0
68.0,54.0,120.0,154.0,0.0,0.7,1
81.0,57.0,113.0,113.0,0.0,0.8,1
34.0,63.0,131.0,188.0,0.0,1.5,0
60.0,53.0,95.0,168.0,0.0,0.8,1
70.0,46.0,125.0,155.0,0.0,0.1,0
51.0,52.0,101.0,139.0,0.0,0.7,1
51.0,53.0,102.0,184.0,0.0,1.1,0
47.0,39.0,72.0,191.0,1.0,0.9,0
59.0,59.0,78.0,141.0,0.0,0.5,0
55.0,62.0,114.0,172.0,0.0,0.5,0
48.0,61.0,89.0,179.0,0.0,1.3,0
42.0,60.0,103.0,177.0,0.0,0.2,0
69.0,72.0,153.0,164.0,0.0,0.2,0
40.0,69.0,113.0,205.0,0.0,0.9,0
54.0,59.0,78.0,179.0,1.0,0.6,0
49.0,43.0,133.0,191.0,0.0,0.3,0
64.0,42.0,122.0,146.0,0.0,1.5,1
68.0,51.0,113.0,121.0,1.0,2.9,1
55.0,38.0,116.0,144.0,0.0,0.0,1
61.0,67.0,53.0,143.0,0.0,1.3,0
47.0,35.0,155.0,156.0,0.0,0.5,1
77.0,53.0,105.0,119.0,1.0,2.3,1
45.0,57.0,77.0,189.0,0.0,0.2,0
84.0,72.0,123.0,125.0,0.0,1.5,0
35.0,46.0,100.0,186.0,0.0,2.1,0
49.0,47.0,87.0,187.0,0.0,0.4,0
57.0,39.0,76.0,157.0,0.0,0.2,0
51.0,66.0,101.0,156.0,1.0,0.3,0
21.0,66.0,62.0,173.0,1.0,0.5,1
70.0,73.0,146.0,170.0,0.0,0.5,0
48.0,45.0,157.0,148.0,1.0,0.2,1
71.0,64.0,102.0,143.0,0.0,1.9,0
48.0,45.0,72.0,171.0,0.0,2.2,0
60.0,52.0,107.0,165.0,0.0,0.2,0
67.0,56.0,105.0,147.0,0.0,0.0,0
43.0,50.0,68.0,182.0,1.0,0.5,0
67.0,54.0,138.0,141.0,0.0,0.2,1
57.0,62.0,131.0,166.0,0.0,0.3,0
51.0,69.0,112.0,192.0,0.0,0.0,0
79.0,59.0,78.0,125.0,1.0,6.1,1
78.0,73.0,74.0,132.0,0.0,0.1,0
83.0,66.0,117.0,115.0,0.0,1.8,1
56.0,57.0,128.0,167.0,0.0,0.5,0
35.0,46.0,124.0,181.0,0.0,1.1,0
33.0,64.0,114.0,200.0,0.0,0.4,0
58.0,43.0,92.0,145.0,0.0,0.3,0
46.0,68.0,117.0,169.0,0.0,0.6,1
59.0,83.0,152.0,169.0,0.0,1.1,0
49.0,54.0,99.0,166.0,0.0,0.4,0
34.0,52.0,91.0,193.0,0.0,0.3,0
55.0,26.0,98.0,165.0,0.0,4.1,0
71.0,50.0,74.0,153.0,0.0,0.6,0
50.0,43.0,153.0,134.0,0.0,3.8,1
46.0,56.0,53.0,154.0,0.0,1.0,0
37.0,52.0,73.0,193.0,0.0,0.5,0
57.0,57.0,99.0,168.0,0.0,0.1,0
60.0,65.0,72.0,150.0,1.0,0.3,1
53.0,58.0,103.0,165.0,0.0,0.6,0
60.0,60.0,36.0,173.0,0.0,0.1,0
70.0,64.0,106.0,124.0,0.0,1.6,1
62.0,65.0,81.0,151.0,1.0,0.8,1
19.0,45.0,105.0,183.0,1.0,4.2,1
70.0,79.0,114.0,123.0,0.0,1.6,1
56.0,58.0,131.0,163.0,0.0,0.5,0
36.0,44.0,84.0,185.0,0.0,1.2,0
61.0,48.0,123.0,148.0,0.0,1.4,0
43.0,50.0,85.0,184.0,0.0,0.6,0
40.0,47.0,111.0,187.0,0.0,1.0,0
58.0,61.0,74.0,169.0,0.0,0.7,0
66.0,61.0,111.0,149.0,0.0,0.0,0
72.0,67.0,116.0,158.0,0.0,0.4,0
52.0,46.0,59.0,185.0,0.0,0.3,0
58.0,54.0,106.0,157.0,1.0,0.3,1
49.0,69.0,105.0,170.0,0.0,0.1,0
41.0,70.0,102.0,196.0,0.0,0.4,0
20.0,62.0,99.0,208.0,0.0,0.1,0
67.0,42.0,109.0,123.0,0.0,0.3,1
58.0,53.0,90.0,167.0,0.0,1.7,0
61.0,54.0,113.0,149.0,0.0,1.5,1
53.0,67.0,125.0,176.0,0.0,0.4,0
62.0,51.0,105.0,150.0,1.0,2.5,1
45.0,62.0,96.0,173.0,1.0,0.0,0
71.0,57.0,77.0,129.0,0.0,3.9,1
70.0,45.0,107.0,149.0,1.0,2.7,1
74.0,49.0,124.0,158.0,0.0,0.5,0
42.0,47.0,97.0,198.0,0.0,2.1,0
62.0,66.0,86.0,161.0,0.0,0.1,0
48.0,44.0,98.0,163.0,0.0,0.1,0
49.0,48.0,91.0,176.0,0.0,0.5,0
56.0,62.0,142.0,150.0,0.0,0.3,0
51.0,40.0,53.0,176.0,1.0,0.0,0
33.0,50.0,98.0,182.0,0.0,0.7,0
62.0,60.0,122.0,155.0,0.0,1.0,0
62.0,67.0,110.0,161.0,1.0,0.6,0
55.0,56.0,107.0,148.0,0.0,0.8,0
55.0,85.0,59.0,172.0,0.0,0.5,0
41.0,73.0,123.0,189.0,0.0,0.1,0
60.0,47.0,120.0,140.0,0.0,3.0,0
77.0,58.0,119.0,154.0,0.0,0.3,0
39.0,59.0,55.0,187.0,0.0,0.2,0
48.0,46.0,125.0,141.0,1.0,2.6,1
45.0,69.0,83.0,163.0,1.0,2.2,1
45.0,65.0,137.0,171.0,0.0,1.4,0
63.0,43.0,101.0,171.0,0.0,1.2,0
75.0,47.0,89.0,136.0,1.0,3.8,1
74.0,68.0,101.0,109.0,0.0,1.4,1
37.0,79.0,77.0,185.0,0.0,0.2,0
54.0,40.0,91.0,152.0,0.0,0.6,1
49.0,47.0,92.0,178.0,0.0,3.3,0
69.0,60.0,123.0,116.0,0.0,0.9,1
74.0,70.0,179.0,118.0,1.0,0.8,1
48.0,83.0,118.0,167.0,0.0,1.4,0
31.0,31.0,120.0,189.0,1.0,1.1,1
62.0,68.0,98.0,164.0,0.0,3.2,0
54.0,52.0,134.0,173.0,0.0,1.6,0
66.0,66.0,74.0,164.0,0.0,0.3,0
61.0,44.0,106.0,159.0,0.0,0.8,1
56.0,58.0,63.0,190.0,0.0,0.2,0
45.0,53.0,87.0,178.0,0.0,0.2,0
40.0,86.0,43.0,200.0,0.0,0.2,0
64.0,23.0,113.0,129.0,0.0,0.5,1
42.0,72.0,80.0,197.0,0.0,0.2,0
55.0,62.0,102.0,156.0,1.0,2.1,1
48.0,70.0,101.0,191.0,0.0,0.8,0
43.0,41.0,110.0,189.0,0.0,0.4,0
29.0,60.0,90.0,205.0,0.0,0.1,0
64.0,61.0,131.0,172.0,0.0,1.3,0
76.0,67.0,151.0,133.0,0.0,2.2,1
32.0,69.0,73.0,183.0,0.0,0.1,0
71.0,45.0,97.0,124.0,0.0,0.5,1
22.0,43.0,108.0,210.0,0.0,1.2,0
67.0,48.0,89.0,146.0,0.0,0.2,0
48.0,58.0,118.0,181.0,0.0,0.7,0
56.0,79.0,173.0,189.0,0.0,0.6,0
48.0,50.0,95.0,174.0,0.0,0.1,0
88.0,58.0,173.0,123.0,0.0,2.4,1
52.0,58.0,100.0,152.0,0.0,1.0,0
28.0,38.0,107.0,192.0,0.0,1.2,0
59.0,82.0,71.0,179.0,0.0,0.5,0
74.0,40.0,118.0,139.0,0.0,2.2,1
41.0,75.0,77.0,190.0,0.0,1.0,0
69.0,74.0,96.0,153.0,0.0,1.2,0
26.0,54.0,105.0,209.0,0.0,1.7,0
74.0,66.0,106.0,164.0,1.0,0.0,0
39.0,49.0,93.0,160.0,1.0,3.7,1
65.0,47.0,58.0,125.0,0.0,0.3,1
64.0,61.0,86.0,148.0,1.0,0.3,0
69.0,39.0,103.0,159.0,0.0,0.6,0
73.0,44.0,115.0,147.0,0.0,0.3,1
65.0,55.0,78.0,170.0,0.0,0.9,0
41.0,51.0,124.0,184.0,0.0,0.4,0
47.0,46.0,117.0,192.0,0.0,0.1,0
46.0,42.0,61.0,159.0,0.0,0.1,1
58.0,64.0,79.0,158.0,0.0,1.5,0
45.0,50.0,144.0,193.0,0.0,0.1,0
49.0,64.0,111.0,174.0,0.0,1.1,0
63.0,46.0,111.0,131.0,1.0,1.8,1
75.0,73.0,115.0,146.0,0.0,0.3,0
51.0,51.0,94.0,172.0,0.0,1.3,0
56.0,54.0,97.0,172.0,0.0,0.3,0
54.0,83.0,88.0,158.0,0.0,0.7,0
56.0,55.0,84.0,162.0,0.0,2.5,0
64.0,63.0,100.0,142.0,0.0,0.1,0
57.0,42.0,91.0,135.0,0.0,0.6,1
62.0,58.0,93.0,149.0,1.0,1.1,1
55.0,52.0,131.0,136.0,0.0,3.3,1
29.0,49.0,85.0,200.0,0.0,0.1,0
54.0,65.0,97.0,179.0,0.0,0.0,0
63.0,82.0,41.0,142.0,0.0,1.0,0
45.0,51.0,69.0,167.0,0.0,0.4,0
66.0,49.0,90.0,168.0,0.0,0.9,0
41.0,51.0,98.0,189.0,1.0,0.1,0
51.0,83.0,79.0,190.0,0.0,0.4,0
52.0,41.0,139.0,164.0,0.0,0.7,0
27.0,41.0,95.0,179.0,0.0,1.9,1
43.0,57.0,114.0,170.0,1.0,1.6,1
37.0,44.0,124.0,180.0,0.0,1.8,1
50.0,41.0,112.0,183.0,1.0,0.3,0
59.0,43.0,80.0,178.0,1.0,0.8,0
28.0,58.0,100.0,204.0,1.0,3.2,0
44.0,67.0,46.0,188.0,0.0,0.5,0
58.0,73.0,50.0,171.0,0.0,0.1,0
68.0,49.0,120.0,123.0,1.0,2.4,1
68.0,45.0,45.0,136.0,1.0,0.4,0
51.0,40.0,119.0,158.0,0.0,0.5,1
52.0,61.0,107.0,172.0,0.0,0.7,0
64.0,58.0,95.0,168.0,1.0,1.0,0
60.0,69.0,115.0,171.0,0.0,0.1,0
70.0,39.0,61.0,158.0,0.0,0.2,0
37.0,60.0,131.0,192.0,0.0,0.2,0
60.0,77.0,100.0,186.0,0.0,0.6,0
61.0,49.0,96.0,149.0,0.0,0.2,0
66.0,47.0,62.0,162.0,0.0,0.6,0
24.0,58.0,78.0,186.0,0.0,0.3,0
54.0,50.0,68.0,159.0,0.0,1.4,1
65.0,58.0,133.0,140.0,0.0,0.1,0
66.0,63.0,105.0,169.0,0.0,0.6,0
66.0,52.0,112.0,159.0,0.0,1.7,0
26.0,64.0,55.0,205.0,0.0,0.1,0
45.0,45.0,91.0,179.0,0.0,1.0,0
61.0,48.0,86.0,157.0,1.0,0.3,1
46.0,73.0,123.0,185.0,0.0,1.6,0
36.0,57.0,101.0,192.0,1.0,1.2,0
42.0,69.0,66.0,187.0,0.0,0.6,0
51.0,59.0,95.0,172.0,0.0,0.2,1
59.0,46.0,91.0,194.0,0.0,0.1,0
51.0,41.0,148.0,168.0,0.0,4.4,1
44.0,51.0,98.0,210.0,1.0,0.4,0
64.0,85.0,128.0,140.0,0.0,1.5,0
39.0,83.0,100.0,185.0,1.0,0.2,0
72.0,47.0,109.0,140.0,0.0,0.2,0
47.0,45.0,83.0,166.0,1.0,4.6,1
64.0,66.0,142.0,171.0,0.0,0.1,0
49.0,70.0,63.0,184.0,0.0,1.9,0
88.0,41.0,126.0,122.0,0.0,2.1,1
70.0,33.0,94.0,100.0,0.0,0.6,1
69.0,70.0,99.0,145.0,0.0,0.0,0
39.0,29.0,81.0,180.0,0.0,0.6,0
53.0,68.0,110.0,160.0,1.0,0.3,1
52.0,49.0,90.0,150.0,0.0,0.2,0
39.0,70.0,99.0,192.0,0.0,0.3,0
67.0,68.0,86.0,143.0,0.0,0.9,0
75.0,43.0,150.0,130.0,1.0,5.4,1
45.0,75.0,81.0,178.0,1.0,1.2,0
44.0,69.0,64.0,168.0,0.0,2.2,0
68.0,59.0,62.0,168.0,1.0,0.6,0
61.0,66.0,94.0,136.0,0.0,4.6,1
60.0,49.0,96.0,176.0,0.0,1.4,0
55.0,51.0,75.0,144.0,0.0,0.6,0
43.0,37.0,117.0,157.0,0.0,1.6,0
44.0,50.0,82.0,189.0,0.0,0.5,0
60.0,39.0,109.0,152.0,0.0,0.2,0
57.0,48.0,140.0,171.0,0.0,1.0,1
42.0,56.0,127.0,192.0,0.0,0.1,0
67.0,50.0,128.0,149.0,1.0,0.1,1
50.0,60.0,108.0,190.0,0.0,0.8,0
70.0,71.0,104.0,143.0,1.0,3.8,1
62.0,51.0,47.0,180.0,0.0,0.3,0
63.0,28.0,123.0,129.0,1.0,1.3,1
60.0,51.0,91.0,160.0,0.0,2.1,0
61.0,53.0,128.0,174.0,0.0,0.2,0
54.0,72.0,66.0,153.0,0.0,0.3,0
38.0,62.0,60.0,190.0,0.0,0.6,0
47.0,48.0,91.0,157.0,0.0,1.7,0
61.0,35.0,92.0,151.0,0.0,0.9,0
61.0,47.0,140.0,151.0,0.0,1.6,0
69.0,81.0,80.0,166.0,0.0,1.4,0
36.0,64.0,109.0,192.0,0.0,0.8,0
56.0,56.0,81.0,192.0,0.0,0.4,0
59.0,44.0,125.0,148.0,0.0,1.1,1
71.0,42.0,78.0,140.0,1.0,0.1,1
78.0,53.0,91.0,130.0,0.0,1.2,1
35.0,62.0,67.0,189.0,0.0,0.4,0
59.0,67.0,112.0,145.0,0.0,0.4,0
48.0,42.0,120.0,181.0,0.0,0.2,0
42.0,40.0,97.0,163.0,0.0,0.5,0
56.0,60.0,126.0,148.0,1.0,0.5,1
73.0,66.0,120.0,138.0,0.0,1.2,0
36.0,47.0,65.0,198.0,0.0,1.9,0
53.0,60.0,84.0,182.0,0.0,0.6,0
62.0,50.0,114.0,137.0,0.0,1.1,1
39.0,56.0,82.0,171.0,0.0,0.1,0
58.0,51.0,131.0,183.0,0.0,0.0,0
39.0,80.0,138.0,184.0,1.0,1.5,1
54.0,56.0,163.0,178.0,0.0,2.3,0
51.0,66.0,145.0,192.0,0.0,2.1,0
70.0,55.0,111.0,118.0,1.0,1.0,1
62.0,56.0,120.0,152.0,0.0,0.5,0
46.0,71.0,103.0,146.0,1.0,4.6,1
50.0,59.0,136.0,166.0,0.0,0.2,0
37.0,60.0,130.0,188.0,0.0,0.1,0
61.0,62.0,133.0,133.0,1.0,1.4,1
22.0,45.0,80.0,184.0,0.0,0.1,0
65.0,54.0,134.0,138.0,0.0,3.0,1
39.0,56.0,75.0,175.0,0.0,0.1,0
41.0,57.0,54.0,171.0,0.0,0.7,0
55.0,48.0,150.0,138.0,1.0,0.9,1
48.0,55.0,87.0,162.0,0.0,0.4,0
39.0,70.0,133.0,205.0,0.0,0.8,0
49.0,53.0,80.0,142.0,1.0,1.0,1
71.0,50.0,76.0,147.0,0.0,3.5,0
46.0,59.0,81.0,183.0,0.0,0.5,0
30.0,54.0,101.0,197.0,0.0,0.2,0
71.0,76.0,97.0,133.0,0.0,0.2,0
37.0,59.0,94.0,202.0,0.0,0.4,0
45.0,78.0,87.0,184.0,0.0,0.5,0
64.0,35.0,125.0,130.0,1.0,2.8,1
54.0,55.0,113.0,164.0,0.0,0.9,0
57.0,21.0,128.0,165.0,0.0,0.5,0
54.0,50.0,92.0,180.0,0.0,0.3,0
45.0,50.0,81.0,179.0,1.0,0.1,1
61.0,53.0,105.0,140.0,0.0,0.8,1
52.0,43.0,64.0,139.0,0.0,4.0,1
31.0,58.0,146.0,185.0,0.0,0.8,0
58.0,39.0,108.0,158.0,0.0,0.9,0
48.0,52.0,139.0,155.0,0.0,1.2,1
61.0,58.0,126.0,165.0,0.0,0.5,0
54.0,67.0,60.0,195.0,0.0,1.3,0
37.0,68.0,119.0,210.0,0.0,1.2,0
35.0,68.0,136.0,201.0,0.0,1.2,0
61.0,36.0,107.0,135.0,0.0,0.5,1
43.0,42.0,99.0,151.0,0.0,1.5,1
39.0,62.0,50.0,171.0,0.0,0.3,0
50.0,54.0,106.0,166.0,0.0,0.6,0
59.0,74.0,122.0,164.0,1.0,0.6,0
60.0,41.0,89.0,163.0,0.0,0.4,0
46.0,56.0,94.0,152.0,1.0,1.7,1
50.0,75.0,102.0,187.0,0.0,0.5,0
78.0,56.0,99.0,130.0,1.0,0.5,1
35.0,70.0,97.0,194.0,0.0,2.7,0
40.0,39.0,149.0,189.0,1.0,1.3,1
53.0,61.0,94.0,181.0,0.0,0.6,0
62.0,56.0,82.0,144.0,1.0,0.6,1
47.0,43.0,99.0,182.0,0.0,1.0,0
51.0,61.0,96.0,153.0,1.0,0.7,1
70.0,63.0,133.0,142.0,0.0,0.8,0
58.0,65.0,138.0,162.0,1.0,1.6,1
65.0,34.0,120.0,144.0,1.0,1.1,1
29.0,61.0,89.0,192.0,0.0,1.2,0
39.0,51.0,54.0,187.0,0.0,1.4,0
62.0,30.0,117.0,148.0,1.0,1.6,1
79.0,86.0,150.0,142.0,0.0,0.1,0
67.0,50.0,156.0,147.0,0.0,1.1,0
78.0,65.0,40.0,156.0,0.0,1.0,0
51.0,80.0,77.0,152.0,0.0,0.7,0
67.0,57.0,76.0,156.0,0.0,1.1,0
42.0,62.0,113.0,173.0,1.0,1.3,0
45.0,50.0,102.0,185.0,0.0,0.6,0
55.0,44.0,117.0,140.0,1.0,0.6,1
70.0,55.0,126.0,145.0,0.0,1.7,0
48.0,61.0,100.0,176.0,0.0,0.7,0
54.0,57.0,104.0,171.0,1.0,3.0,1
68.0,49.0,108.0,186.0,0.0,0.7,0
36.0,52.0,108.0,180.0,0.0,0.7,0
70.0,54.0,132.0,156.0,0.0,0.3,0
68.0,63.0,108.0,152.0,0.0,2.0,0
56.0,52.0,140.0,130.0,1.0,5.2,1
80.0,49.0,141.0,121.0,1.0,0.3,1
41.0,68.0,93.0,188.0,1.0,1.8,0
55.0,54.0,105.0,163.0,0.0,1.5,0
66.0,54.0,75.0,150.0,0.0,0.8,1
58.0,57.0,83.0,137.0,1.0,2.4,1
39.0,39.0,64.0,175.0,0.0,0.6,0
47.0,39.0,122.0,163.0,1.0,1.2,1
35.0,52.0,50.0,199.0,0.0,0.7,0
67.0,40.0,99.0,158.0,1.0,1.5,1
69.0,67.0,94.0,148.0,0.0,0.8,0
40.0,77.0,79.0,177.0,1.0,0.4,0
62.0,53.0,56.0,165.0,0.0,0.4,0
28.0,45.0,102.0,191.0,0.0,0.2,0
36.0,65.0,60.0,199.0,0.0,1.6,0
52.0,46.0,165.0,143.0,0.0,0.3,1
48.0,69.0,105.0,165.0,1.0,4.2,1
45.0,65.0,97.0,204.0,0.0,0.5,0
54.0,66.0,127.0,154.0,1.0,0.3,1
36.0,49.0,115.0,184.0,0.0,2.1,0
39.0,59.0,101.0,181.0,0.0,0.2,0
63.0,57.0,112.0,175.0,0.0,1.1,0
34.0,39.0,70.0,200.0,0.0,0.3,0
84.0,32.0,100.0,158.0,0.0,0.9,0
43.0,72.0,131.0,174.0,0.0,0.2,0
48.0,40.0,67.0,150.0,0.0,0.0,0
52.0,69.0,119.0,169.0,1.0,0.6,0
62.0,62.0,58.0,162.0,0.0,0.1,0
42.0,46.0,123.0,197.0,1.0,0.1,0
31.0,59.0,121.0,187.0,0.0,1.0,0
46.0,41.0,115.0,169.0,1.0,1.0,1
66.0,57.0,112.0,167.0,0.0,0.6,0
50.0,61.0,131.0,167.0,1.0,1.4,1
54.0,61.0,98.0,142.0,1.0,1.6,1
57.0,63.0,82.0,174.0,0.0,0.4,0
55.0,36.0,101.0,177.0,0.0,0.3,0
48.0,55.0,107.0,161.0,0.0,1.8,1
70.0,66.0,132.0,123.0,1.0,0.7,1
43.0,32.0,136.0,166.0,0.0,1.4,1
59.0,50.0,139.0,156.0,0.0,0.6,0
44.0,58.0,44.0,198.0,0.0,0.6,0
53.0,59.0,102.0,143.0,0.0,0.7,0
76.0,50.0,143.0,149.0,1.0,0.1,1
66.0,44.0,123.0,133.0,1.0,0.3,1
58.0,48.0,136.0,156.0,1.0,1.2,0
51.0,54.0,96.0,184.0,0.0,0.6,0
76.0,83.0,103.0,141.0,0.0,4.7,1
64.0,48.0,77.0,118.0,0.0,0.7,1
55.0,67.0,91.0,173.0,0.0,0.9,0
42.0,48.0,93.0,189.0,0.0,1.3,0
40.0,59.0,137.0,164.0,1.0,0.8,1
59.0,62.0,52.0,164.0,0.0,0.5,0
51.0,58.0,114.0,175.0,0.0,1.4,0
60.0,79.0,91.0,163.0,0.0,0.9,0
45.0,60.0,117.0,166.0,0.0,0.9,1
47.0,50.0,107.0,146.0,1.0,1.6,1
57.0,58.0,69.0,153.0,0.0,1.7,0
64.0,49.0,71.0,168.0,0.0,0.9,0
46.0,51.0,187.0,164.0,1.0,1.5,1
54.0,38.0,111.0,157.0,0.0,1.2,1
56.0,72.0,71.0,167.0,0.0,1.0,0
47.0,58.0,91.0,156.0,0.0,0.4,0
56.0,52.0,111.0,160.0,1.0,0.4,1
80.0,56.0,84.0,163.0,0.0,1.2,0
84.0,63.0,122.0,150.0,0.0,0.8,0
28.0,50.0,52.0,170.0,0.0,4.0,1
56.0,56.0,128.0,173.0,0.0,0.1,0
52.0,34.0,100.0,200.0,0.0,0.4,0
71.0,35.0,120.0,171.0,0.0,0.8,0
55.0,43.0,109.0,155.0,1.0,1.8,1
46.0,53.0,129.0,186.0,0.0,0.9,0
71.0,56.0,111.0,166.0,0.0,0.7,0
63.0,44.0,160.0,157.0,0.0,0.6,0
34.0,60.0,152.0,195.0,1.0,0.6,0
40.0,68.0,117.0,179.0,0.0,1.0,0
65.0,21.0,128.0,142.0,1.0,0.0,1
54.0,62.0,94.0,187.0,0.0,0.0,0
40.0,64.0,108.0,201.0,0.0,0.8,0
57.0,70.0,84.0,184.0,0.0,0.2,0
76.0,62.0,100.0,134.0,1.0,4.7,1
55.0,66.0,131.0,160.0,0.0,0.5,0
54.0,21.0,99.0,139.0,0.0,2.0,1
77.0,34.0,125.0,138.0,1.0,3.0,1
54.0,59.0,109.0,196.0,0.0,1.4,0
74.0,48.0,146.0,157.0,0.0,2.5,0
55.0,74.0,66.0,151.0,0.0,0.1,0
53.0,65.0,92.0,184.0,0.0,0.2,0
44.0,53.0,92.0,193.0,0.0,0.4,0
35.0,27.0,82.0,191.0,0.0,0.0,0
55.0,55.0,104.0,148.0,1.0,4.1,1
58.0,71.0,94.0,158.0,0.0,3.1,0
41.0,59.0,80.0,191.0,1.0,1.9,0
47.0,39.0,129.0,169.0,0.0,0.1,0
51.0,76.0,104.0,162.0,0.0,0.2,0
32.0,61.0,44.0,190.0,0.0,1.1,0
47.0,55.0,128.0,167.0,0.0,0.8,1
29.0,73.0,35.0,184.0,0.0,0.4,0
48.0,58.0,127.0,179.0,0.0,0.5,0
54.0,48.0,114.0,172.0,0.0,3.4,0
69.0,55.0,148.0,146.0,0.0,0.8,0
30.0,44.0,148.0,201.0,0.0,0.7,0
41.0,38.0,89.0,170.0,0.0,3.2,1
63.0,83.0,96.0,171.0,0.0,0.1,0
61.0,56.0,122.0,169.0,0.0,1.1,0
50.0,41.0,81.0,158.0,0.0,0.7,0
78.0,69.0,130.0,134.0,0.0,1.1,0
47.0,59.0,139.0,179.0,0.0,0.9,0
65.0,27.0,83.0,163.0,1.0,0.4,0
66.0,68.0,131.0,145.0,0.0,0.7,1
32.0,61.0,92.0,206.0,0.0,0.0,0
60.0,51.0,111.0,153.0,1.0,1.0,0
59.0,51.0,92.0,136.0,0.0,1.3,1
38.0,45.0,76.0,175.0,0.0,1.4,0
76.0,40.0,105.0,156.0,0.0,0.2,0
51.0,56.0,111.0,155.0,0.0,0.4,0
77.0,57.0,103.0,145.0,0.0,1.2,0
35.0,47.0,101.0,200.0,0.0,1.6,0
45.0,51.0,91.0,177.0,0.0,0.1,0
62.0,57.0,163.0,157.0,1.0,2.4,1
49.0,56.0,127.0,160.0,0.0,0.5,0
70.0,66.0,147.0,135.0,0.0,0.4,1
48.0,64.0,106.0,198.0,1.0,1.4,0
27.0,46.0,112.0,210.0,0.0,1.4,0
69.0,40.0,162.0,130.0,0.0,1.1,1
51.0,55.0,104.0,203.0,0.0,0.6,0
54.0,59.0,146.0,186.0,0.0,1.2,0
50.0,56.0,87.0,185.0,0.0,0.4,0
64.0,51.0,126.0,145.0,1.0,1.0,1
63.0,61.0,151.0,126.0,0.0,0.4,1
18.0,66.0,75.0,185.0,0.0,1.6,0
59.0,50.0,125.0,140.0,0.0,0.4,1
31.0,58.0,68.0,187.0,0.0,0.4,0
56.0,34.0,84.0,170.0,1.0,2.0,0
51.0,42.0,73.0,164.0,1.0,2.3,0
62.0,65.0,111.0,121.0,1.0,0.0,1
29.0,45.0,83.0,196.0,0.0,0.1,0
51.0,50.0,99.0,173.0,0.0,0.6,0
79.0,58.0,147.0,139.0,0.0,1.1,0
83.0,64.0,93.0,137.0,0.0,3.4,0
35.0,74.0,78.0,186.0,0.0,0.2,0
46.0,58.0,75.0,165.0,0.0,0.9,0
36.0,70.0,90.0,185.0,0.0,0.4,0
50.0,49.0,122.0,170.0,0.0,0.6,0
68.0,48.0,156.0,153.0,0.0,0.3,0
66.0,68.0,139.0,168.0,0.0,1.3,0
43.0,58.0,88.0,195.0,0.0,0.6,0
43.0,67.0,83.0,189.0,0.0,3.2,0
33.0,57.0,69.0,191.0,0.0,1.3,0
44.0,61.0,119.0,186.0,0.0,0.6,0
62.0,47.0,94.0,146.0,0.0,0.4,0
56.0,74.0,83.0,179.0,0.0,1.0,0
66.0,74.0,76.0,154.0,0.0,0.7,0
65.0,39.0,82.0,158.0,0.0,0.1,0
67.0,60.0,148.0,155.0,0.0,0.5,1
64.0,76.0,102.0,166.0,0.0,0.1,0
42.0,47.0,46.0,179.0,0.0,0.1,0
62.0,37.0,86.0,175.0,0.0,0.9,0
39.0,48.0,124.0,182.0,0.0,0.2,0
25.0,50.0,98.0,200.0,0.0,1.9,0
30.0,51.0,105.0,198.0,0.0,1.1,0
51.0,58.0,82.0,198.0,0.0,0.2,0
64.0,69.0,56.0,157.0,0.0,0.3,0
61.0,58.0,145.0,151.0,1.0,0.5,1
31.0,60.0,100.0,195.0,0.0,1.9,0
49.0,74.0,68.0,143.0,0.0,1.7,1
63.0,70.0,164.0,128.0,0.0,4.4,1
57.0,41.0,119.0,142.0,1.0,0.7,1
50.0,58.0,78.0,195.0,0.0,0.2,0
44.0,48.0,60.0,177.0,0.0,0.5,0
42.0,36.0,94.0,159.0,0.0,0.5,0
55.0,54.0,113.0,172.0,0.0,0.2,0
72.0,79.0,129.0,146.0,0.0,0.8,0
78.0,70.0,101.0,156.0,0.0,1.1,0
31.0,29.0,99.0,185.0,0.0,1.4,0
57.0,58.0,127.0,185.0,0.0,0.6,0
79.0,86.0,93.0,144.0,0.0,0.2,0
30.0,66.0,102.0,173.0,0.0,1.9,1
55.0,59.0,126.0,193.0,0.0,1.3,0
75.0,36.0,150.0,138.0,0.0,0.6,1
70.0,58.0,77.0,140.0,1.0,3.7,1
73.0,47.0,98.0,160.0,0.0,0.1,0
56.0,33.0,97.0,152.0,1.0,0.3,1
57.0,24.0,79.0,146.0,0.0,3.0,1
77.0,52.0,144.0,127.0,0.0,0.0,0
58.0,74.0,84.0,178.0,0.0,1.6,0
68.0,45.0,144.0,118.0,1.0,0.2,1
71.0,65.0,140.0,114.0,1.0,0.8,1
49.0,76.0,111.0,179.0,0.0,0.4,0
63.0,63.0,115.0,168.0,0.0,4.7,0
71.0,52.0,132.0,154.0,1.0,1.2,0
64.0,71.0,60.0,151.0,0.0,0.2,0
61.0,67.0,129.0,151.0,1.0,0.8,1
68.0,40.0,82.0,133.0,0.0,1.9,1
73.0,39.0,87.0,145.0,0.0,0.3,1
65.0,57.0,127.0,145.0,0.0,0.6,1
61.0,76.0,127.0,169.0,0.0,0.3,0
48.0,59.0,95.0,187.0,0.0,0.5,0
57.0,53.0,89.0,170.0,0.0,1.5,0
69.0,50.0,84.0,135.0,0.0,1.3,1
54.0,65.0,63.0,167.0,0.0,0.3,0
56.0,49.0,123.0,177.0,0.0,1.1,0
62.0,50.0,148.0,162.0,0.0,0.7,0
36.0,69.0,108.0,206.0,0.0,0.5,0
44.0,29.0,96.0,180.0,0.0,0.5,0
57.0,32.0,109.0,171.0,1.0,0.5,0
76.0,59.0,156.0,157.0,0.0,1.1,0
54.0,66.0,130.0,180.0,0.0,0.3,0
73.0,61.0,152.0,156.0,0.0,2.2,1
61.0,48.0,49.0,154.0,0.0,0.6,0
56.0,61.0,94.0,148.0,1.0,0.7,1
60.0,41.0,116.0,130.0,0.0,4.2,1
56.0,48.0,136.0,158.0,0.0,0.9,1
55.0,56.0,125.0,171.0,0.0,0.3,1
53.0,49.0,156.0,150.0,1.0,2.6,1
45.0,59.0,112.0,179.0,0.0,0.9,0
71.0,57.0,143.0,147.0,0.0,1.5,0
52.0,54.0,133.0,170.0,0.0,0.5,0
44.0,48.0,118.0,168.0,0.0,0.3,0
44.0,47.0,81.0,175.0,0.0,0.4,0
59.0,49.0,96.0,147.0,0.0,0.4,0
59.0,45.0,102.0,160.0,0.0,0.5,0
52.0,40.0,125.0,162.0,0.0,0.4,0
38.0,53.0,98.0,182.0,0.0,1.0,0
60.0,54.0,142.0,162.0,1.0,0.4,1
42.0,77.0,81.0,165.0,0.0,0.5,0
61.0,61.0,106.0,162.0,0.0,1.2,0
28.0,75.0,122.0,178.0,0.0,0.3,0
68.0,58.0,85.0,147.0,0.0,0.5,0
61.0,47.0,143.0,156.0,0.0,0.4,1
50.0,42.0,97.0,165.0,1.0,4.5,1
48.0,74.0,113.0,179.0,0.0,0.6,0
48.0,66.0,96.0,171.0,0.0,0.7,0
63.0,52.0,95.0,179.0,0.0,0.2,0
53.0,48.0,108.0,147.0,1.0,0.5,1
74.0,58.0,163.0,160.0,1.0,2.0,1
49.0,66.0,85.0,138.0,0.0,2.5,1
65.0,48.0,134.0,136.0,0.0,0.8,0
73.0,74.0,58.0,154.0,0.0,0.0,0
49.0,50.0,74.0,148.0,0.0,1.1,1
62.0,55.0,90.0,142.0,1.0,0.8,1
42.0,51.0,114.0,163.0,0.0,0.4,0
27.0,57.0,87.0,197.0,0.0,1.3,0
58.0,61.0,63.0,160.0,0.0,1.1,0
57.0,47.0,172.0,173.0,0.0,0.3,0
61.0,37.0,120.0,146.0,1.0,0.3,1
40.0,38.0,93.0,163.0,0.0,1.9,0
57.0,48.0,108.0,175.0,0.0,0.3,0
35.0,72.0,93.0,186.0,0.0,0.5,0
47.0,50.0,57.0,173.0,0.0,0.5,0
70.0,39.0,103.0,140.0,1.0,1.0,1
36.0,46.0,99.0,196.0,0.0,1.7,0
64.0,68.0,138.0,137.0,1.0,2.2,1
38.0,39.0,103.0,184.0,0.0,0.7,0
59.0,35.0,98.0,163.0,1.0,0.7,0
41.0,68.0,94.0,185.0,0.0,0.3,0
39.0,57.0,110.0,190.0,0.0,0.4,0
31.0,65.0,114.0,188.0,0.0,0.2,0
59.0,76.0,125.0,181.0,1.0,0.3,0
32.0,43.0,45.0,202.0,1.0,0.5,0
56.0,55.0,99.0,173.0,0.0,0.5,0
51.0,69.0,119.0,166.0,0.0,1.1,0
28.0,52.0,64.0,198.0,0.0,1.2,0
49.0,58.0,104.0,173.0,0.0,0.9,0
41.0,41.0,85.0,202.0,0.0,2.3,0
59.0,46.0,106.0,154.0,0.0,0.2,0
56.0,84.0,67.0,175.0,0.0,0.6,0
72.0,49.0,101.0,136.0,1.0,0.4,1
58.0,76.0,66.0,149.0,0.0,0.3,0
55.0,46.0,106.0,163.0,0.0,0.4,0
60.0,78.0,75.0,163.0,0.0,0.8,0
58.0,52.0,114.0,169.0,1.0,0.0,0
51.0,54.0,115.0,177.0,0.0,0.4,0
61.0,70.0,88.0,166.0,1.0,2.3,0
57.0,50.0,80.0,161.0,0.0,0.8,0
60.0,62.0,50.0,170.0,0.0,0.2,0
38.0,57.0,105.0,197.0,1.0,0.9,0
53.0,66.0,114.0,172.0,0.0,0.9,0
65.0,56.0,105.0,134.0,1.0,2.9,1
62.0,53.0,111.0,155.0,0.0,1.1,0
63.0,39.0,141.0,149.0,0.0,0.8,0
63.0,76.0,105.0,159.0,0.0,0.0,0
59.0,40.0,116.0,142.0,0.0,4.2,1
67.0,51.0,124.0,153.0,0.0,1.0,0
43.0,90.0,122.0,179.0,0.0,1.2,0
64.0,59.0,97.0,154.0,0.0,0.3,0
57.0,71.0,124.0,161.0,0.0,0.9,0
51.0,58.0,93.0,207.0,0.0,0.5,0
57.0,35.0,92.0,175.0,0.0,0.4,0
57.0,47.0,57.0,173.0,1.0,0.2,0
38.0,64.0,115.0,177.0,0.0,0.3,0
43.0,54.0,131.0,188.0,0.0,0.3,0
66.0,67.0,114.0,169.0,0.0,1.5,0
44.0,66.0,97.0,158.0,0.0,0.8,1
65.0,38.0,136.0,144.0,0.0,0.2,1
63.0,78.0,146.0,148.0,1.0,3.3,1
61.0,62.0,72.0,178.0,0.0,0.4,0
56.0,39.0,99.0,159.0,0.0,1.3,0
72.0,46.0,109.0,156.0,0.0,2.8,0
61.0,58.0,113.0,187.0,0.0,0.9,0
70.0,56.0,162.0,134.0,0.0,1.2,1
67.0,43.0,89.0,127.0,0.0,5.1,1
53.0,66.0,96.0,164.0,0.0,2.3,0
51.0,65.0,42.0,185.0,0.0,2.0,0
54.0,61.0,137.0,180.0,0.0,0.5,0
61.0,54.0,82.0,136.0,0.0,0.6,0
41.0,51.0,80.0,178.0,0.0,1.3,0
34.0,46.0,82.0,194.0,0.0,0.8,0
53.0,68.0,105.0,167.0,0.0,0.5,0
36.0,59.0,85.0,186.0,0.0,0.7,0
45.0,62.0,132.0,172.0,0.0,0.8,0
58.0,39.0,96.0,164.0,0.0,1.1,0
59.0,65.0,138.0,120.0,1.0,0.3,1
73.0,55.0,77.0,160.0,0.0,1.2,0
40.0,53.0,80.0,176.0,0.0,0.7,0
33.0,54.0,77.0,172.0,0.0,0.8,0
63.0,48.0,124.0,152.0,0.0,1.2,1
37.0,88.0,116.0,208.0,0.0,1.7,0
61.0,36.0,96.0,135.0,1.0,0.1,1
32.0,66.0,83.0,184.0,1.0,0.1,0
41.0,59.0,82.0,189.0,0.0,1.6,0
63.0,57.0,131.0,151.0,0.0,0.1,1
35.0,55.0,122.0,180.0,0.0,0.3,0
53.0,72.0,85.0,159.0,0.0,1.2,0
59.0,48.0,172.0,126.0,1.0,0.5,1
37.0,65.0,68.0,198.0,0.0,1.4,0
59.0,45.0,78.0,144.0,1.0,1.5,1
67.0,53.0,81.0,168.0,0.0,0.3,0
52.0,48.0,89.0,145.0,1.0,0.4,1
51.0,47.0,123.0,132.0,1.0,2.4,1
69.0,63.0,137.0,162.0,0.0,1.4,0
37.0,54.0,85.0,198.0,0.0,4.1,0
63.0,47.0,137.0,189.0,0.0,0.0,0
54.0,83.0,121.0,194.0,0.0,0.6,0
61.0,68.0,144.0,168.0,0.0,0.2,0
53.0,54.0,122.0,157.0,1.0,1.5,0
40.0,47.0,86.0,163.0,1.0,5.2,1
60.0,64.0,79.0,175.0,0.0,1.2,0
59.0,54.0,93.0,157.0,1.0,0.6,1
47.0,59.0,133.0,183.0,0.0,0.7,1
34.0,46.0,93.0,192.0,0.0,0.7,0
57.0,39.0,122.0,196.0,0.0,2.1,0
58.0,70.0,77.0,163.0,0.0,0.8,0
33.0,68.0,89.0,190.0,0.0,0.2,0
39.0,42.0,77.0,179.0,0.0,0.2,0
24.0,68.0,35.0,201.0,1.0,0.1,0
58.0,28.0,123.0,121.0,0.0,0.9,1
56.0,31.0,145.0,161.0,1.0,0.2,1
47.0,49.0,85.0,184.0,0.0,3.1,0
62.0,50.0,129.0,163.0,0.0,1.5,0
81.0,69.0,136.0,112.0,0.0,1.9,1
46.0,53.0,129.0,189.0,0.0,0.7,0
41.0,50.0,51.0,181.0,0.0,0.3,0
69.0,77.0,92.0,176.0,0.0,0.5,0
29.0,47.0,114.0,210.0,0.0,1.4,0
25.0,65.0,51.0,203.0,0.0,0.8,0
65.0,36.0,77.0,157.0,1.0,0.1,0
52.0,60.0,65.0,182.0,0.0,0.6,0
37.0,30.0,68.0,160.0,0.0,5.2,1
47.0,58.0,113.0,176.0,0.0,2.0,0
53.0,72.0,113.0,177.0,0.0,1.4,0
51.0,55.0,63.0,181.0,0.0,0.1,0
59.0,56.0,124.0,169.0,0.0,2.3,0
47.0,29.0,96.0,190.0,0.0,0.4,0
31.0,56.0,100.0,199.0,0.0,0.3,0
33.0,72.0,85.0,177.0,0.0,0.4,0
68.0,63.0,110.0,169.0,0.0,0.4,0
45.0,76.0,72.0,192.0,0.0,0.3,0
46.0,41.0,99.0,180.0,0.0,0.1,0
20.0,54.0,103.0,204.0,0.0,0.8,1
35.0,38.0,98.0,191.0,1.0,0.5,0
55.0,45.0,58.0,151.0,1.0,0.4,1
46.0,20.0,95.0,151.0,0.0,1.1,0
55.0,50.0,95.0,182.0,0.0,1.2,0
59.0,56.0,135.0,181.0,0.0,0.6,0
47.0,72.0,153.0,173.0,0.0,0.3,0
86.0,60.0,140.0,129.0,1.0,2.0,1
48.0,59.0,37.0,173.0,0.0,0.5,0
63.0,57.0,109.0,126.0,0.0,1.0,1
58.0,58.0,103.0,171.0,0.0,1.9,0
77.0,65.0,84.0,157.0,0.0,0.8,0
49.0,56.0,102.0,177.0,0.0,1.5,0
46.0,51.0,111.0,191.0,0.0,0.1,0
46.0,56.0,136.0,167.0,0.0,3.0,0
59.0,59.0,61.0,161.0,0.0,0.5,0
62.0,48.0,103.0,146.0,0.0,1.3,0
44.0,39.0,103.0,166.0,0.0,0.5,0
57.0,54.0,85.0,132.0,1.0,0.3,1
33.0,55.0,81.0,177.0,1.0,0.2,0
74.0,49.0,113.0,152.0,1.0,5.1,1
69.0,53.0,148.0,134.0,1.0,1.9,1
64.0,31.0,135.0,132.0,1.0,1.8,1
52.0,55.0,143.0,192.0,0.0,0.4,0
46.0,58.0,120.0,161.0,1.0,0.4,1
61.0,46.0,126.0,168.0,0.0,0.2,0
44.0,54.0,155.0,182.0,0.0,1.4,0
35.0,54.0,123.0,177.0,0.0,3.8,1
60.0,56.0,140.0,158.0,0.0,1.8,1
56.0,55.0,103.0,164.0,0.0,0.2,0
72.0,43.0,129.0,135.0,0.0,0.6,0
44.0,56.0,102.0,170.0,1.0,0.3,1
66.0,50.0,100.0,155.0,0.0,1.4,0
46.0,31.0,99.0,192.0,0.0,0.2,0
54.0,67.0,91.0,148.0,1.0,0.5,0
60.0,50.0,90.0,188.0,0.0,1.3,0
56.0,56.0,99.0,179.0,0.0,0.4,0
44.0,55.0,120.0,146.0,1.0,4.4,1
65.0,50.0,132.0,164.0,0.0,2.5,1
40.0,65.0,77.0,186.0,0.0,0.5,0
71.0,58.0,161.0,144.0,0.0,0.5,0
28.0,59.0,122.0,210.0,0.0,0.4,0
67.0,76.0,135.0,145.0,0.0,4.7,1
45.0,64.0,106.0,161.0,1.0,0.4,1
48.0,47.0,154.0,171.0,0.0,0.1,0
31.0,58.0,83.0,196.0,0.0,2.1,0
52.0,52.0,136.0,141.0,1.0,2.0,1
57.0,50.0,116.0,159.0,0.0,0.8,1
63.0,61.0,98.0,155.0,0.0,3.3,1
68.0,54.0,109.0,171.0,0.0,1.4,0
52.0,64.0,106.0,155.0,1.0,1.5,1
55.0,60.0,79.0,175.0,0.0,0.2,0
59.0,36.0,97.0,152.0,0.0,1.4,1
58.0,48.0,91.0,154.0,0.0,0.3,0
72.0,56.0,117.0,128.0,0.0,1.2,1
57.0,63.0,59.0,187.0,0.0,0.4,0
44.0,69.0,86.0,176.0,0.0,0.3,0
62.0,73.0,91.0,178.0,0.0,0.1,0
31.0,65.0,84.0,209.0,0.0,0.6,0
38.0,58.0,136.0,190.0,0.0,1.1,0
51.0,58.0,120.0,183.0,0.0,0.6,0
53.0,50.0,120.0,175.0,0.0,2.7,0
71.0,54.0,146.0,146.0,1.0,0.1,1
55.0,35.0,115.0,149.0,0.0,0.4,0
51.0,58.0,110.0,177.0,0.0,0.4,0
64.0,56.0,86.0,144.0,0.0,0.2,0
62.0,35.0,149.0,150.0,1.0,2.0,1
62.0,39.0,72.0,129.0,1.0,1.0,1
68.0,55.0,113.0,161.0,0.0,1.7,1
64.0,46.0,61.0,168.0,1.0,1.2,0
54.0,41.0,79.0,163.0,1.0,0.7,0
47.0,51.0,102.0,164.0,0.0,1.9,0
37.0,41.0,115.0,178.0,1.0,1.8,1
64.0,44.0,89.0,146.0,0.0,2.9,1
56.0,52.0,85.0,163.0,1.0,2.5,0
66.0,59.0,146.0,148.0,0.0,0.2,0
52.0,73.0,113.0,173.0,0.0,0.4,0
60.0,57.0,130.0,152.0,0.0,0.8,0
56.0,45.0,125.0,161.0,0.0,0.4,0
35.0,52.0,71.0,181.0,0.0,0.4,1
50.0,59.0,72.0,176.0,0.0,0.4,0
27.0,95.0,63.0,203.0,0.0,0.2,0
55.0,57.0,129.0,175.0,0.0,0.4,0
90.0,74.0,159.0,125.0,1.0,1.5,1
69.0,50.0,104.0,183.0,0.0,2.3,0
72.0,38.0,124.0,113.0,1.0,1.3,1
51.0,51.0,89.0,191.0,0.0,0.5,0
44.0,66.0,107.0,191.0,0.0,0.6,0
49.0,36.0,153.0,185.0,0.0,1.3,0
64.0,71.0,155.0,148.0,0.0,1.1,0
40.0,60.0,96.0,184.0,0.0,0.6,0
85.0,37.0,110.0,134.0,0.0,0.2,1
47.0,55.0,147.0,180.0,0.0,0.9,0
51.0,62.0,99.0,173.0,0.0,0.4,0
70.0,54.0,89.0,155.0,0.0,0.1,0
60.0,68.0,87.0,151.0,0.0,2.1,0
66.0,56.0,91.0,149.0,0.0,0.4,0
26.0,53.0,130.0,210.0,1.0,0.6,0
50.0,56.0,139.0,156.0,0.0,1.6,1
53.0,53.0,99.0,151.0,0.0,1.1,0
54.0,54.0,86.0,148.0,0.0,1.0,0
77.0,72.0,124.0,171.0,0.0,1.4,0
46.0,71.0,125.0,201.0,0.0,0.7,0
58.0,57.0,71.0,185.0,0.0,0.8,0
77.0,40.0,135.0,112.0,1.0,1.5,1
26.0,70.0,75.0,199.0,0.0,0.4,0
36.0,37.0,115.0,202.0,0.0,1.2,0
49.0,65.0,93.0,170.0,0.0,1.3,0
42.0,42.0,132.0,187.0,1.0,0.1,1
39.0,63.0,110.0,161.0,0.0,0.6,0
57.0,48.0,121.0,135.0,0.0,0.0,0
73.0,42.0,112.0,119.0,1.0,0.5,1
38.0,81.0,93.0,179.0,0.0,0.1,0
69.0,47.0,108.0,152.0,0.0,0.7,0
41.0,61.0,116.0,208.0,0.0,0.0,0
47.0,57.0,127.0,168.0,1.0,2.8,1
67.0,59.0,130.0,147.0,1.0,0.6,1
63.0,75.0,90.0,158.0,0.0,0.4,0
54.0,82.0,93.0,186.0,0.0,0.6,0
54.0,44.0,110.0,160.0,0.0,1.0,1
53.0,59.0,55.0,168.0,0.0,0.2,0
38.0,63.0,117.0,179.0,0.0,0.7,0
70.0,58.0,131.0,146.0,1.0,1.8,1
61.0,30.0,69.0,161.0,0.0,0.6,0
30.0,58.0,111.0,190.0,0.0,0.6,0
67.0,58.0,104.0,153.0,1.0,1.5,1
36.0,62.0,88.0,199.0,0.0,0.4,0
63.0,56.0,119.0,160.0,0.0,1.4,0
36.0,40.0,101.0,176.0,0.0,3.9,1
80.0,60.0,145.0,122.0,0.0,0.3,1
70.0,74.0,98.0,156.0,0.0,1.1,0
67.0,26.0,126.0,130.0,1.0,1.0,1
63.0,55.0,98.0,175.0,1.0,0.5,0
38.0,63.0,66.0,186.0,0.0,0.6,0
40.0,69.0,90.0,172.0,0.0,0.4,0
72.0,48.0,61.0,152.0,0.0,0.4,0
61.0,53.0,152.0,160.0,0.0,1.8,0
60.0,70.0,141.0,170.0,1.0,0.5,0
43.0,41.0,67.0,196.0,0.0,0.4,0
47.0,37.0,87.0,168.0,1.0,1.3,1
49.0,73.0,104.0,187.0,0.0,0.2,0
61.0,55.0,131.0,148.0,0.0,1.4,1
70.0,34.0,100.0,135.0,0.0,0.6,1
81.0,60.0,114.0,126.0,0.0,0.6,0
54.0,65.0,146.0,172.0,0.0,1.2,0
58.0,49.0,101.0,157.0,0.0,2.3,1
45.0,59.0,89.0,160.0,1.0,2.8,1
27.0,46.0,79.0,197.0,1.0,0.6,0
63.0,85.0,161.0,160.0,0.0,0.9,0
32.0,72.0,102.0,191.0,0.0,0.3,0
48.0,29.0,78.0,181.0,0.0,0.9,0
55.0,66.0,91.0,176.0,0.0,1.5,0
61.0,64.0,74.0,151.0,0.0,0.1,0
53.0,65.0,108.0,197.0,0.0,0.4,0
66.0,28.0,147.0,160.0,0.0,1.3,0
68.0,50.0,122.0,146.0,0.0,1.7,1
47.0,47.0,124.0,171.0,0.0,0.2,0
40.0,58.0,76.0,203.0,0.0,0.5,0
60.0,71.0,122.0,153.0,0.0,0.6,0
57.0,58.0,130.0,145.0,1.0,1.6,1
57.0,54.0,87.0,158.0,0.0,0.1,1
61.0,53.0,110.0,168.0,0.0,1.0,1
33.0,67.0,88.0,194.0,0.0,1.4,0
50.0,68.0,96.0,171.0,1.0,1.1,0
76.0,57.0,107.0,118.0,0.0,0.8,1
48.0,59.0,105.0,176.0,0.0,0.5,0
60.0,47.0,131.0,163.0,0.0,0.4,0
45.0,31.0,62.0,173.0,1.0,4.2,1
68.0,64.0,117.0,159.0,0.0,0.7,0
56.0,61.0,148.0,157.0,1.0,1.5,1
42.0,65.0,121.0,186.0,0.0,1.6,0
76.0,53.0,88.0,138.0,1.0,0.4,1
20.0,71.0,83.0,210.0,1.0,0.3,0
42.0,51.0,77.0,184.0,0.0,0.3,0
66.0,48.0,122.0,160.0,1.0,0.1,0
40.0,39.0,104.0,178.0,0.0,0.4,0
37.0,56.0,35.0,188.0,0.0,0.6,0
35.0,45.0,122.0,195.0,1.0,0.9,0
47.0,65.0,120.0,191.0,0.0,0.8,0
55.0,73.0,104.0,162.0,0.0,0.6,0
36.0,68.0,104.0,197.0,0.0,0.1,0
59.0,56.0,99.0,172.0,1.0,0.8,0
60.0,52.0,73.0,167.0,1.0,4.4,1
62.0,40.0,105.0,147.0,1.0,0.4,0
39.0,58.0,54.0,195.0,1.0,0.6,0
59.0,57.0,88.0,163.0,0.0,0.6,0
41.0,75.0,103.0,192.0,0.0,1.8,0
53.0,40.0,113.0,147.0,0.0,1.2,1
57.0,62.0,123.0,159.0,0.0,2.4,0
77.0,38.0,81.0,143.0,1.0,0.8,1
69.0,55.0,58.0,147.0,0.0,0.2,0
64.0,37.0,104.0,162.0,0.0,0.6,0
74.0,64.0,69.0,145.0,1.0,1.9,1
42.0,57.0,35.0,181.0,0.0,2.1,0
44.0,47.0,98.0,196.0,0.0,1.5,0
55.0,55.0,113.0,182.0,0.0,0.9,0
68.0,56.0,104.0,150.0,0.0,0.1,0
62.0,73.0,117.0,166.0,0.0,1.3,0
57.0,61.0,124.0,182.0,0.0,0.2,0
74.0,56.0,80.0,127.0,0.0,1.8,1
61.0,56.0,125.0,166.0,0.0,0.6,0
56.0,84.0,89.0,191.0,1.0,1.1,0
49.0,61.0,80.0,165.0,0.0,0.2,0
66.0,75.0,78.0,141.0,1.0,1.7,1
42.0,75.0,87.0,148.0,0.0,1.0,1
63.0,64.0,121.0,151.0,0.0,0.2,0
64.0,29.0,55.0,142.0,0.0,1.7,1
58.0,67.0,183.0,133.0,0.0,0.3,1
70.0,71.0,129.0,159.0,0.0,0.6,0
78.0,69.0,102.0,137.0,0.0,1.0,1
43.0,74.0,98.0,178.0,0.0,1.1,0
63.0,81.0,133.0,148.0,0.0,0.6,1
45.0,49.0,108.0,160.0,0.0,0.2,1
59.0,49.0,93.0,167.0,0.0,0.4,0
50.0,58.0,87.0,188.0,1.0,1.0,0
47.0,83.0,75.0,171.0,0.0,0.8,0
51.0,52.0,146.0,183.0,0.0,0.4,0
62.0,48.0,98.0,160.0,0.0,1.3,1
57.0,48.0,148.0,141.0,1.0,0.8,1
53.0,33.0,77.0,159.0,1.0,0.8,1
70.0,68.0,126.0,147.0,1.0,0.5,0
70.0,54.0,87.0,165.0,0.0,0.6,0
57.0,46.0,132.0,154.0,0.0,0.4,0
35.0,63.0,74.0,175.0,1.0,1.3,0
23.0,86.0,102.0,195.0,0.0,1.0,0
50.0,65.0,56.0,158.0,1.0,2.4,1
63.0,53.0,94.0,157.0,0.0,0.9,0
40.0,61.0,138.0,171.0,0.0,1.5,1
70.0,30.0,95.0,145.0,1.0,2.2,1
43.0,66.0,90.0,169.0,0.0,1.5,1
72.0,49.0,118.0,124.0,0.0,1.5,1
71.0,56.0,84.0,146.0,0.0,0.9,0
65.0,65.0,81.0,143.0,1.0,1.1,1
44.0,59.0,70.0,161.0,0.0,1.3,0
75.0,47.0,118.0,134.0,1.0,1.5,1
53.0,65.0,129.0,185.0,0.0,0.3,0
53.0,55.0,77.0,193.0,0.0,0.5,0
55.0,60.0,131.0,152.0,1.0,0.8,1
36.0,38.0,127.0,207.0,0.0,1.5,0
64.0,79.0,87.0,156.0,0.0,0.9,1
71.0,39.0,83.0,147.0,1.0,1.0,1
66.0,50.0,163.0,146.0,1.0,2.4,1
51.0,59.0,100.0,182.0,0.0,0.5,0
46.0,53.0,125.0,178.0,1.0,1.0,0
47.0,44.0,105.0,176.0,0.0,0.4,0
74.0,52.0,77.0,141.0,1.0,0.8,1
69.0,68.0,78.0,147.0,0.0,0.4,0
52.0,49.0,63.0,170.0,0.0,0.3,0
47.0,52.0,118.0,177.0,1.0,0.0,0
38.0,67.0,78.0,149.0,0.0,0.4,0
50.0,54.0,120.0,158.0,0.0,0.4,0
47.0,65.0,75.0,181.0,0.0,0.4,0
72.0,49.0,118.0,135.0,1.0,0.6,1
33.0,48.0,81.0,186.0,0.0,0.3,0
54.0,85.0,37.0,157.0,0.0,1.7,0
75.0,40.0,128.0,102.0,0.0,4.1,1
55.0,44.0,78.0,172.0,0.0,3.3,1
50.0,61.0,92.0,144.0,1.0,0.5,1
32.0,54.0,121.0,194.0,0.0,0.7,0
67.0,31.0,138.0,140.0,0.0,1.9,1
52.0,43.0,193.0,164.0,0.0,2.5,1
45.0,29.0,91.0,173.0,0.0,2.3,0
66.0,47.0,108.0,140.0,1.0,1.4,1
53.0,57.0,104.0,146.0,1.0,2.6,1
36.0,57.0,88.0,175.0,0.0,1.2,0
60.0,46.0,122.0,157.0,0.0,1.7,0
67.0,67.0,105.0,168.0,0.0,0.1,0
46.0,38.0,137.0,184.0,0.0,0.2,0
78.0,44.0,81.0,137.0,0.0,2.1,0
40.0,58.0,94.0,203.0,0.0,0.7,0
81.0,56.0,132.0,157.0,0.0,0.0,0
50.0,67.0,115.0,193.0,0.0,0.1,0
82.0,54.0,88.0,114.0,1.0,0.8,1
57.0,45.0,149.0,146.0,1.0,2.7,1
52.0,61.0,69.0,156.0,0.0,0.1,0
42.0,57.0,74.0,175.0,0.0,0.4,0
48.0,38.0,66.0,166.0,0.0,0.3,0
36.0,69.0,77.0,186.0,0.0,0.1,0
46.0,50.0,87.0,157.0,0.0,1.7,1
71.0,63.0,116.0,153.0,0.0,0.4,0
44.0,81.0,98.0,163.0,0.0,1.1,0
71.0,41.0,89.0,116.0,1.0,0.5,1
52.0,47.0,140.0,153.0,0.0,6.5,1
56.0,64.0,138.0,179.0,0.0,0.5,0
56.0,57.0,110.0,182.0,0.0,0.3,0
45.0,76.0,87.0,187.0,1.0,0.6,0
68.0,46.0,125.0,130.0,0.0,0.7,0
49.0,58.0,93.0,148.0,1.0,2.8,1
45.0,58.0,88.0,149.0,1.0,0.1,1
72.0,70.0,147.0,136.0,1.0,0.6,1
48.0,69.0,111.0,178.0,0.0,1.7,0
39.0,30.0,119.0,194.0,0.0,0.2,0
48.0,44.0,108.0,185.0,0.0,0.9,0
63.0,53.0,92.0,146.0,0.0,1.7,1
49.0,52.0,127.0,170.0,0.0,0.4,1
58.0,60.0,112.0,171.0,0.0,0.1,0
63.0,53.0,72.0,156.0,0.0,0.7,0
67.0,50.0,112.0,144.0,0.0,1.5,0
75.0,39.0,98.0,136.0,1.0,1.2,1
70.0,51.0,96.0,129.0,0.0,1.0,1
59.0,64.0,90.0,179.0,1.0,1.7,1
45.0,58.0,157.0,175.0,0.0,0.8,0
53.0,52.0,153.0,147.0,0.0,3.5,1
39.0,96.0,109.0,169.0,0.0,0.2,0
47.0,56.0,89.0,176.0,0.0,0.1,0
65.0,50.0,63.0,144.0,0.0,0.0,0
57.0,74.0,111.0,169.0,0.0,0.6,0
47.0,66.0,64.0,194.0,0.0,0.1,0
57.0,59.0,124.0,171.0,0.0,1.3,0
42.0,47.0,72.0,184.0,1.0,5.4,1
67.0,40.0,96.0,149.0,1.0,0.4,1
53.0,63.0,82.0,152.0,0.0,1.1,0
78.0,44.0,165.0,107.0,0.0,2.3,1
40.0,65.0,77.0,185.0,0.0,0.5,0
43.0,73.0,35.0,190.0,1.0,0.2,0
48.0,81.0,123.0,191.0,0.0,0.3,0
57.0,54.0,136.0,175.0,0.0,1.4,0
55.0,61.0,137.0,168.0,0.0,0.5,0
53.0,80.0,83.0,184.0,0.0,0.9,0
69.0,37.0,99.0,179.0,0.0,0.1,0
62.0,60.0,65.0,160.0,0.0,1.7,1
37.0,63.0,84.0,202.0,0.0,0.3,0
54.0,51.0,53.0,162.0,0.0,0.2,0
34.0,77.0,86.0,181.0,0.0,0.7,0
77.0,46.0,121.0,149.0,0.0,1.0,1
45.0,48.0,121.0,184.0,0.0,0.1,0
61.0,62.0,81.0,158.0,0.0,1.2,0
49.0,60.0,126.0,169.0,0.0,0.5,0
48.0,61.0,141.0,143.0,1.0,0.2,1
32.0,45.0,67.0,206.0,1.0,0.5,0
50.0,55.0,128.0,152.0,0.0,1.2,1
52.0,55.0,81.0,181.0,0.0,0.9,0
59.0,65.0,102.0,168.0,0.0,0.9,0
70.0,45.0,100.0,115.0,0.0,0.2,1
74.0,65.0,113.0,182.0,0.0,0.6,0
88.0,38.0,107.0,107.0,0.0,0.7,1
30.0,41.0,83.0,205.0,0.0,0.8,0
82.0,59.0,163.0,120.0,1.0,1.0,1
61.0,49.0,124.0,164.0,0.0,1.7,0
62.0,45.0,116.0,123.0,1.0,2.3,1
52.0,42.0,138.0,138.0,0.0,1.1,1
55.0,72.0,125.0,193.0,0.0,1.3,0
63.0,75.0,139.0,159.0,0.0,4.7,1
60.0,64.0,40.0,160.0,0.0,1.1,0
43.0,65.0,64.0,166.0,0.0,0.7,0
45.0,49.0,120.0,178.0,0.0,0.8,0
43.0,59.0,111.0,181.0,0.0,0.1,0
47.0,42.0,95.0,186.0,0.0,0.3,0
39.0,52.0,80.0,192.0,0.0,0.4,0
43.0,64.0,68.0,177.0,0.0,1.4,0
69.0,46.0,102.0,147.0,0.0,0.1,0
64.0,62.0,61.0,165.0,0.0,1.0,0
49.0,67.0,90.0,152.0,0.0,0.3,0
44.0,66.0,96.0,166.0,0.0,0.4,0
35.0,45.0,81.0,191.0,0.0,0.3,0
52.0,34.0,91.0,189.0,0.0,0.4,0
29.0,74.0,150.0,191.0,0.0,1.8,0
62.0,57.0,83.0,176.0,1.0,2.0,1
55.0,38.0,119.0,179.0,0.0,0.5,0
43.0,53.0,93.0,168.0,0.0,1.2,1
35.0,30.0,99.0,180.0,0.0,0.1,0
43.0,39.0,94.0,196.0,0.0,0.1,0
67.0,58.0,88.0,121.0,1.0,0.9,1
64.0,46.0,93.0,186.0,0.0,0.2,0
56.0,78.0,73.0,152.0,0.0,0.4,0
59.0,42.0,117.0,173.0,0.0,0.2,0
58.0,62.0,92.0,177.0,1.0,0.0,0
63.0,48.0,126.0,170.0,0.0,0.5,0
37.0,41.0,100.0,175.0,0.0,0.6,0
56.0,58.0,148.0,154.0,0.0,0.3,1
51.0,24.0,111.0,153.0,0.0,0.3,0
60.0,51.0,107.0,155.0,0.0,0.2,0
47.0,57.0,147.0,190.0,0.0,0.8,0
51.0,63.0,137.0,152.0,1.0,2.4,1
57.0,55.0,152.0,156.0,0.0,0.6,0
63.0,64.0,110.0,152.0,0.0,0.2,0
44.0,76.0,80.0,181.0,0.0,0.6,0
61.0,60.0,109.0,156.0,0.0,2.0,0
52.0,74.0,116.0,189.0,1.0,0.1,0
43.0,48.0,131.0,179.0,0.0,1.3,0
57.0,37.0,140.0,146.0,0.0,0.2,0
46.0,59.0,77.0,187.0,0.0,3.3,0
41.0,47.0,128.0,191.0,0.0,1.9,0
76.0,57.0,109.0,143.0,0.0,0.9,0
59.0,46.0,138.0,158.0,0.0,2.7,0
42.0,49.0,67.0,196.0,0.0,0.2,0
65.0,59.0,133.0,159.0,1.0,0.2,0
58.0,63.0,95.0,159.0,0.0,0.9,0
60.0,70.0,100.0,163.0,0.0,0.7,0
56.0,65.0,124.0,141.0,0.0,4.7,1
39.0,65.0,106.0,156.0,0.0,0.3,1
35.0,58.0,124.0,186.0,0.0,0.7,0
54.0,42.0,103.0,156.0,1.0,0.6,1
36.0,68.0,72.0,194.0,0.0,0.6,0
48.0,58.0,128.0,181.0,0.0,0.2,0
31.0,58.0,98.0,197.0,0.0,0.4,0
48.0,62.0,139.0,186.0,0.0,0.7,0
55.0,59.0,110.0,154.0,0.0,1.8,1
51.0,79.0,70.0,158.0,0.0,0.6,0
60.0,55.0,133.0,153.0,1.0,0.5,1
55.0,72.0,102.0,165.0,0.0,0.3,0
61.0,33.0,97.0,142.0,1.0,0.7,1
58.0,34.0,71.0,173.0,0.0,0.5,0
62.0,50.0,100.0,158.0,0.0,0.1,0
49.0,83.0,127.0,158.0,0.0,0.2,0
64.0,67.0,97.0,162.0,0.0,0.6,0
54.0,62.0,63.0,165.0,0.0,0.7,0
57.0,54.0,111.0,134.0,1.0,2.4,1
54.0,71.0,105.0,188.0,0.0,0.4,0
50.0,56.0,95.0,167.0,0.0,0.8,0
60.0,65.0,96.0,162.0,0.0,0.1,0
34.0,39.0,116.0,201.0,1.0,0.2,0
40.0,49.0,111.0,187.0,0.0,1.3,0
32.0,73.0,62.0,194.0,1.0,0.7,0
62.0,54.0,119.0,149.0,0.0,0.0,0
48.0,52.0,80.0,147.0,0.0,0.5,0
60.0,35.0,111.0,155.0,0.0,1.3,1
78.0,78.0,99.0,136.0,1.0,0.4,0
63.0,65.0,78.0,153.0,0.0,0.8,1
26.0,81.0,35.0,210.0,0.0,1.0,0
40.0,33.0,109.0,182.0,0.0,0.6,0
67.0,68.0,133.0,118.0,1.0,3.9,1
53.0,54.0,86.0,160.0,0.0,0.9,0
67.0,49.0,115.0,133.0,0.0,1.5,0
79.0,61.0,120.0,107.0,0.0,5.2,1
44.0,48.0,97.0,196.0,0.0,0.1,0
85.0,59.0,42.0,137.0,1.0,0.5,1
52.0,48.0,96.0,173.0,0.0,0.7,0
53.0,44.0,86.0,169.0,0.0,0.9,0
65.0,51.0,146.0,158.0,0.0,0.8,1
90.0,48.0,113.0,123.0,0.0,0.0,1
54.0,68.0,117.0,164.0,0.0,2.8,1
77.0,75.0,98.0,127.0,1.0,3.5,1
68.0,58.0,111.0,148.0,1.0,1.1,1
56.0,40.0,62.0,173.0,0.0,0.6,0
60.0,56.0,106.0,165.0,0.0,0.5,0
43.0,33.0,125.0,188.0,0.0,0.4,0
50.0,75.0,81.0,173.0,0.0,1.0,0
37.0,82.0,71.0,193.0,0.0,1.7,0
65.0,40.0,93.0,159.0,0.0,0.9,0
40.0,26.0,118.0,183.0,0.0,1.1,0
54.0,63.0,110.0,172.0,0.0,0.9,0
34.0,60.0,49.0,189.0,0.0,0.6,0
43.0,71.0,91.0,178.0,0.0,0.4,0
32.0,61.0,89.0,210.0,0.0,0.8,0
54.0,51.0,91.0,167.0,0.0,1.4,0
44.0,56.0,90.0,180.0,0.0,2.3,0
52.0,62.0,92.0,181.0,0.0,1.5,0
70.0,40.0,162.0,137.0,1.0,1.2,1
72.0,75.0,126.0,139.0,0.0,0.8,1
32.0,64.0,74.0,196.0,0.0,0.9,0
35.0,70.0,83.0,180.0,0.0,0.4,0
62.0,43.0,146.0,147.0,1.0,2.2,1
58.0,70.0,116.0,156.0,0.0,0.3,0
60.0,51.0,36.0,167.0,1.0,0.4,0
62.0,57.0,81.0,143.0,1.0,0.5,1
68.0,42.0,92.0,147.0,1.0,0.3,1
60.0,53.0,84.0,172.0,0.0,0.7,0
60.0,31.0,98.0,185.0,0.0,1.2,0
54.0,54.0,120.0,172.0,0.0,0.9,0
40.0,72.0,100.0,162.0,1.0,0.2,0
57.0,55.0,118.0,176.0,0.0,0.8,0
62.0,59.0,108.0,155.0,0.0,0.1,0
39.0,78.0,118.0,205.0,1.0,0.3,0
78.0,35.0,116.0,124.0,1.0,3.3,1
68.0,46.0,100.0,140.0,1.0,0.6,1
31.0,58.0,57.0,196.0,0.0,0.6,0
58.0,51.0,125.0,158.0,1.0,2.2,1
49.0,56.0,114.0,154.0,0.0,1.1,0
75.0,58.0,104.0,144.0,1.0,1.9,1
68.0,40.0,91.0,150.0,0.0,1.0,0
67.0,56.0,100.0,159.0,1.0,3.2,1
57.0,41.0,100.0,122.0,1.0,3.6,1
63.0,56.0,96.0,136.0,0.0,0.3,1
68.0,56.0,156.0,135.0,0.0,0.4,1
37.0,54.0,120.0,187.0,1.0,0.4,0
56.0,82.0,152.0,166.0,0.0,1.4,0
53.0,51.0,40.0,169.0,0.0,1.3,0
55.0,66.0,106.0,169.0,0.0,0.9,0
66.0,59.0,140.0,153.0,1.0,2.9,1
48.0,50.0,119.0,167.0,0.0,0.4,0
37.0,74.0,133.0,203.0,0.0,0.2,0
38.0,59.0,88.0,177.0,0.0,0.6,0
64.0,71.0,125.0,161.0,0.0,0.8,0
38.0,74.0,119.0,186.0,1.0,0.3,0
47.0,58.0,82.0,184.0,0.0,1.7,0
60.0,60.0,112.0,161.0,1.0,1.8,1
43.0,38.0,111.0,190.0,0.0,0.3,0
29.0,47.0,56.0,177.0,0.0,0.8,0
52.0,58.0,128.0,157.0,1.0,1.5,0
56.0,60.0,51.0,152.0,0.0,1.4,0
36.0,45.0,84.0,179.0,1.0,0.6,0
61.0,46.0,124.0,145.0,1.0,0.3,1
39.0,46.0,74.0,183.0,0.0,2.6,1
30.0,57.0,104.0,208.0,0.0,0.7,0
62.0,71.0,123.0,121.0,0.0,0.6,1
56.0,47.0,145.0,159.0,0.0,1.6,1
56.0,60.0,101.0,166.0,0.0,0.3,0
34.0,59.0,78.0,189.0,1.0,0.4,0
27.0,62.0,118.0,199.0,1.0,2.1,0
50.0,62.0,102.0,190.0,1.0,1.4,0
46.0,47.0,151.0,167.0,0.0,0.6,0
42.0,34.0,123.0,167.0,1.0,2.3,1
53.0,51.0,123.0,190.0,1.0,0.4,0
63.0,45.0,74.0,152.0,0.0,1.2,0
39.0,37.0,120.0,185.0,0.0,2.4,0
54.0,47.0,100.0,162.0,0.0,1.7,0
51.0,40.0,101.0,192.0,0.0,1.0,0
82.0,52.0,92.0,142.0,0.0,1.7,1
47.0,44.0,164.0,168.0,1.0,1.8,1
41.0,56.0,61.0,164.0,0.0,0.4,0
55.0,34.0,128.0,169.0,0.0,3.1,0
89.0,51.0,122.0,113.0,1.0,1.8,1
40.0,47.0,101.0,195.0,0.0,0.9,0
43.0,45.0,109.0,170.0,0.0,2.0,0
51.0,58.0,135.0,141.0,1.0,0.5,1
39.0,80.0,64.0,188.0,0.0,0.5,0
64.0,47.0,89.0,154.0,0.0,2.0,1
41.0,34.0,76.0,199.0,0.0,0.3,0
56.0,57.0,147.0,135.0,0.0,1.1,1
51.0,60.0,107.0,180.0,0.0,0.1,0
66.0,50.0,95.0,135.0,1.0,0.3,1
70.0,47.0,179.0,139.0,0.0,0.1,1
59.0,65.0,71.0,153.0,0.0,1.3,1
44.0,52.0,106.0,157.0,0.0,2.7,1
57.0,78.0,84.0,162.0,0.0,0.4,0
48.0,54.0,111.0,174.0,0.0,1.2,0
57.0,76.0,110.0,187.0,0.0,0.3,0
49.0,49.0,102.0,196.0,0.0,0.4,0
53.0,54.0,113.0,178.0,0.0,1.1,0
47.0,46.0,108.0,183.0,0.0,0.9,0
56.0,55.0,82.0,153.0,0.0,2.0,1
80.0,78.0,124.0,144.0,0.0,1.2,0
75.0,38.0,114.0,109.0,1.0,0.2,1
51.0,55.0,89.0,153.0,0.0,1.0,1
58.0,51.0,119.0,167.0,0.0,0.1,0
33.0,66.0,109.0,202.0,0.0,0.6,0
64.0,54.0,129.0,149.0,0.0,0.3,0
67.0,77.0,145.0,139.0,0.0,1.6,1
34.0,33.0,121.0,198.0,0.0,2.7,0
38.0,54.0,85.0,171.0,0.0,0.3,0
36.0,55.0,85.0,193.0,0.0,0.2,0
52.0,60.0,93.0,168.0,0.0,0.5,0
42.0,52.0,93.0,163.0,0.0,0.1,0
62.0,78.0,105.0,141.0,0.0,0.8,0
59.0,50.0,65.0,168.0,1.0,1.3,0
35.0,30.0,111.0,179.0,0.0,0.2,0
42.0,63.0,38.0,186.0,0.0,1.7,0
49.0,62.0,92.0,166.0,0.0,1.5,0
50.0,46.0,99.0,156.0,0.0,1.8,0
66.0,48.0,94.0,155.0,0.0,1.0,0
62.0,62.0,39.0,177.0,0.0,1.0,0
77.0,60.0,95.0,147.0,1.0,0.9,0
26.0,58.0,93.0,192.0,0.0,0.2,0
89.0,58.0,75.0,126.0,0.0,0.9,0
62.0,47.0,101.0,162.0,0.0,2.0,1
51.0,40.0,120.0,194.0,0.0,0.5,0
41.0,41.0,101.0,156.0,0.0,1.7,0
64.0,71.0,101.0,142.0,0.0,0.8,0
73.0,66.0,75.0,122.0,0.0,0.3,0
64.0,77.0,79.0,163.0,0.0,0.6,0
68.0,61.0,109.0,155.0,0.0,0.8,0
54.0,51.0,102.0,176.0,0.0,0.9,0
49.0,52.0,124.0,164.0,0.0,0.8,0
44.0,46.0,61.0,176.0,0.0,0.7,0
30.0,47.0,153.0,181.0,0.0,0.5,0
52.0,43.0,83.0,154.0,1.0,2.1,1
69.0,41.0,95.0,137.0,0.0,0.9,1
80.0,57.0,147.0,127.0,1.0,1.7,1
55.0,71.0,118.0,175.0,0.0,1.1,0
34.0,44.0,111.0,171.0,1.0,1.4,1
50.0,55.0,109.0,165.0,0.0,1.0,0
60.0,64.0,92.0,145.0,0.0,2.1,0
76.0,77.0,71.0,151.0,0.0,0.2,0
57.0,54.0,110.0,173.0,0.0,0.2,0
71.0,75.0,144.0,164.0,0.0,0.7,0
63.0,51.0,104.0,168.0,0.0,1.9,1
60.0,57.0,105.0,185.0,0.0,0.9,0
59.0,32.0,106.0,173.0,0.0,0.8,0
59.0,63.0,166.0,164.0,0.0,0.1,0
51.0,34.0,68.0,162.0,0.0,1.4,0
54.0,76.0,148.0,186.0,0.0,1.0,0
48.0,46.0,138.0,180.0,0.0,1.0,0
64.0,35.0,101.0,144.0,0.0,0.7,0
36.0,40.0,40.0,193.0,0.0,0.4,0
43.0,74.0,66.0,164.0,0.0,0.6,0
66.0,54.0,118.0,128.0,1.0,0.0,1
42.0,50.0,95.0,189.0,0.0,0.3,0
60.0,50.0,96.0,190.0,0.0,0.5,0
49.0,41.0,119.0,152.0,0.0,1.4,1
37.0,34.0,97.0,172.0,0.0,0.7,0
55.0,44.0,70.0,157.0,1.0,1.9,1
72.0,61.0,117.0,129.0,0.0,0.4,1
51.0,35.0,156.0,152.0,0.0,1.5,1
64.0,62.0,47.0,143.0,0.0,0.0,0
66.0,34.0,125.0,145.0,1.0,3.0,1
36.0,34.0,157.0,191.0,0.0,0.7,0
65.0,37.0,130.0,122.0,1.0,3.5,1
47.0,71.0,88.0,209.0,0.0,0.6,0
67.0,63.0,59.0,146.0,0.0,0.0,0
50.0,61.0,102.0,189.0,0.0,0.4,0
63.0,30.0,45.0,149.0,0.0,2.6,1
90.0,49.0,52.0,105.0,0.0,1.4,1
48.0,45.0,112.0,181.0,0.0,1.1,0
40.0,51.0,122.0,145.0,0.0,5.0,1
56.0,60.0,95.0,160.0,0.0,0.1,0
64.0,65.0,152.0,160.0,0.0,2.1,0
75.0,66.0,52.0,146.0,0.0,0.6,0
74.0,42.0,147.0,159.0,0.0,0.9,0
51.0,44.0,104.0,190.0,0.0,1.0,0
49.0,36.0,161.0,156.0,1.0,0.7,1
38.0,53.0,111.0,181.0,0.0,0.6,0
44.0,31.0,127.0,165.0,1.0,4.2,1
54.0,81.0,99.0,139.0,0.0,2.1,1
69.0,61.0,44.0,162.0,0.0,0.2,0
74.0,59.0,119.0,138.0,0.0,0.2,0
42.0,60.0,95.0,165.0,1.0,5.0,1
46.0,67.0,69.0,179.0,0.0,0.9,0
56.0,57.0,102.0,162.0,0.0,0.8,1
60.0,35.0,127.0,126.0,0.0,1.7,1
61.0,72.0,81.0,159.0,0.0,0.2,0
36.0,66.0,58.0,191.0,1.0,0.1,0
39.0,61.0,78.0,174.0,1.0,0.3,0
66.0,50.0,72.0,169.0,0.0,3.2,0
70.0,66.0,119.0,135.0,0.0,0.7,0
46.0,74.0,78.0,177.0,0.0,0.6,0
55.0,54.0,52.0,143.0,0.0,0.1,0
65.0,58.0,101.0,135.0,0.0,1.2,1
59.0,62.0,91.0,139.0,1.0,5.4,1
42.0,43.0,64.0,198.0,0.0,1.2,0
57.0,66.0,103.0,133.0,0.0,1.4,1
40.0,63.0,96.0,197.0,0.0,0.7,0
61.0,63.0,35.0,154.0,0.0,0.7,0
50.0,51.0,44.0,170.0,0.0,0.9,0
45.0,55.0,132.0,155.0,1.0,2.6,1
55.0,68.0,102.0,167.0,0.0,0.1,0
45.0,34.0,115.0,165.0,1.0,1.7,1
39.0,57.0,86.0,175.0,0.0,0.3,0
62.0,63.0,65.0,147.0,0.0,1.1,0
45.0,79.0,83.0,190.0,0.0,0.8,0
71.0,55.0,144.0,135.0,0.0,0.4,1
69.0,62.0,68.0,160.0,0.0,1.3,0
65.0,48.0,97.0,174.0,0.0,0.1,0
36.0,52.0,83.0,189.0,0.0,0.1,0
62.0,36.0,100.0,142.0,1.0,2.2,1
43.0,62.0,69.0,190.0,1.0,0.1,0
67.0,43.0,47.0,124.0,0.0,1.1,1
41.0,37.0,137.0,173.0,0.0,1.7,0
51.0,63.0,128.0,185.0,0.0,0.5,0
63.0,67.0,74.0,160.0,0.0,0.3,0
47.0,71.0,119.0,195.0,0.0,0.5,0
49.0,49.0,92.0,171.0,0.0,0.6,0
56.0,54.0,103.0,176.0,0.0,0.0,0
52.0,47.0,116.0,183.0,0.0,0.4,0
57.0,55.0,69.0,149.0,0.0,0.2,0
57.0,54.0,53.0,174.0,0.0,0.3,0
38.0,42.0,131.0,167.0,1.0,0.6,1
85.0,59.0,109.0,134.0,0.0,0.1,0
69.0,36.0,158.0,157.0,1.0,0.2,0
61.0,60.0,37.0,152.0,0.0,2.4,1
45.0,72.0,89.0,169.0,0.0,0.3,0
67.0,68.0,104.0,161.0,0.0,0.7,0
48.0,45.0,81.0,190.0,0.0,0.5,0
55.0,48.0,133.0,177.0,1.0,0.6,0
51.0,68.0,81.0,166.0,0.0,0.1,0
57.0,44.0,68.0,141.0,1.0,2.3,1
76.0,55.0,124.0,142.0,0.0,1.8,1
49.0,36.0,85.0,181.0,0.0,0.3,0
72.0,63.0,55.0,133.0,0.0,0.3,0
61.0,53.0,116.0,190.0,0.0,0.1,0
43.0,37.0,97.0,185.0,0.0,3.0,1
84.0,79.0,37.0,144.0,0.0,0.9,0
64.0,51.0,55.0,153.0,0.0,1.0,0
35.0,52.0,83.0,194.0,0.0,0.2,0
50.0,51.0,91.0,146.0,0.0,1.3,0
43.0,72.0,126.0,191.0,0.0,0.6,0
43.0,71.0,161.0,171.0,0.0,0.6,0
44.0,40.0,131.0,142.0,1.0,4.7,1
55.0,60.0,96.0,153.0,0.0,0.5,0
56.0,46.0,65.0,165.0,0.0,0.7,0
64.0,44.0,110.0,148.0,0.0,0.1,0
55.0,42.0,131.0,173.0,1.0,3.4,1
55.0,51.0,176.0,138.0,1.0,1.9,1
73.0,44.0,98.0,141.0,0.0,1.0,0
46.0,50.0,73.0,176.0,1.0,0.6,1
61.0,66.0,159.0,170.0,0.0,0.4,0
68.0,57.0,111.0,155.0,1.0,0.4,1
68.0,66.0,119.0,183.0,0.0,1.4,0
45.0,62.0,68.0,169.0,0.0,2.2,0
49.0,54.0,132.0,154.0,1.0,2.6,1
53.0,43.0,119.0,183.0,0.0,0.2,0
63.0,67.0,41.0,152.0,0.0,0.4,0
68.0,70.0,78.0,140.0,0.0,0.4,0
53.0,42.0,82.0,182.0,0.0,0.7,0
73.0,65.0,99.0,130.0,1.0,0.2,1
62.0,35.0,109.0,165.0,0.0,1.9,1
45.0,51.0,84.0,182.0,1.0,1.2,0
66.0,41.0,94.0,194.0,0.0,1.2,0
32.0,52.0,78.0,176.0,0.0,0.8,0
53.0,65.0,41.0,166.0,0.0,0.5,0
29.0,63.0,119.0,207.0,1.0,1.5,0
56.0,69.0,50.0,209.0,0.0,1.3,0
68.0,39.0,76.0,133.0,1.0,0.3,1
64.0,66.0,121.0,164.0,0.0,0.1,0
25.0,53.0,101.0,210.0,0.0,1.2,0
58.0,81.0,121.0,184.0,0.0,0.1,0
63.0,50.0,97.0,160.0,0.0,0.3,0
65.0,47.0,66.0,146.0,0.0,1.4,1
63.0,74.0,104.0,148.0,0.0,2.0,0
65.0,52.0,113.0,166.0,0.0,0.1,0
36.0,53.0,60.0,192.0,0.0,0.8,0
54.0,51.0,101.0,181.0,0.0,1.8,0
46.0,78.0,100.0,159.0,0.0,0.1,0
53.0,56.0,81.0,195.0,1.0,0.8,0
58.0,68.0,122.0,161.0,0.0,0.2,0
43.0,54.0,111.0,198.0,0.0,2.3,0
48.0,49.0,97.0,191.0,0.0,0.5,0
62.0,57.0,155.0,135.0,1.0,0.9,1
47.0,55.0,87.0,161.0,0.0,0.1,0
49.0,79.0,96.0,161.0,0.0,0.3,0
55.0,58.0,117.0,151.0,0.0,0.3,1
71.0,53.0,89.0,179.0,0.0,1.0,0
50.0,49.0,138.0,162.0,0.0,0.1,0
34.0,50.0,129.0,181.0,0.0,2.5,1
42.0,61.0,75.0,190.0,0.0,0.0,0
56.0,75.0,112.0,182.0,0.0,0.0,0
32.0,57.0,119.0,180.0,0.0,1.1,0
43.0,66.0,138.0,167.0,0.0,0.6,0
43.0,47.0,56.0,185.0,0.0,0.5,0
79.0,53.0,92.0,120.0,0.0,0.9,1
64.0,57.0,62.0,160.0,0.0,1.2,0
44.0,68.0,137.0,199.0,0.0,0.5,0
42.0,53.0,107.0,200.0,0.0,0.1,0
38.0,50.0,86.0,170.0,0.0,0.9,0
55.0,64.0,109.0,162.0,0.0,1.5,0
53.0,59.0,101.0,186.0,1.0,1.0,0
36.0,67.0,110.0,193.0,0.0,0.6,0
59.0,60.0,128.0,161.0,0.0,0.8,0
68.0,46.0,162.0,182.0,1.0,0.0,0
61.0,55.0,136.0,149.0,0.0,1.6,1
54.0,52.0,103.0,192.0,1.0,1.0,0
72.0,46.0,161.0,131.0,1.0,2.9,1
58.0,49.0,35.0,159.0,0.0,0.1,0
58.0,90.0,121.0,188.0,0.0,0.6,0
64.0,57.0,134.0,122.0,0.0,4.6,1
36.0,69.0,109.0,188.0,0.0,1.6,0
74.0,45.0,163.0,116.0,1.0,1.2,1
56.0,45.0,164.0,179.0,0.0,1.0,0
53.0,73.0,114.0,174.0,0.0,1.0,0
63.0,42.0,112.0,178.0,0.0,0.6,0
40.0,27.0,110.0,168.0,0.0,3.6,1
43.0,39.0,114.0,173.0,0.0,0.8,0
59.0,71.0,132.0,153.0,1.0,0.8,0
61.0,49.0,96.0,178.0,1.0,1.7,0
37.0,75.0,63.0,205.0,0.0,0.6,0
52.0,55.0,78.0,162.0,0.0,0.3,0
42.0,55.0,155.0,139.0,1.0,3.4,1
49.0,30.0,93.0,155.0,0.0,0.0,0
41.0,41.0,66.0,183.0,0.0,0.6,0
64.0,62.0,107.0,174.0,0.0,1.0,0
57.0,50.0,67.0,150.0,0.0,1.1,1
41.0,59.0,85.0,180.0,0.0,0.5,0
59.0,52.0,103.0,142.0,1.0,1.1,0
54.0,61.0,97.0,164.0,0.0,1.4,0
53.0,67.0,68.0,167.0,0.0,0.1,0
36.0,62.0,89.0,172.0,0.0,0.0,0
39.0,63.0,84.0,161.0,0.0,0.7,0
51.0,55.0,149.0,155.0,0.0,2.5,1
42.0,65.0,68.0,180.0,0.0,0.5,0
48.0,43.0,55.0,172.0,0.0,0.7,0
61.0,44.0,91.0,141.0,1.0,1.0,1
63.0,63.0,162.0,142.0,0.0,1.8,0
52.0,62.0,92.0,161.0,0.0,1.1,0
49.0,52.0,110.0,160.0,0.0,1.5,1
30.0,58.0,145.0,188.0,0.0,0.4,0
53.0,51.0,127.0,166.0,0.0,0.3,0
48.0,57.0,94.0,172.0,0.0,0.4,0
49.0,66.0,121.0,163.0,1.0,1.3,0
61.0,75.0,88.0,162.0,0.0,0.0,0
37.0,52.0,100.0,198.0,1.0,0.5,0
63.0,50.0,155.0,139.0,0.0,4.7,1
41.0,67.0,127.0,192.0,0.0,1.0,0
35.0,62.0,57.0,190.0,0.0,0.4,0
42.0,58.0,106.0,198.0,0.0,0.2,0
39.0,52.0,79.0,164.0,0.0,1.8,1
52.0,41.0,117.0,146.0,0.0,0.6,1
77.0,57.0,95.0,146.0,0.0,0.1,0
75.0,49.0,119.0,131.0,0.0,1.1,1
50.0,44.0,63.0,174.0,0.0,1.2,0
51.0,48.0,55.0,181.0,0.0,0.5,0
70.0,48.0,124.0,155.0,0.0,0.2,0
66.0,66.0,138.0,135.0,1.0,1.6,1
43.0,71.0,106.0,159.0,0.0,0.4,0
61.0,50.0,70.0,145.0,0.0,2.3,0
58.0,30.0,128.0,176.0,0.0,2.2,0
68.0,32.0,104.0,155.0,0.0,0.5,0
87.0,66.0,115.0,132.0,1.0,1.4,1
52.0,51.0,70.0,160.0,1.0,0.6,1
63.0,34.0,120.0,139.0,0.0,1.6,1
55.0,52.0,72.0,196.0,0.0,0.4,0
56.0,38.0,115.0,144.0,0.0,1.3,1
43.0,65.0,81.0,194.0,0.0,0.8,0
50.0,63.0,135.0,186.0,0.0,1.2,0
60.0,58.0,147.0,167.0,0.0,1.8,0
43.0,64.0,96.0,182.0,0.0,1.2,0
59.0,54.0,94.0,163.0,0.0,0.4,0
58.0,33.0,162.0,157.0,0.0,0.3,1
51.0,59.0,100.0,176.0,0.0,0.3,0
80.0,77.0,150.0,124.0,1.0,2.0,1
67.0,46.0,135.0,166.0,0.0,0.6,0
64.0,81.0,117.0,127.0,0.0,0.8,1
68.0,71.0,76.0,175.0,0.0,0.0,0
56.0,45.0,62.0,179.0,0.0,0.2,0
49.0,57.0,121.0,182.0,1.0,0.1,0
62.0,43.0,79.0,165.0,0.0,0.6,0
58.0,52.0,99.0,179.0,0.0,0.1,0
64.0,50.0,71.0,161.0,0.0,1.6,0
57.0,37.0,137.0,184.0,1.0,1.1,1
51.0,75.0,85.0,195.0,1.0,0.3,0
48.0,33.0,110.0,166.0,0.0,1.2,1
39.0,53.0,101.0,190.0,0.0,2.4,0
39.0,64.0,74.0,184.0,0.0,0.1,0
70.0,52.0,81.0,137.0,0.0,1.1,1
55.0,50.0,104.0,169.0,0.0,0.2,0
57.0,64.0,123.0,144.0,1.0,4.0,1
45.0,70.0,105.0,185.0,0.0,0.1,0
46.0,51.0,73.0,171.0,1.0,0.2,1
60.0,50.0,91.0,124.0,0.0,1.6,1
56.0,51.0,103.0,155.0,0.0,2.2,1
73.0,55.0,89.0,136.0,0.0,0.3,0
25.0,47.0,115.0,196.0,0.0,0.5,0
56.0,60.0,94.0,171.0,0.0,0.4,0
58.0,37.0,111.0,170.0,1.0,2.4,1
47.0,66.0,89.0,158.0,0.0,2.4,1
62.0,49.0,84.0,166.0,0.0,0.1,0
49.0,62.0,113.0,178.0,0.0,3.3,0
54.0,59.0,96.0,179.0,0.0,1.6,0
77.0,45.0,104.0,138.0,1.0,1.0,1
40.0,48.0,116.0,165.0,1.0,1.4,1
60.0,61.0,98.0,199.0,0.0,0.6,0
47.0,52.0,146.0,159.0,0.0,1.4,1
38.0,60.0,106.0,179.0,0.0,1.2,0
59.0,53.0,61.0,149.0,0.0,0.3,0
23.0,38.0,119.0,197.0,0.0,0.4,0
58.0,45.0,97.0,155.0,0.0,0.6,1
34.0,21.0,45.0,175.0,1.0,1.8,1
52.0,61.0,120.0,165.0,0.0,0.8,0
43.0,52.0,125.0,173.0,0.0,0.5,1
64.0,30.0,88.0,178.0,0.0,1.1,0
55.0,38.0,101.0,169.0,0.0,0.2,0
58.0,77.0,66.0,160.0,0.0,0.5,0
35.0,64.0,94.0,183.0,0.0,0.9,0
68.0,62.0,111.0,145.0,0.0,0.1,0
44.0,64.0,70.0,205.0,0.0,0.1,0
70.0,49.0,92.0,117.0,1.0,0.9,1
40.0,55.0,45.0,167.0,0.0,4.1,0
68.0,58.0,92.0,135.0,1.0,1.2,1
64.0,54.0,95.0,162.0,0.0,0.4,0
68.0,63.0,87.0,157.0,0.0,0.4,0
40.0,64.0,56.0,175.0,0.0,1.2,0
48.0,50.0,90.0,194.0,1.0,0.6,0
54.0,57.0,84.0,159.0,0.0,0.8,0
62.0,63.0,101.0,158.0,0.0,0.5,0
78.0,64.0,152.0,141.0,0.0,3.0,1
51.0,59.0,100.0,145.0,1.0,1.0,0
53.0,44.0,136.0,156.0,0.0,0.6,0
49.0,67.0,53.0,184.0,0.0,0.1,0
69.0,58.0,66.0,164.0,0.0,0.4,0
45.0,74.0,62.0,198.0,0.0,2.0,0
44.0,43.0,90.0,201.0,0.0,0.3,0
63.0,59.0,116.0,198.0,0.0,0.3,0
50.0,43.0,132.0,162.0,0.0,2.4,0
77.0,53.0,101.0,125.0,0.0,1.2,0
54.0,73.0,90.0,186.0,1.0,0.6,0
26.0,51.0,115.0,201.0,0.0,0.9,0
48.0,41.0,153.0,164.0,1.0,1.7,1
31.0,61.0,126.0,210.0,0.0,0.6,0
51.0,62.0,126.0,186.0,0.0,1.3,0
49.0,63.0,67.0,179.0,0.0,0.1,0
50.0,56.0,114.0,170.0,0.0,1.1,1
33.0,55.0,89.0,206.0,0.0,0.1,0
59.0,72.0,108.0,143.0,1.0,2.9,1
39.0,60.0,113.0,177.0,0.0,0.2,0
79.0,52.0,121.0,113.0,0.0,0.7,1
72.0,64.0,90.0,149.0,0.0,1.4,0
35.0,62.0,109.0,191.0,1.0,0.2,0
57.0,49.0,135.0,173.0,0.0,0.4,0
50.0,53.0,128.0,159.0,0.0,0.7,1
63.0,46.0,157.0,154.0,0.0,0.9,1
54.0,46.0,134.0,163.0,0.0,1.4,0
57.0,66.0,46.0,141.0,0.0,0.8,1
39.0,54.0,110.0,193.0,0.0,0.2,0
35.0,49.0,104.0,199.0,0.0,1.5,0
30.0,56.0,131.0,190.0,1.0,0.7,1
65.0,22.0,120.0,148.0,0.0,1.1,1
58.0,67.0,99.0,163.0,1.0,2.1,1
60.0,48.0,121.0,139.0,0.0,1.0,1
51.0,61.0,124.0,147.0,0.0,1.0,1
55.0,67.0,129.0,140.0,1.0,0.7,1
42.0,73.0,48.0,185.0,0.0,1.1,0
60.0,43.0,90.0,134.0,0.0,0.3,0
40.0,68.0,129.0,192.0,0.0,0.9,0
49.0,65.0,84.0,159.0,0.0,0.8,0
51.0,48.0,100.0,158.0,1.0,1.0,1
47.0,51.0,107.0,191.0,0.0,1.2,0
42.0,74.0,97.0,188.0,1.0,0.7,0
57.0,71.0,78.0,183.0,0.0,0.8,0
54.0,39.0,74.0,157.0,1.0,0.7,0
53.0,28.0,158.0,154.0,1.0,1.8,1
54.0,45.0,91.0,201.0,0.0,0.8,0
55.0,68.0,144.0,161.0,0.0,2.6,1
48.0,64.0,49.0,180.0,1.0,0.6,0
29.0,23.0,88.0,161.0,1.0,1.5,1
57.0,64.0,112.0,165.0,0.0,0.7,0
29.0,68.0,97.0,199.0,0.0,1.0,0
62.0,71.0,82.0,159.0,0.0,0.8,0
56.0,38.0,96.0,144.0,1.0,1.5,1
40.0,39.0,52.0,202.0,1.0,0.2,0
43.0,68.0,96.0,175.0,0.0,0.1,0
49.0,71.0,121.0,158.0,1.0,1.8,1
64.0,33.0,128.0,132.0,0.0,0.7,1
66.0,76.0,58.0,156.0,0.0,1.7,0
76.0,85.0,84.0,157.0,1.0,2.1,0
63.0,79.0,166.0,178.0,0.0,0.4,0
42.0,55.0,135.0,159.0,1.0,2.4,1
42.0,33.0,124.0,177.0,0.0,1.0,1
78.0,50.0,81.0,150.0,0.0,0.7,0
72.0,60.0,104.0,153.0,0.0,2.6,0
57.0,60.0,126.0,146.0,0.0,1.2,1
74.0,77.0,92.0,160.0,0.0,1.4,0
38.0,43.0,157.0,151.0,0.0,1.8,1
77.0,63.0,113.0,111.0,0.0,3.6,1
60.0,50.0,121.0,161.0,0.0,0.3,0
60.0,69.0,119.0,158.0,1.0,0.2,0
49.0,39.0,87.0,184.0,0.0,1.5,0
34.0,47.0,76.0,171.0,0.0,0.8,0
58.0,67.0,132.0,138.0,0.0,0.8,1
81.0,52.0,115.0,119.0,0.0,1.7,1
50.0,74.0,45.0,207.0,0.0,0.4,0
45.0,50.0,84.0,180.0,0.0,0.2,0
50.0,56.0,138.0,159.0,0.0,1.0,0
55.0,56.0,148.0,166.0,1.0,1.2,1
41.0,65.0,135.0,173.0,0.0,0.1,0
62.0,59.0,128.0,124.0,1.0,0.3,1
44.0,69.0,103.0,154.0,0.0,1.0,0
70.0,61.0,71.0,138.0,1.0,1.1,0
35.0,53.0,110.0,183.0,0.0,0.9,0
66.0,92.0,99.0,139.0,1.0,1.1,1
45.0,46.0,109.0,184.0,0.0,0.5,0
56.0,30.0,136.0,162.0,0.0,0.7,0
58.0,59.0,122.0,167.0,0.0,0.2,0
53.0,74.0,81.0,168.0,0.0,0.3,0
49.0,61.0,94.0,182.0,0.0,2.2,0
69.0,51.0,131.0,139.0,1.0,3.0,1
43.0,55.0,116.0,141.0,1.0,1.4,1
69.0,50.0,123.0,151.0,1.0,4.2,1
24.0,56.0,92.0,206.0,1.0,0.6,0
57.0,41.0,91.0,148.0,0.0,1.2,1
35.0,55.0,84.0,170.0,0.0,1.7,0
53.0,42.0,110.0,183.0,0.0,0.2,0
36.0,58.0,103.0,188.0,0.0,0.8,0
40.0,59.0,35.0,181.0,0.0,1.3,0
41.0,73.0,127.0,180.0,0.0,0.8,0
46.0,39.0,134.0,173.0,1.0,1.9,1
27.0,46.0,112.0,195.0,1.0,1.0,0
57.0,60.0,110.0,168.0,0.0,0.1,0
49.0,75.0,95.0,157.0,0.0,0.8,0
49.0,50.0,82.0,181.0,0.0,0.0,0
57.0,55.0,106.0,166.0,0.0,1.0,0
40.0,52.0,121.0,188.0,0.0,0.1,0
55.0,43.0,101.0,188.0,0.0,0.5,0
57.0,63.0,92.0,163.0,0.0,0.1,0
67.0,52.0,93.0,160.0,0.0,0.2,0
65.0,59.0,47.0,145.0,0.0,0.7,0
50.0,66.0,112.0,184.0,0.0,2.0,0
59.0,55.0,72.0,133.0,1.0,1.3,1
57.0,39.0,123.0,175.0,1.0,0.0,0
56.0,74.0,120.0,160.0,0.0,2.2,1
28.0,47.0,80.0,209.0,0.0,1.2,0
41.0,62.0,82.0,182.0,0.0,0.7,0
56.0,46.0,98.0,156.0,0.0,2.7,0
45.0,60.0,147.0,180.0,0.0,0.4,0
46.0,67.0,121.0,183.0,0.0,0.0,0
44.0,56.0,114.0,157.0,0.0,2.2,1
44.0,65.0,122.0,164.0,0.0,6.5,1
55.0,65.0,65.0,173.0,1.0,0.5,0
72.0,55.0,109.0,102.0,1.0,2.6,1
61.0,39.0,101.0,124.0,0.0,2.8,1
68.0,51.0,123.0,148.0,1.0,0.9,1
39.0,67.0,114.0,183.0,0.0,0.1,0
79.0,37.0,126.0,152.0,0.0,0.9,1
62.0,64.0,118.0,162.0,0.0,0.8,0
39.0,86.0,152.0,194.0,0.0,2.1,0
49.0,70.0,139.0,166.0,1.0,0.3,0
66.0,63.0,150.0,144.0,0.0,1.1,0
47.0,47.0,140.0,186.0,0.0,0.2,0
41.0,36.0,39.0,165.0,1.0,1.2,1
38.0,58.0,110.0,186.0,0.0,0.6,0
52.0,79.0,54.0,173.0,0.0,0.4,0
68.0,54.0,112.0,122.0,0.0,2.3,1
52.0,47.0,139.0,160.0,0.0,0.1,1
49.0,49.0,61.0,178.0,0.0,0.6,0
69.0,44.0,70.0,150.0,0.0,0.3,0
53.0,47.0,132.0,142.0,1.0,0.1,1
57.0,57.0,108.0,160.0,0.0,0.7,1
48.0,74.0,130.0,176.0,0.0,0.1,0
30.0,79.0,53.0,203.0,0.0,0.4,0
59.0,50.0,117.0,159.0,0.0,1.3,0
45.0,58.0,82.0,152.0,0.0,1.0,0
71.0,44.0,123.0,131.0,0.0,3.2,1
38.0,43.0,70.0,187.0,0.0,1.2,0
37.0,58.0,130.0,142.0,1.0,3.1,1
67.0,74.0,107.0,157.0,0.0,0.5,0
62.0,71.0,85.0,169.0,0.0,0.4,0
47.0,63.0,92.0,172.0,0.0,0.4,0
45.0,50.0,87.0,174.0,0.0,0.1,0
44.0,38.0,116.0,179.0,0.0,0.3,0
63.0,47.0,134.0,173.0,0.0,0.5,0
59.0,56.0,102.0,141.0,0.0,1.4,0
69.0,60.0,101.0,115.0,0.0,0.2,1
53.0,54.0,93.0,137.0,0.0,1.3,1
50.0,55.0,89.0,154.0,0.0,0.1,1
43.0,48.0,103.0,210.0,0.0,2.4,0
46.0,46.0,96.0,208.0,0.0,0.2,0
57.0,55.0,75.0,180.0,1.0,0.1,0
40.0,29.0,112.0,166.0,1.0,1.4,1
40.0,55.0,137.0,170.0,0.0,1.3,0
57.0,55.0,118.0,160.0,1.0,3.0,1
51.0,63.0,143.0,166.0,0.0,0.4,0
49.0,67.0,112.0,181.0,1.0,0.3,0
47.0,42.0,81.0,178.0,0.0,0.2,0
42.0,46.0,120.0,168.0,1.0,1.2,1
49.0,65.0,71.0,182.0,0.0,0.6,0
49.0,62.0,91.0,165.0,0.0,1.9,0
67.0,70.0,106.0,145.0,0.0,1.4,0
62.0,60.0,97.0,156.0,0.0,0.9,0
44.0,33.0,105.0,177.0,0.0,0.6,0
43.0,63.0,124.0,154.0,0.0,1.2,0
57.0,40.0,61.0,166.0,0.0,0.0,0
53.0,47.0,132.0,158.0,1.0,2.9,1
70.0,64.0,117.0,119.0,0.0,0.6,1
40.0,45.0,65.0,199.0,0.0,0.4,0
58.0,54.0,101.0,173.0,0.0,1.0,0
38.0,49.0,86.0,185.0,0.0,1.5,0
62.0,48.0,77.0,128.0,0.0,0.6,1
57.0,42.0,117.0,158.0,0.0,0.4,1
64.0,66.0,101.0,173.0,0.0,0.4,0
54.0,40.0,125.0,162.0,0.0,1.5,1
62.0,56.0,104.0,170.0,0.0,1.7,0
56.0,39.0,106.0,154.0,1.0,6.5,1
54.0,61.0,114.0,157.0,0.0,0.7,0
71.0,56.0,89.0,150.0,1.0,0.9,1
70.0,51.0,76.0,175.0,0.0,0.8,0
71.0,66.0,106.0,144.0,0.0,0.5,0
62.0,59.0,98.0,165.0,0.0,0.2,0
51.0,58.0,74.0,162.0,0.0,0.4,1
44.0,71.0,122.0,162.0,0.0,0.2,0
51.0,51.0,93.0,179.0,0.0,0.0,0
41.0,78.0,63.0,196.0,1.0,0.1,0
45.0,56.0,112.0,167.0,1.0,0.8,1
55.0,41.0,121.0,169.0,1.0,0.9,0
53.0,46.0,166.0,154.0,0.0,0.0,1
55.0,50.0,103.0,158.0,0.0,2.0,1
57.0,48.0,81.0,165.0,0.0,0.5,0
72.0,53.0,133.0,144.0,1.0,3.1,1
52.0,46.0,77.0,130.0,1.0,0.5,1
34.0,48.0,49.0,188.0,0.0,1.4,0
58.0,70.0,45.0,158.0,0.0,0.2,0
61.0,59.0,108.0,144.0,0.0,1.9,1
62.0,73.0,119.0,148.0,1.0,2.7,0
86.0,63.0,137.0,140.0,1.0,0.5,1
36.0,68.0,82.0,210.0,0.0,1.1,0
44.0,54.0,139.0,158.0,0.0,1.2,0
57.0,66.0,113.0,156.0,0.0,1.9,0
61.0,68.0,135.0,154.0,0.0,0.8,1
63.0,64.0,117.0,148.0,0.0,0.5,0
