age,hdl,ldl,max_heart_rate_achieved,exercise_induced_angina,st_depression
-2.0837962455600474,0.14192766537338172,-0.5970883565478255,1.5101150746730443,-0.5497496100492676,0.30077162469150504
-0.2329895695757338,-0.4243000188519351,0.023700543546917665,-0.6542030570065789,-0.5497496100492676,-0.7453905481485121
1.000881547747142,-0.019851672976708788,-0.6336053506710457,-0.1836991153370956,-0.5497496100492676,-0.7453905481485121
1.000881547747142,1.517052041349151,0.13325152591657824,-0.37190069200488896,-0.5497496100492676,-0.5361581135805088
0.8466476580817824,-0.10074134215175404,-0.26843540943884386,-0.9835558161752173,-0.5497496100492676,-0.850006765432514
0.3068290442530243,0.7890450187737438,-0.3414693976852842,-0.37190069200488896,-0.5497496100492676,-0.5361581135805088
1.0779984925798216,0.30370700372347226,-1.5100132096283303,0.14565364383154272,1.8190099305579894,-0.4315418962965071
-0.15587262474305405,1.19349336464897,-1.4734962155051101,1.4160142863391476,-0.5497496100492676,-0.6407743308645104
-0.9270420730698514,-0.1816310113267993,1.8495502497079273,1.7924174396747343,-0.5497496100492676,-0.7453905481485121
0.15259515458766487,0.3845966728985175,1.5208973025989454,-1.4540597578447005,-0.5497496100492676,1.7653986666675292
-0.5414573489064527,0.546376011248608,-0.7796733271639266,-0.1836991153370956,-0.5497496100492676,0.6146202765435103
1.0779984925798216,0.6272656804236533,0.2428025082862388,0.19270403799849103,-0.5497496100492676,-0.6407743308645104
-0.6185742937391324,-1.2331967106023876,-0.8161903212871467,0.757308768001871,-0.5497496100492676,-0.7453905481485121
-0.07875567991037433,2.2450590639245585,0.09673453179335804,-0.7012534511735272,-0.5497496100492676,-0.7453905481485121
-0.07875567991037433,0.9508243571238343,-1.2909112448890092,-0.2777999036709923,1.8190099305579894,-0.850006765432514
-0.15587262474305405,-1.7994243948277044,-1.3639452331354496,0.4279560088332327,-0.5497496100492676,-0.013077027160500168
1.5407001615759,-0.9096380339022067,-1.0718092801496881,-1.7834125170133388,-0.5497496100492676,3.753106795063561
0.15259515458766487,0.7081553495986985,-0.19540142119240347,1.039611133003561,-0.5497496100492676,-1.0592392000005173
0.07547820975498513,0.30370700372347226,2.39730516155623,-0.9835558161752173,1.8190099305579894,-0.5361581135805088
1.000881547747142,0.3845966728985175,1.630448284968606,-0.4660014803387856,-0.5497496100492676,-0.5361581135805088
0.7695307132491027,2.2450590639245585,-0.012816450576302527,-0.5601022686726822,1.8190099305579894,-0.7453905481485121
0.38394598908570404,0.546376011248608,1.0096593848738629,0.757308768001871,-0.5497496100492676,0.30077162469150504
-0.7728081834044919,1.0317140262988795,-0.487537374178165,1.321913498005251,-0.5497496100492676,0.5100040592595084
0.38394598908570404,-0.3434103496768898,-0.6701223447942659,-1.0306062103421656,-0.5497496100492676,-0.32692567901250535
-1.004159017902531,-0.8287483647271614,0.16976852003979842,-0.08959832700319895,-0.5497496100492676,-0.7453905481485121
-1.31262679723325,-0.9905277030772519,0.16976852003979842,1.6983166513408376,-0.5497496100492676,-0.9546229827165156
0.15259515458766487,0.22281733454842698,-1.5465302037515505,1.321913498005251,1.8190099305579894,-0.6407743308645104
-2.0066793007273676,-0.26252068050184457,-1.43697922138189,1.5571654688399927,-0.5497496100492676,0.19615540740750323
1.309349327077861,-1.7185347256526593,1.1557273613667436,-1.8775133053472355,1.8190099305579894,2.1838635358035363
1.232232382245181,-1.4758657181275234,-1.0718092801496881,-0.9835558161752173,-0.5497496100492676,-0.6407743308645104
-0.6956912385718121,-1.637645056477614,0.42538747890233974,0.09860324966459438,1.8190099305579894,1.1377013629635189
0.8466476580817824,-1.394976048952478,1.1922443554899638,-0.9835558161752173,-0.5497496100492676,-0.850006765432514
0.2297120994203446,-0.6669690263770709,-0.7066393389174862,-0.08959832700319895,-0.5497496100492676,-0.7453905481485121
-0.07875567991037433,-0.3434103496768898,0.20628551416301863,0.6632079796679744,-0.5497496100492676,-0.7453905481485121
1.6949340512412594,0.46548634207356276,0.7540404260113215,-0.3248502978379406,-0.5497496100492676,1.033085145679517
-0.9270420730698514,0.14192766537338172,-1.656081186121211,0.757308768001871,-0.5497496100492676,0.6146202765435103
-1.004159017902531,-0.019851672976708788,0.20628551416301863,-0.7953542395074239,1.8190099305579894,2.079247318519534
-0.6185742937391324,-0.1816310113267993,-1.1813602625193487,0.8514095563357676,-0.5497496100492676,-0.013077027160500168
-1.1583929075678905,0.22281733454842698,-0.1588844270691833,0.47500640300018104,-0.5497496100492676,-0.7453905481485121
-0.5414573489064527,1.112603695473925,-1.1813602625193487,0.4279560088332327,-0.5497496100492676,0.09153919012350165
-0.8499251282371717,0.6272656804236533,-0.9622582977800275,0.05155285549764605,-0.5497496100492676,-0.11769324444450185
0.692413768416423,-1.2331967106023876,1.1192103672435234,-1.2658581811769072,-0.5497496100492676,0.7192364938275118
-1.31262679723325,0.546376011248608,-0.8892243095335871,0.23975443216543937,-0.5497496100492676,-0.9546229827165156
0.2297120994203446,1.6788313796992416,-1.4004622272586698,0.38090561466628436,-0.5497496100492676,-0.7453905481485121
0.8466476580817824,0.7890450187737438,-0.3414693976852842,-0.37190069200488896,-0.5497496100492676,0.7192364938275118
-0.46434040407377297,0.7890450187737438,0.6079724495184408,0.05155285549764605,1.8190099305579894,-0.7453905481485121
1.5407001615759,-2.2038727407029306,-0.5605713624246054,-1.2658581811769072,-0.5497496100492676,-0.7453905481485121
-0.6956912385718121,1.0317140262988795,-0.012816450576302527,1.2278127096713543,-0.5497496100492676,-0.32692567901250535
-0.07875567991037433,0.30370700372347226,-1.0718092801496881,0.47500640300018104,1.8190099305579894,1.3469337975315219
1.6178171064085798,-0.019851672976708788,1.776516261461487,-1.924563699514184,1.8190099305579894,0.19615540740750323
1.7720509960739392,0.22281733454842698,-0.5970883565478255,-0.8894550278413206,1.8190099305579894,-0.22230946172850355
-0.2329895695757338,0.7890450187737438,-0.012816450576302527,0.9925607388366127,-0.5497496100492676,-0.6407743308645104
-0.2329895695757338,-0.10074134215175404,0.3523534906558994,1.180762315504406,-0.5497496100492676,-0.5361581135805088
-0.2329895695757338,-1.071417372252297,0.7540404260113215,-0.7953542395074239,1.8190099305579894,3.753106795063561
0.46106293391838377,-0.019851672976708788,1.0826933731203032,-0.5601022686726822,1.8190099305579894,-0.5361581135805088
0.2297120994203446,-1.2331967106023876,0.5349384612720003,0.2868048263323877,-0.5497496100492676,-0.9546229827165156
-1.3897437420659298,0.14192766537338172,-0.0858504388227429,1.2748631038383027,1.8190099305579894,0.19615540740750323
0.9237646029144622,-0.3434103496768898,0.16976852003979842,-0.6542030570065789,-0.5497496100492676,-0.11769324444450185
0.6152968235837433,-2.1229830715278855,-0.8527073154103669,-0.13664872117014729,-0.5497496100492676,0.30077162469150504
-2.1609131903927272,-0.10074134215175404,0.060217537670137856,2.074719804676424,-0.5497496100492676,0.7192364938275118
0.6152968235837433,-0.9096380339022067,0.9366253966274224,-1.3129085753438556,-0.5497496100492676,1.6607824493835275
-2.1609131903927272,1.6788313796992416,-1.0718092801496881,2.027669410509476,-0.5497496100492676,-0.5361581135805088
-0.0016387350776945978,0.869934687948789,-1.254394250765789,0.333855220499336,-0.5497496100492676,-0.850006765432514
-0.15587262474305405,0.06103799619833647,1.228761349613184,-0.7012534511735272,-0.5497496100492676,1.033085145679517
2.4661034995680566,0.6272656804236533,1.228761349613184,-1.1717573928430105,1.8190099305579894,-0.5361581135805088
-0.3101065144084135,-1.7185347256526593,-1.6925981802444312,0.333855220499336,-0.5497496100492676,-0.4315418962965071
-2.3151470800580864,2.4877280714496943,-1.6925981802444312,1.9335686221755792,-0.5497496100492676,-0.11769324444450185
-0.8499251282371717,1.517052041349151,-0.1588844270691833,0.5691071913340777,-0.5497496100492676,0.7192364938275118
0.07547820975498513,-0.4243000188519351,-0.30495240356206404,0.8043591621688193,-0.5497496100492676,0.19615540740750323
0.15259515458766487,-0.1816310113267993,0.5349384612720003,0.19270403799849103,-0.5497496100492676,-0.5361581135805088
0.7695307132491027,1.2743830338240154,-0.0858504388227429,-1.0776566045091138,-0.5497496100492676,-0.22230946172850355
0.07547820975498513,0.06103799619833647,-1.1448432683961285,-0.7012534511735272,-0.5497496100492676,1.9746311012355324
1.1551154374125014,1.517052041349151,-0.26843540943884386,-0.5601022686726822,-0.5497496100492676,0.19615540740750323
-1.004159017902531,0.46548634207356276,0.4619044730255599,2.027669410509476,-0.5497496100492676,-1.0592392000005173
-1.0812759627352109,0.7890450187737438,-0.9987752919032477,-0.513051874505734,-0.5497496100492676,-0.5361581135805088
-1.4668606868986096,1.19349336464897,-1.1448432683961285,1.2278127096713543,-0.5497496100492676,-1.0592392000005173
-0.0016387350776945978,-1.8803140640027498,0.42538747890233974,-0.6071526628396305,1.8190099305579894,-0.6407743308645104
-0.46434040407377297,-0.9096380339022067,0.4619044730255599,-0.8894550278413206,1.8190099305579894,0.9284689283955152
1.0779984925798216,1.2743830338240154,-0.487537374178165,-0.37190069200488896,-0.5497496100492676,-0.4315418962965071
0.9237646029144622,-1.7185347256526593,-0.30495240356206404,0.757308768001871,1.8190099305579894,-0.4315418962965071
-0.6185742937391324,-0.8287483647271614,-1.7291151743676514,0.19270403799849103,-0.5497496100492676,-0.11769324444450185
-0.07875567991037433,-0.4243000188519351,0.38887048477911956,0.9455103446696643,-0.5497496100492676,0.09153919012350165
-0.15587262474305405,0.22281733454842698,-0.1223674329459631,-0.6071526628396305,-0.5497496100492676,-0.013077027160500168
-1.004159017902531,1.5979417105241964,-0.3779863918085044,1.2748631038383027,-0.5497496100492676,-0.4315418962965071
0.3068290442530243,-0.5860793572020256,-0.0858504388227429,0.004502461330697721,-0.5497496100492676,-0.013077027160500168
0.3068290442530243,0.869934687948789,0.060217537670137856,-0.513051874505734,-0.5497496100492676,0.5100040592595084
0.8466476580817824,-0.019851672976708788,0.2428025082862388,-0.3248502978379406,-0.5497496100492676,-0.11769324444450185
0.7695307132491027,0.6272656804236533,0.2428025082862388,-0.41895108617183724,-0.5497496100492676,0.09153919012350165
0.7695307132491027,0.22281733454842698,0.023700543546917665,-0.4660014803387856,-0.5497496100492676,0.09153919012350165
-0.6956912385718121,-0.3434103496768898,-1.2178772566425689,0.898459950502716,-0.5497496100492676,-0.7453905481485121
1.000881547747142,0.869934687948789,-0.049333444699522715,-0.513051874505734,-0.5497496100492676,-0.32692567901250535
-0.6956912385718121,-0.4243000188519351,-0.012816450576302527,0.757308768001871,-0.5497496100492676,-0.22230946172850355
1.7720509960739392,-1.7185347256526593,0.7905574201345417,-1.2658581811769072,1.8190099305579894,2.079247318519534
0.5381798787510635,-2.0420934023528403,-1.254394250765789,-0.1836991153370956,-0.5497496100492676,-0.4315418962965071
0.692413768416423,-0.8287483647271614,0.20628551416301863,0.7102583738349227,-0.5497496100492676,-0.6407743308645104
-1.0812759627352109,1.19349336464897,-1.2909112448890092,0.004502461330697721,-0.5497496100492676,-0.5361581135805088
-0.15587262474305405,0.7890450187737438,1.1192103672435234,0.19270403799849103,-0.5497496100492676,-0.6407743308645104
-0.6185742937391324,0.3845966728985175,-1.4004622272586698,0.23975443216543937,-0.5497496100492676,0.19615540740750323
-0.6956912385718121,-0.5051896880269804,0.6079724495184408,0.6161575855010261,-0.5497496100492676,-0.22230946172850355
-0.2329895695757338,0.546376011248608,0.6444894436416609,-1.0776566045091138,1.8190099305579894,1.1377013629635189
-0.46434040407377297,1.5979417105241964,-1.2909112448890092,0.05155285549764605,-0.5497496100492676,-0.6407743308645104
0.15259515458766487,0.46548634207356276,0.3158364965326792,-0.7012534511735272,1.8190099305579894,-0.22230946172850355
2.7745712788987755,-1.7994243948277044,-0.19540142119240347,-2.5832692178514605,1.8190099305579894,1.033085145679517
0.9237646029144622,1.0317140262988795,2.2147201909401293,-0.4660014803387856,1.8190099305579894,-0.6407743308645104
1.7720509960739392,-0.9905277030772519,0.7175234318881013,-1.8775133053472355,-0.5497496100492676,-0.013077027160500168
-0.2329895695757338,0.869934687948789,0.279319502409459,0.5220567971671294,-0.5497496100492676,-0.4315418962965071
-0.46434040407377297,-0.7478586955521161,-0.1588844270691833,0.6632079796679744,-0.5497496100492676,-0.013077027160500168
-0.7728081834044919,-2.3656520790530213,1.3017953378596243,-0.5601022686726822,1.8190099305579894,-0.32692567901250535
-2.2380301352254066,-0.3434103496768898,-0.5970883565478255,1.5571654688399927,-0.5497496100492676,-0.9546229827165156
0.7695307132491027,-0.7478586955521161,-0.3779863918085044,0.9925607388366127,-0.5497496100492676,-0.850006765432514
-0.6956912385718121,-0.4243000188519351,-0.049333444699522715,0.9455103446696643,-0.5497496100492676,-0.4315418962965071
0.15259515458766487,1.517052041349151,1.228761349613184,0.333855220499336,-0.5497496100492676,-0.5361581135805088
1.232232382245181,-0.10074134215175404,-0.5240543683013852,-0.4660014803387856,-0.5497496100492676,-0.9546229827165156
-1.004159017902531,-0.8287483647271614,-1.4004622272586698,0.4279560088332327,-0.5497496100492676,-0.5361581135805088
0.07547820975498513,1.759721048874287,-0.3779863918085044,-0.13664872117014729,-0.5497496100492676,0.5100040592595084
0.6152968235837433,-0.019851672976708788,-1.3274282390122294,-0.3248502978379406,-0.5497496100492676,-0.7453905481485121
0.692413768416423,-0.4243000188519351,2.032135220324028,-1.0306062103421656,-0.5497496100492676,0.8238527111115136
0.7695307132491027,-0.10074134215175404,0.4619044730255599,-1.5481605461785972,-0.5497496100492676,0.6146202765435103
0.2297120994203446,-0.5051896880269804,2.1051692085704685,-0.23074950950404394,-0.5497496100492676,-0.850006765432514
0.7695307132491027,0.14192766537338172,-1.5100132096283303,-0.23074950950404394,-0.5497496100492676,0.19615540740750323
1.232232382245181,0.546376011248608,0.3523534906558994,-1.5011101520116488,-0.5497496100492676,-0.5361581135805088
-0.8499251282371717,0.7081553495986985,-0.7796733271639266,0.14565364383154272,-0.5497496100492676,0.30077162469150504
-0.15587262474305405,-0.3434103496768898,2.178203196816909,-0.6542030570065789,-0.5497496100492676,-0.32692567901250535
1.000881547747142,-1.637645056477614,-0.0858504388227429,-1.642261334512494,-0.5497496100492676,0.19615540740750323
-1.0812759627352109,0.9508243571238343,-0.487537374178165,-0.04254793283625061,-0.5497496100492676,-0.5361581135805088
-0.3101065144084135,-0.9905277030772519,-1.3274282390122294,-0.6542030570065789,1.8190099305579894,-0.22230946172850355
1.309349327077861,-0.1816310113267993,0.13325152591657824,-0.7953542395074239,1.8190099305579894,1.6607824493835275
0.07547820975498513,1.0317140262988795,-0.26843540943884386,1.2278127096713543,1.8190099305579894,-0.4315418962965071
-0.38722345924109325,-0.4243000188519351,-0.8892243095335871,0.9925607388366127,-0.5497496100492676,-0.4315418962965071
-0.8499251282371717,-0.5860793572020256,0.7905574201345417,0.6632079796679744,-0.5497496100492676,0.8238527111115136
-0.9270420730698514,-2.6892107557532023,1.1922443554899638,0.09860324966459438,-0.5497496100492676,2.6023284049395423
-1.4668606868986096,1.0317140262988795,1.1922443554899638,1.6983166513408376,-0.5497496100492676,0.19615540740750323
0.07547820975498513,0.30370700372347226,0.060217537670137856,0.09860324966459438,-0.5497496100492676,1.2423175802475206
0.15259515458766487,-0.6669690263770709,1.5208973025989454,-0.2777999036709923,-0.5497496100492676,0.6146202765435103
1.000881547747142,1.19349336464897,0.09673453179335804,-0.9365054220082689,-0.5497496100492676,0.4053878419755066
1.3864662719105405,0.7081553495986985,-1.4734962155051101,-0.6071526628396305,-0.5497496100492676,-0.9546229827165156
-0.46434040407377297,0.546376011248608,-2.057768121476633,0.14565364383154272,-0.5497496100492676,-0.5361581135805088
-0.0016387350776945978,-1.961203733177795,-1.5100132096283303,0.2868048263323877,-0.5497496100492676,-0.013077027160500168
0.07547820975498513,0.869934687948789,0.20628551416301863,-1.642261334512494,1.8190099305579894,-0.013077027160500168
0.07547820975498513,1.112603695473925,-1.1083262742729083,-0.1836991153370956,-0.5497496100492676,1.8700148839515305
0.3068290442530243,0.6272656804236533,0.7905574201345417,0.004502461330697721,1.8190099305579894,0.19615540740750323
-1.4668606868986096,-0.7478586955521161,0.7540404260113215,0.757308768001871,-0.5497496100492676,0.09153919012350165
0.46106293391838377,0.7081553495986985,-2.3133870803391745,-0.23074950950404394,-0.5497496100492676,0.09153919012350165
-2.2380301352254066,-0.019851672976708788,-0.7066393389174862,1.886518228008631,-0.5497496100492676,-0.9546229827165156
-0.0016387350776945978,0.869934687948789,-0.19540142119240347,0.9455103446696643,-0.5497496100492676,0.5100040592595084
0.46106293391838377,1.436162372174106,0.20628551416301863,-1.642261334512494,-0.5497496100492676,-0.6407743308645104
-0.07875567991037433,-0.9096380339022067,-0.487537374178165,0.6632079796679744,-0.5497496100492676,-0.11769324444450185
1.1551154374125014,-0.10074134215175404,0.7540404260113215,-1.0306062103421656,1.8190099305579894,-0.9546229827165156
1.5407001615759,1.19349336464897,2.762475102788432,-2.2068660645158737,1.8190099305579894,-0.22230946172850355
-0.15587262474305405,0.22281733454842698,-0.41450338593172464,0.6161575855010261,-0.5497496100492676,0.09153919012350165
-1.1583929075678905,-0.4243000188519351,0.49842146714878016,1.7453670455077859,-0.5497496100492676,-0.7453905481485121
-1.4668606868986096,2.2450590639245585,1.228761349613184,1.7453670455077859,-0.5497496100492676,-0.9546229827165156
0.07547820975498513,1.759721048874287,1.3383123319828445,0.4279560088332327,-0.5497496100492676,-0.6407743308645104
-0.46434040407377297,0.30370700372347226,0.060217537670137856,0.5220567971671294,-0.5497496100492676,-0.5361581135805088
0.692413768416423,0.9508243571238343,-1.0718092801496881,-0.23074950950404394,-0.5497496100492676,-0.7453905481485121
-0.6956912385718121,0.22281733454842698,0.09673453179335804,1.180762315504406,-0.5497496100492676,0.4053878419755066
0.15259515458766487,-0.8287483647271614,-1.5100132096283303,0.6632079796679744,-0.5497496100492676,-0.850006765432514
0.38394598908570404,0.30370700372347226,-0.3414693976852842,-0.1836991153370956,-0.5497496100492676,0.6146202765435103
1.309349327077861,-1.1523070414273424,0.6444894436416609,-1.218807787009959,1.8190099305579894,2.1838635358035363
0.7695307132491027,-0.9096380339022067,1.5208973025989454,-0.5601022686726822,-0.5497496100492676,-0.7453905481485121
-1.2355098524005703,1.19349336464897,-0.1588844270691833,1.604215863006941,-0.5497496100492676,-0.5361581135805088
-0.8499251282371717,-1.4758657181275234,-0.23191841531562368,0.9455103446696643,-0.5497496100492676,2.079247318519534
0.9237646029144622,0.6272656804236533,1.7034822732150465,-0.9835558161752173,-0.5497496100492676,0.09153919012350165
-0.46434040407377297,-0.5051896880269804,0.20628551416301863,-1.3599589695108039,-0.5497496100492676,0.6146202765435103
2.3118696099026974,-1.8803140640027498,-0.1223674329459631,-0.3248502978379406,-0.5497496100492676,-0.11769324444450185
-0.38722345924109325,0.3845966728985175,1.4113463202292849,0.9455103446696643,1.8190099305579894,0.09153919012350165
-1.2355098524005703,-1.1523070414273424,1.9591012320775878,0.47500640300018104,-0.5497496100492676,-0.32692567901250535
-1.6982115213966487,-0.1816310113267993,-0.8892243095335871,0.8514095563357676,-0.5497496100492676,-0.6407743308645104
1.1551154374125014,0.46548634207356276,1.8860672438311474,-1.4070093636777523,-0.5497496100492676,0.19615540740750323
-0.6185742937391324,1.759721048874287,-0.5970883565478255,-0.6071526628396305,-0.5497496100492676,-0.9546229827165156
0.2297120994203446,-0.10074134215175404,-0.6701223447942659,-1.5481605461785972,1.8190099305579894,-0.7453905481485121
2.6203373892334163,0.22281733454842698,0.6079724495184408,-3.100823553687892,-0.5497496100492676,-0.11769324444450185
0.3068290442530243,0.30370700372347226,-0.6701223447942659,0.23975443216543937,-0.5497496100492676,-0.850006765432514
-0.7728081834044919,0.14192766537338172,-0.7066393389174862,1.2278127096713543,-0.5497496100492676,-0.5361581135805088
-1.004159017902531,0.30370700372347226,-1.1813602625193487,0.6632079796679744,-0.5497496100492676,-0.9546229827165156
-1.1583929075678905,-1.961203733177795,1.630448284968606,-0.6542030570065789,1.8190099305579894,-0.9546229827165156
-2.3151470800580864,0.7890450187737438,0.7175234318881013,0.7102583738349227,1.8190099305579894,-0.6407743308645104
0.07547820975498513,0.14192766537338172,0.9366253966274224,0.47500640300018104,-0.5497496100492676,-0.6407743308645104
-0.3101065144084135,0.14192766537338172,-0.6701223447942659,0.6632079796679744,-0.5497496100492676,0.09153919012350165
-0.3101065144084135,0.9508243571238343,-1.802149162614092,-0.5601022686726822,1.8190099305579894,-0.6407743308645104
0.46106293391838377,-0.4243000188519351,-1.254394250765789,0.5691071913340777,-0.5497496100492676,-0.850006765432514
0.15259515458766487,2.1641693947495133,1.776516261461487,0.05155285549764605,-0.5497496100492676,0.4053878419755066
-1.6982115213966487,-0.26252068050184457,-1.4004622272586698,1.9806190163425277,-0.5497496100492676,0.4053878419755066
-0.38722345924109325,0.7081553495986985,0.20628551416301863,0.9925607388366127,-0.5497496100492676,1.2423175802475206
-1.0812759627352109,2.406838402274649,-0.3414693976852842,1.4160142863391476,-0.5497496100492676,-0.850006765432514
-1.929562355894688,-0.10074134215175404,0.023700543546917665,1.2748631038383027,1.8190099305579894,-0.013077027160500168
-0.8499251282371717,2.2450590639245585,-0.012816450576302527,0.5220567971671294,-0.5497496100492676,-0.9546229827165156
-0.2329895695757338,0.546376011248608,-0.1223674329459631,0.38090561466628436,-0.5497496100492676,-0.9546229827165156
0.15259515458766487,1.436162372174106,-1.3639452331354496,0.05155285549764605,-0.5497496100492676,-0.013077027160500168
0.8466476580817824,-0.5051896880269804,0.6444894436416609,-1.1247069986760623,1.8190099305579894,4.066955446915567
1.309349327077861,-0.019851672976708788,1.4843803084757252,-1.4070093636777523,-0.5497496100492676,-0.6407743308645104
-0.6185742937391324,0.22281733454842698,-0.30495240356206404,-0.08959832700319895,-0.5497496100492676,-0.32692567901250535
0.8466476580817824,-0.6669690263770709,-0.5240543683013852,-0.23074950950404394,-0.5497496100492676,-0.4315418962965071
1.000881547747142,-1.8803140640027498,1.2652783437364041,-1.3599589695108039,1.8190099305579894,2.2884797530875374
-0.0016387350776945978,-1.071417372252297,-0.5605713624246054,0.8514095563357676,-0.5497496100492676,-0.22230946172850355
0.46106293391838377,-1.1523070414273424,0.6444894436416609,-0.5601022686726822,-0.5497496100492676,1.2423175802475206
-0.3101065144084135,0.6272656804236533,0.7540404260113215,0.8043591621688193,-0.5497496100492676,1.1377013629635189
0.6152968235837433,0.14192766537338172,-0.8161903212871467,-1.1247069986760623,-0.5497496100492676,-0.013077027160500168
1.5407001615759,-0.10074134215175404,1.6669652790918263,-2.395067641183667,-0.5497496100492676,1.6607824493835275
0.8466476580817824,-0.6669690263770709,-0.23191841531562368,-1.3599589695108039,1.8190099305579894,3.753106795063561
-0.6956912385718121,-0.019851672976708788,0.38887048477911956,0.6632079796679744,-0.5497496100492676,-0.7453905481485121
-2.0837962455600474,0.30370700372347226,-0.5240543683013852,2.027669410509476,-0.5497496100492676,0.6146202765435103
1.3864662719105405,1.5979417105241964,1.1557273613667436,-0.513051874505734,-0.5497496100492676,0.19615540740750323
1.0779984925798216,0.869934687948789,-0.5605713624246054,-0.2777999036709923,-0.5497496100492676,1.7653986666675292
0.8466476580817824,0.9508243571238343,0.6810064377648811,0.23975443216543937,-0.5497496100492676,-0.850006765432514
-0.6956912385718121,0.3845966728985175,1.5939312908453858,0.7102583738349227,-0.5497496100492676,-0.6407743308645104
-0.3101065144084135,0.3845966728985175,-0.3779863918085044,0.757308768001871,-0.5497496100492676,-0.4315418962965071
-0.9270420730698514,-0.4243000188519351,-0.30495240356206404,1.1337119213374576,-0.5497496100492676,-0.7453905481485121
0.46106293391838377,1.3552727029990606,-0.26843540943884386,-1.642261334512494,1.8190099305579894,1.5561662320995255
-0.9270420730698514,-0.5051896880269804,-0.7066393389174862,0.2868048263323877,-0.5497496100492676,0.30077162469150504
0.8466476580817824,0.46548634207356276,1.776516261461487,-0.4660014803387856,1.8190099305579894,-0.5361581135805088
-0.38722345924109325,0.9508243571238343,-2.4959720509552756,0.8514095563357676,1.8190099305579894,0.7192364938275118
0.2297120994203446,-1.8803140640027498,-0.41450338593172464,0.19270403799849103,1.8190099305579894,1.4515500148155238
-1.7753284662293285,-2.1229830715278855,-0.1588844270691833,0.9455103446696643,-0.5497496100492676,0.4053878419755066
-0.15587262474305405,0.546376011248608,-0.41450338593172464,0.757308768001871,-0.5497496100492676,0.5100040592595084
-0.38722345924109325,0.06103799619833647,-0.049333444699522715,0.5691071913340777,-0.5497496100492676,0.5100040592595084
-0.7728081834044919,0.3845966728985175,0.9366253966274224,-0.08959832700319895,-0.5497496100492676,-0.850006765432514
1.3864662719105405,-0.1816310113267993,1.0826933731203032,-0.9835558161752173,1.8190099305579894,2.1838635358035363
-0.6185742937391324,0.30370700372347226,-0.8161903212871467,-0.37190069200488896,-0.5497496100492676,1.1377013629635189
0.7695307132491027,-1.2331967106023876,-0.1588844270691833,-1.2658581811769072,1.8190099305579894,1.5561662320995255
-0.9270420730698514,0.7890450187737438,0.6444894436416609,1.039611133003561,-0.5497496100492676,-0.850006765432514
-0.6185742937391324,0.22281733454842698,0.09673453179335804,-0.2777999036709923,-0.5497496100492676,-0.5361581135805088
1.7720509960739392,-0.8287483647271614,0.6810064377648811,-1.642261334512494,-0.5497496100492676,2.9161770567915473
0.2297120994203446,0.7890450187737438,-1.8751831508605323,0.8514095563357676,-0.5497496100492676,-0.11769324444450185
1.849167940906619,-0.5051896880269804,0.7175234318881013,-2.065714882015029,1.8190099305579894,0.4053878419755066
-0.8499251282371717,0.7081553495986985,-0.26843540943884386,0.8043591621688193,-0.5497496100492676,0.19615540740750323
0.38394598908570404,0.14192766537338172,0.2428025082862388,-0.08959832700319895,-0.5497496100492676,-0.9546229827165156
1.3864662719105405,0.546376011248608,-2.057768121476633,-0.7483038453404756,-0.5497496100492676,-0.11769324444450185
-0.15587262474305405,-0.9905277030772519,-1.43697922138189,-1.218807787009959,-0.5497496100492676,3.125409491359551
0.8466476580817824,1.0317140262988795,0.7905574201345417,-1.4070093636777523,1.8190099305579894,-0.5361581135805088
1.232232382245181,-0.4243000188519351,-1.5830471978747707,-0.6542030570065789,-0.5497496100492676,-0.6407743308645104
-0.6185742937391324,1.19349336464897,0.9366253966274224,0.5691071913340777,1.8190099305579894,0.30077162469150504
-1.0812759627352109,1.19349336464897,0.023700543546917665,0.14565364383154272,-0.5497496100492676,-0.9546229827165156
-2.0066793007273676,-0.4243000188519351,-0.7431563330407064,-0.41895108617183724,-0.5497496100492676,-0.32692567901250535
-0.0016387350776945978,-3.0127694324533834,0.7175234318881013,-1.5011101520116488,1.8190099305579894,-0.22230946172850355
-1.7753284662293285,0.22281733454842698,-0.19540142119240347,1.5101150746730443,-0.5497496100492676,-0.6407743308645104
0.15259515458766487,1.5979417105241964,1.4843803084757252,0.333855220499336,1.8190099305579894,-0.850006765432514
0.5381798787510635,-0.10074134215175404,0.3523534906558994,-0.7483038453404756,-0.5497496100492676,0.5100040592595084
2.3889865547353772,0.22281733454842698,0.38887048477911956,-2.2068660645158737,1.8190099305579894,0.7192364938275118
1.5407001615759,0.30370700372347226,1.3748293261060647,-0.6542030570065789,-0.5497496100492676,0.09153919012350165
0.692413768416423,-0.019851672976708788,0.279319502409459,-0.04254793283625061,-0.5497496100492676,0.09153919012350165
-0.07875567991037433,-0.10074134215175404,-1.1083262742729083,-0.9835558161752173,1.8190099305579894,0.30077162469150504
-0.15587262474305405,-0.019851672976708788,-0.5605713624246054,-0.1836991153370956,1.8190099305579894,0.19615540740750323
0.46106293391838377,0.7890450187737438,-0.7431563330407064,0.4279560088332327,-0.5497496100492676,0.19615540740750323
0.9237646029144622,-0.019851672976708788,-1.1813602625193487,-0.9835558161752173,-0.5497496100492676,0.19615540740750323
-0.8499251282371717,1.436162372174106,-1.802149162614092,1.180762315504406,-0.5497496100492676,-0.6407743308645104
0.3068290442530243,0.46548634207356276,-0.012816450576302527,-0.7012534511735272,-0.5497496100492676,-0.5361581135805088
0.46106293391838377,-1.314086379777433,0.20628551416301863,-0.6071526628396305,-0.5497496100492676,-0.850006765432514
2.1576357202373377,-0.019851672976708788,0.16976852003979842,-2.1127652761819773,1.8190099305579894,-0.32692567901250535
0.9237646029144622,1.5979417105241964,0.7540404260113215,-0.7483038453404756,-0.5497496100492676,-0.9546229827165156
0.692413768416423,-0.7478586955521161,1.813033255584707,-1.7834125170133388,-0.5497496100492676,1.3469337975315219
-0.38722345924109325,-0.019851672976708788,-2.167319103846294,0.8043591621688193,-0.5497496100492676,-0.4315418962965071
-0.8499251282371717,-1.1523070414273424,0.09673453179335804,0.9925607388366127,-0.5497496100492676,-0.7453905481485121
2.1576357202373377,-0.9905277030772519,-0.9987752919032477,-1.1717573928430105,-0.5497496100492676,-0.7453905481485121
0.692413768416423,0.7890450187737438,0.863591408380982,-0.3248502978379406,1.8190099305579894,-0.6407743308645104
1.1551154374125014,-1.314086379777433,1.5574142967221656,-2.6773700061853574,-0.5497496100492676,1.4515500148155238
-0.46434040407377297,0.7081553495986985,-1.9847341332301929,0.7102583738349227,1.8190099305579894,-0.4315418962965071
-0.2329895695757338,-0.019851672976708788,1.6669652790918263,-0.4660014803387856,-0.5497496100492676,1.5561662320995255
-0.38722345924109325,0.30370700372347226,-1.7656321684908716,0.38090561466628436,-0.5497496100492676,-0.850006765432514
-0.5414573489064527,-0.4243000188519351,-1.6925981802444312,0.38090561466628436,-0.5497496100492676,-0.5361581135805088
-1.2355098524005703,-2.4465417482280665,-1.2909112448890092,1.463064680506096,-0.5497496100492676,2.9161770567915473
-0.7728081834044919,0.7890450187737438,0.7540404260113215,0.47500640300018104,-0.5497496100492676,-0.9546229827165156
-0.3101065144084135,-0.6669690263770709,-0.30495240356206404,-0.2777999036709923,1.8190099305579894,-0.11769324444450185
-1.004159017902531,-0.019851672976708788,-0.5970883565478255,0.898459950502716,-0.5497496100492676,-0.5361581135805088
0.15259515458766487,0.06103799619833647,1.3748293261060647,0.004502461330697721,1.8190099305579894,-0.9546229827165156
-0.46434040407377297,1.112603695473925,0.4619044730255599,0.898459950502716,-0.5497496100492676,-0.4315418962965071
-0.46434040407377297,0.7890450187737438,0.7175234318881013,1.2278127096713543,1.8190099305579894,-0.4315418962965071
-2.777848749054165,-0.3434103496768898,-2.3133870803391745,1.9335686221755792,1.8190099305579894,-1.0592392000005173
-1.31262679723325,0.22281733454842698,-1.6195641919979908,2.1217701988433726,-0.5497496100492676,1.9746311012355324
-0.2329895695757338,-0.9905277030772519,1.6669652790918263,-1.4070093636777523,1.8190099305579894,-0.850006765432514
0.6152968235837433,0.3845966728985175,-0.23191841531562368,-0.41895108617183724,-0.5497496100492676,-0.11769324444450185
-0.0016387350776945978,-0.10074134215175404,-0.0858504388227429,0.09860324966459438,1.8190099305579894,-0.9546229827165156
-0.2329895695757338,-1.8803140640027498,0.20628551416301863,-1.0306062103421656,1.8190099305579894,1.4515500148155238
-1.2355098524005703,-1.071417372252297,-0.1588844270691833,1.321913498005251,-0.5497496100492676,-0.5361581135805088
1.6949340512412594,0.14192766537338172,-0.1588844270691833,-1.924563699514184,-0.5497496100492676,-0.850006765432514
0.8466476580817824,0.46548634207356276,1.3017953378596243,-0.2777999036709923,1.8190099305579894,-0.5361581135805088
-0.8499251282371717,-0.4243000188519351,-1.2909112448890092,0.8043591621688193,1.8190099305579894,-0.5361581135805088
-0.9270420730698514,0.7890450187737438,-0.6701223447942659,-0.7012534511735272,-0.5497496100492676,-0.5361581135805088
0.3068290442530243,-0.5860793572020256,-1.3639452331354496,0.09860324966459438,1.8190099305579894,-0.013077027160500168
0.3068290442530243,2.73039707897483,-0.0858504388227429,0.05155285549764605,-0.5497496100492676,-0.013077027160500168
-0.15587262474305405,1.517052041349151,0.279319502409459,0.898459950502716,-0.5497496100492676,-0.22230946172850355
2.1576357202373377,0.30370700372347226,2.178203196816909,-2.1127652761819773,1.8190099305579894,-0.013077027160500168
-0.7728081834044919,-0.8287483647271614,1.8860672438311474,-0.2777999036709923,1.8190099305579894,0.5100040592595084
-1.2355098524005703,-1.071417372252297,-0.1588844270691833,1.0866615271705093,-0.5497496100492676,-0.22230946172850355
-1.3897437420659298,-0.3434103496768898,-1.2178772566425689,1.3689638921721994,-0.5497496100492676,-0.6407743308645104
0.3068290442530243,-0.5051896880269804,-0.30495240356206404,1.0866615271705093,-0.5497496100492676,0.4053878419755066
0.692413768416423,-0.26252068050184457,1.046176378997083,-0.8424046336743722,-0.5497496100492676,-0.6407743308645104
-0.0016387350776945978,1.436162372174106,2.6894411145419914,0.38090561466628436,-0.5497496100492676,-0.32692567901250535
-0.2329895695757338,-1.7185347256526593,0.8270744142577618,-0.7012534511735272,1.8190099305579894,-0.5361581135805088
1.4635832167432203,1.0317140262988795,-0.049333444699522715,-0.7012534511735272,-0.5497496100492676,-1.0592392000005173
-1.6982115213966487,-0.26252068050184457,0.42538747890233974,0.14565364383154272,-0.5497496100492676,-0.6407743308645104
0.07547820975498513,0.46548634207356276,-0.41450338593172464,-0.6542030570065789,-0.5497496100492676,-0.9546229827165156
1.000881547747142,-0.26252068050184457,-0.3779863918085044,-0.23074950950404394,-0.5497496100492676,-0.850006765432514
0.3068290442530243,0.30370700372347226,0.6810064377648811,0.09860324966459438,-0.5497496100492676,-0.850006765432514
-0.38722345924109325,-1.8803140640027498,-0.7066393389174862,0.09860324966459438,-0.5497496100492676,0.6146202765435103
-0.46434040407377297,-0.26252068050184457,1.3017953378596243,-0.4660014803387856,-0.5497496100492676,0.19615540740750323
0.07547820975498513,0.3845966728985175,1.0096593848738629,-0.6071526628396305,1.8190099305579894,-0.22230946172850355
0.38394598908570404,1.2743830338240154,1.1192103672435234,-0.513051874505734,-0.5497496100492676,-1.0592392000005173
-0.0016387350776945978,1.112603695473925,-0.9987752919032477,-0.04254793283625061,-0.5497496100492676,1.4515500148155238
-1.004159017902531,-1.071417372252297,0.42538747890233974,0.14565364383154272,-0.5497496100492676,-0.6407743308645104
1.1551154374125014,0.06103799619833647,0.8270744142577618,-0.5601022686726822,1.8190099305579894,-0.7453905481485121
-1.0812759627352109,-0.8287483647271614,0.6810064377648811,0.09860324966459438,1.8190099305579894,3.9623392296315645
1.849167940906619,-2.3656520790530213,-0.1223674329459631,-1.924563699514184,1.8190099305579894,0.09153919012350165
0.692413768416423,1.840610718049332,-0.8527073154103669,-0.23074950950404394,-0.5497496100492676,-0.013077027160500168
-1.31262679723325,-1.1523070414273424,0.3158364965326792,1.180762315504406,-0.5497496100492676,-0.850006765432514
-1.31262679723325,-0.6669690263770709,-0.5970883565478255,0.47500640300018104,-0.5497496100492676,-0.4315418962965071
-1.2355098524005703,0.9508243571238343,-0.9257413036568073,-0.7483038453404756,-0.5497496100492676,-0.6407743308645104
0.46106293391838377,0.7890450187737438,-0.26843540943884386,-0.13664872117014729,-0.5497496100492676,-0.9546229827165156
-0.9270420730698514,-0.7478586955521161,-1.1083262742729083,0.7102583738349227,-0.5497496100492676,-0.9546229827165156
-0.6185742937391324,-0.5051896880269804,0.3523534906558994,0.47500640300018104,-0.5497496100492676,-1.0592392000005173
-0.2329895695757338,2.3259487330996036,0.023700543546917665,1.180762315504406,-0.5497496100492676,-0.6407743308645104
0.5381798787510635,0.06103799619833647,1.3383123319828445,1.180762315504406,-0.5497496100492676,-0.11769324444450185
0.5381798787510635,1.3552727029990606,-0.9622582977800275,0.23975443216543937,-0.5497496100492676,-0.4315418962965071
-1.1583929075678905,1.19349336464897,1.0826933731203032,1.886518228008631,-0.5497496100492676,-0.22230946172850355
-1.0812759627352109,-1.5567553873025688,0.38887048477911956,0.38090561466628436,-0.5497496100492676,1.033085145679517
0.8466476580817824,1.0317140262988795,0.6810064377648811,-1.1717573928430105,1.8190099305579894,1.6607824493835275
0.2297120994203446,0.546376011248608,0.38887048477911956,0.47500640300018104,-0.5497496100492676,-0.7453905481485121
0.38394598908570404,0.46548634207356276,-0.487537374178165,-1.0776566045091138,-0.5497496100492676,-0.9546229827165156
0.38394598908570404,0.3845966728985175,-1.4734962155051101,0.333855220499336,1.8190099305579894,0.9284689283955152
-0.38722345924109325,-0.5051896880269804,0.6444894436416609,-0.513051874505734,-0.5497496100492676,1.4515500148155238
1.232232382245181,0.7081553495986985,0.16976852003979842,-1.5481605461785972,-0.5497496100492676,1.2423175802475206
0.9237646029144622,0.9508243571238343,0.38887048477911956,0.19270403799849103,-0.5497496100492676,0.5100040592595084
-0.7728081834044919,-0.3434103496768898,1.4113463202292849,1.7924174396747343,-0.5497496100492676,-0.22230946172850355
0.8466476580817824,1.3552727029990606,0.09673453179335804,0.05155285549764605,-0.5497496100492676,-0.7453905481485121
-0.8499251282371717,1.0317140262988795,-0.7796733271639266,1.4160142863391476,-0.5497496100492676,-0.7453905481485121
1.3864662719105405,-0.5860793572020256,0.5349384612720003,-1.6893117286794421,-0.5497496100492676,0.7192364938275118
0.2297120994203446,-0.10074134215175404,0.279319502409459,-1.4540597578447005,1.8190099305579894,1.4515500148155238
0.6152968235837433,-0.019851672976708788,-0.1588844270691833,-0.6542030570065789,-0.5497496100492676,1.3469337975315219
-0.6956912385718121,0.546376011248608,1.046176378997083,0.333855220499336,-0.5497496100492676,-0.22230946172850355
0.8466476580817824,-0.3434103496768898,0.2428025082862388,-1.1247069986760623,-0.5497496100492676,2.6023284049395423
-1.3897437420659298,-1.394976048952478,0.863591408380982,1.9806190163425277,-0.5497496100492676,0.5100040592595084
0.8466476580817824,0.546376011248608,0.38887048477911956,-1.1247069986760623,-0.5497496100492676,-0.6407743308645104
0.2297120994203446,2.0023900563994226,-0.26843540943884386,0.2868048263323877,-0.5497496100492676,-0.9546229827165156
1.4635832167432203,0.546376011248608,-0.9622582977800275,-0.23074950950404394,-0.5497496100492676,0.6146202765435103
1.0779984925798216,-1.314086379777433,-0.9987752919032477,-1.5011101520116488,1.8190099305579894,-0.7453905481485121
-1.0812759627352109,-0.6669690263770709,0.279319502409459,1.039611133003561,-0.5497496100492676,-0.013077027160500168
-1.31262679723325,0.14192766537338172,-2.4959720509552756,1.2748631038383027,-0.5497496100492676,-0.7453905481485121
-1.5439776317312892,-1.314086379777433,-0.487537374178165,1.0866615271705093,-0.5497496100492676,0.4053878419755066
2.697454334066096,0.06103799619833647,0.863591408380982,-2.2068660645158737,-0.5497496100492676,-0.7453905481485121
1.000881547747142,1.112603695473925,-0.26843540943884386,0.6632079796679744,1.8190099305579894,-0.850006765432514
0.15259515458766487,-1.394976048952478,-1.5100132096283303,-0.6542030570065789,-0.5497496100492676,0.6146202765435103
0.7695307132491027,-0.8287483647271614,1.776516261461487,-1.8775133053472355,1.8190099305579894,-0.850006765432514
-0.5414573489064527,0.06103799619833647,-0.012816450576302527,1.1337119213374576,-0.5497496100492676,-0.32692567901250535
1.4635832167432203,-1.394976048952478,0.5349384612720003,-2.0186644878480804,-0.5497496100492676,-0.22230946172850355
-0.07875567991037433,-1.7994243948277044,-0.8161903212871467,-0.3248502978379406,-0.5497496100492676,4.066955446915567
-0.3101065144084135,0.869934687948789,0.3158364965326792,0.898459950502716,-0.5497496100492676,1.033085145679517
-1.852445411062008,-0.6669690263770709,1.3017953378596243,0.9455103446696643,-0.5497496100492676,0.09153919012350165
-2.1609131903927272,2.0832797255744677,-2.4959720509552756,2.1217701988433726,-0.5497496100492676,-0.013077027160500168
0.6152968235837433,0.7890450187737438,0.279319502409459,-2.065714882015029,1.8190099305579894,-1.0592392000005173
1.000881547747142,-0.4243000188519351,0.9731423907506426,-1.0306062103421656,-0.5497496100492676,-0.11769324444450185
0.7695307132491027,1.5979417105241964,-0.0858504388227429,0.09860324966459438,1.8190099305579894,-0.5361581135805088
0.38394598908570404,-0.1816310113267993,0.6444894436416609,-0.13664872117014729,-0.5497496100492676,-0.22230946172850355
-0.0016387350776945978,-0.3434103496768898,-1.8386661567373122,-0.13664872117014729,-0.5497496100492676,-0.850006765432514
-0.46434040407377297,0.546376011248608,-0.5970883565478255,0.4279560088332327,-0.5497496100492676,-0.32692567901250535
0.07547820975498513,1.436162372174106,-0.3414693976852842,-0.3248502978379406,-0.5497496100492676,0.30077162469150504
-1.004159017902531,1.840610718049332,-1.4734962155051101,1.463064680506096,1.8190099305579894,-0.9546229827165156
0.8466476580817824,-0.26252068050184457,0.3523534906558994,0.05155285549764605,-0.5497496100492676,-0.9546229827165156
-0.6185742937391324,-0.10074134215175404,0.5349384612720003,0.14565364383154272,-0.5497496100492676,-0.5361581135805088
0.46106293391838377,-0.8287483647271614,-0.0858504388227429,-0.2777999036709923,-0.5497496100492676,-0.6407743308645104
0.15259515458766487,0.06103799619833647,0.9001084025042022,0.38090561466628436,-0.5497496100492676,-0.9546229827165156
-1.2355098524005703,1.517052041349151,0.7175234318881013,-0.23074950950404394,-0.5497496100492676,-0.32692567901250535
-0.8499251282371717,0.22281733454842698,0.6444894436416609,-0.1836991153370956,-0.5497496100492676,0.09153919012350165
0.9237646029144622,1.0317140262988795,-0.30495240356206404,-0.41895108617183724,-0.5497496100492676,-0.22230946172850355
-1.0812759627352109,0.30370700372347226,-2.4959720509552756,0.757308768001871,-0.5497496100492676,0.30077162469150504
-0.38722345924109325,-1.5567553873025688,-0.6701223447942659,0.757308768001871,-0.5497496100492676,-0.7453905481485121
0.5381798787510635,-0.7478586955521161,-1.254394250765789,-0.6542030570065789,-0.5497496100492676,-0.850006765432514
-0.9270420730698514,1.5979417105241964,-1.6925981802444312,1.9335686221755792,-0.5497496100492676,-0.7453905481485121
0.9237646029144622,-0.10074134215175404,0.09673453179335804,-1.8775133053472355,1.8190099305579894,-0.6407743308645104
-1.1583929075678905,1.2743830338240154,-0.7431563330407064,0.9455103446696643,-0.5497496100492676,-0.22230946172850355
-0.9270420730698514,0.06103799619833647,-2.0942851155998534,1.0866615271705093,-0.5497496100492676,-0.22230946172850355
-0.2329895695757338,-0.3434103496768898,0.7175234318881013,-1.3129085753438556,1.8190099305579894,-0.6407743308645104
0.46106293391838377,-1.5567553873025688,-0.26843540943884386,-0.4660014803387856,-0.5497496100492676,-0.9546229827165156
0.07547820975498513,0.7890450187737438,-1.4004622272586698,0.38090561466628436,1.8190099305579894,-0.5361581135805088
-1.2355098524005703,0.546376011248608,0.9366253966274224,1.321913498005251,-0.5497496100492676,-0.9546229827165156
-0.7728081834044919,0.14192766537338172,-0.049333444699522715,0.5220567971671294,-0.5497496100492676,-0.32692567901250535
0.9237646029144622,-0.8287483647271614,1.1557273613667436,-0.6542030570065789,-0.5497496100492676,-0.11769324444450185
1.1551154374125014,0.3845966728985175,0.023700543546917665,-1.3599589695108039,-0.5497496100492676,1.3469337975315219
1.232232382245181,0.3845966728985175,0.5349384612720003,-1.4070093636777523,-0.5497496100492676,-0.850006765432514
0.46106293391838377,-1.7185347256526593,1.1922443554899638,-1.642261334512494,-0.5497496100492676,-0.5361581135805088
0.2297120994203446,-1.7185347256526593,0.7175234318881013,-0.5601022686726822,1.8190099305579894,2.2884797530875374
-0.6185742937391324,1.436162372174106,-1.3639452331354496,0.6632079796679744,-0.5497496100492676,0.30077162469150504
-1.2355098524005703,0.6272656804236533,0.49842146714878016,0.6632079796679744,-0.5497496100492676,-0.32692567901250535
0.3068290442530243,1.19349336464897,-1.3274282390122294,-0.513051874505734,-0.5497496100492676,1.3469337975315219
-2.0066793007273676,0.06103799619833647,-1.3639452331354496,0.9925607388366127,-0.5497496100492676,-0.6407743308645104
-1.1583929075678905,1.9215003872243774,-2.386421068585615,1.5101150746730443,1.8190099305579894,-0.4315418962965071
2.0034018305719785,1.840610718049332,0.7540404260113215,-0.9835558161752173,-0.5497496100492676,0.19615540740750323
0.46106293391838377,0.06103799619833647,0.13325152591657824,0.333855220499336,-0.5497496100492676,-0.6407743308645104
-0.7728081834044919,-0.6669690263770709,0.9731423907506426,0.004502461330697721,-0.5497496100492676,-0.7453905481485121
-0.8499251282371717,0.14192766537338172,0.38887048477911956,0.23975443216543937,1.8190099305579894,0.6146202765435103
1.9262848857392987,2.4877280714496943,-0.3779863918085044,-0.9835558161752173,-0.5497496100492676,-0.850006765432514
0.5381798787510635,1.2743830338240154,0.7540404260113215,0.6161575855010261,-0.5497496100492676,-0.22230946172850355
-0.6185742937391324,-1.314086379777433,1.1192103672435234,0.38090561466628436,1.8190099305579894,0.9284689283955152
0.07547820975498513,-0.8287483647271614,0.2428025082862388,-0.08959832700319895,-0.5497496100492676,2.079247318519534
-0.6956912385718121,-0.7478586955521161,-0.5970883565478255,0.757308768001871,-0.5497496100492676,-0.5361581135805088
-1.929562355894688,-0.10074134215175404,-0.8892243095335871,0.7102583738349227,1.8190099305579894,0.5100040592595084
0.3068290442530243,0.3845966728985175,0.3158364965326792,0.2868048263323877,-0.5497496100492676,-0.9546229827165156
-1.929562355894688,0.46548634207356276,-0.8527073154103669,1.886518228008631,-0.5497496100492676,-0.6407743308645104
0.7695307132491027,-1.637645056477614,-0.1223674329459631,-0.5601022686726822,-0.5497496100492676,-0.6407743308645104
-1.621094576563969,-0.8287483647271614,-0.3414693976852842,0.5220567971671294,-0.5497496100492676,0.19615540740750323
-1.7753284662293285,0.7081553495986985,-0.9257413036568073,0.9925607388366127,-0.5497496100492676,0.5100040592595084
0.07547820975498513,-1.4758657181275234,0.2428025082862388,-0.5601022686726822,-0.5497496100492676,-0.5361581135805088
0.692413768416423,-0.019851672976708788,-0.012816450576302527,-0.6542030570065789,1.8190099305579894,-1.0592392000005173
-0.3101065144084135,-0.9905277030772519,1.813033255584707,-1.4540597578447005,-0.5497496100492676,2.9161770567915473
-0.9270420730698514,1.5979417105241964,-0.5970883565478255,-0.7953542395074239,-0.5497496100492676,-0.013077027160500168
-0.5414573489064527,-0.3434103496768898,-0.049333444699522715,-0.04254793283625061,-0.5497496100492676,0.9284689283955152
0.8466476580817824,-0.10074134215175404,1.1192103672435234,-1.2658581811769072,-0.5497496100492676,2.079247318519534
-0.2329895695757338,-0.019851672976708788,0.023700543546917665,1.7924174396747343,-0.5497496100492676,-0.4315418962965071
0.8466476580817824,-1.071417372252297,0.060217537670137856,-0.6542030570065789,1.8190099305579894,-0.013077027160500168
-0.38722345924109325,0.7081553495986985,-0.7066393389174862,-0.5601022686726822,1.8190099305579894,-0.5361581135805088
0.8466476580817824,0.22281733454842698,1.0826933731203032,-1.1717573928430105,-0.5497496100492676,-0.9546229827165156
-1.1583929075678905,-2.0420934023528403,0.5714554553952206,1.3689638921721994,-0.5497496100492676,-0.850006765432514
-2.3922640248907663,1.2743830338240154,0.6079724495184408,0.47500640300018104,-0.5497496100492676,-1.0592392000005173
1.7720509960739392,-0.1816310113267993,0.060217537670137856,-2.1598156703489253,1.8190099305579894,1.3469337975315219
-0.15587262474305405,-1.7185347256526593,-0.1223674329459631,1.6512662571738894,-0.5497496100492676,-0.6407743308645104
-2.6236148593888053,-0.3434103496768898,1.046176378997083,1.463064680506096,-0.5497496100492676,-0.850006765432514
0.15259515458766487,0.14192766537338172,0.2428025082862388,0.8043591621688193,-0.5497496100492676,-0.7453905481485121
-1.5439776317312892,0.869934687948789,-0.7431563330407064,0.898459950502716,-0.5497496100492676,0.4053878419755066
1.232232382245181,-0.10074134215175404,-0.19540142119240347,-0.3248502978379406,-0.5497496100492676,-0.5361581135805088
-0.46434040407377297,-1.071417372252297,-0.30495240356206404,0.23975443216543937,-0.5497496100492676,0.19615540740750323
0.8466476580817824,-0.10074134215175404,0.3158364965326792,-1.0776566045091138,-0.5497496100492676,1.5561662320995255
-0.6956912385718121,-0.019851672976708788,0.3158364965326792,0.333855220499336,-0.5497496100492676,-0.5361581135805088
1.309349327077861,-1.071417372252297,-0.30495240356206404,-1.4070093636777523,-0.5497496100492676,-0.850006765432514
1.0779984925798216,-1.2331967106023876,0.279319502409459,-1.218807787009959,-0.5497496100492676,-0.9546229827165156
-0.5414573489064527,-0.4243000188519351,0.13325152591657824,-0.8894550278413206,1.8190099305579894,0.6146202765435103
-0.5414573489064527,0.14192766537338172,0.863591408380982,0.14565364383154272,1.8190099305579894,1.8700148839515305
-0.0016387350776945978,-0.1816310113267993,2.2877541791865696,-0.2777999036709923,1.8190099305579894,-0.9546229827165156
2.6203373892334163,2.0023900563994226,0.5349384612720003,-1.7363621228463906,1.8190099305579894,-0.6407743308645104
0.38394598908570404,0.3845966728985175,0.9001084025042022,-0.1836991153370956,-0.5497496100492676,-0.22230946172850355
-0.6185742937391324,0.869934687948789,0.7175234318881013,1.604215863006941,-0.5497496100492676,-0.5361581135805088
0.2297120994203446,0.46548634207356276,0.5349384612720003,0.4279560088332327,-0.5497496100492676,0.4053878419755066
-0.9270420730698514,-0.8287483647271614,-2.4959720509552756,0.6161575855010261,-0.5497496100492676,-0.013077027160500168
-0.6185742937391324,-0.9096380339022067,0.6079724495184408,-0.23074950950404394,-0.5497496100492676,1.033085145679517
-0.9270420730698514,-0.7478586955521161,0.5349384612720003,0.7102583738349227,1.8190099305579894,-0.6407743308645104
-0.0016387350776945978,-0.7478586955521161,-0.5970883565478255,-1.642261334512494,-0.5497496100492676,-0.850006765432514
0.7695307132491027,-0.3434103496768898,-1.1448432683961285,-0.08959832700319895,-0.5497496100492676,-0.850006765432514
0.07547820975498513,-0.10074134215175404,-0.41450338593172464,0.23975443216543937,-0.5497496100492676,-0.850006765432514
-0.9270420730698514,0.3845966728985175,0.3523534906558994,1.0866615271705093,-0.5497496100492676,-0.11769324444450185
0.07547820975498513,-1.071417372252297,2.141686202693689,0.004502461330697721,1.8190099305579894,-0.22230946172850355
0.15259515458766487,-0.26252068050184457,0.16976852003979842,0.757308768001871,-0.5497496100492676,-0.5361581135805088
0.15259515458766487,0.3845966728985175,0.09673453179335804,1.039611133003561,-0.5497496100492676,0.9284689283955152
2.4661034995680566,0.3845966728985175,1.3383123319828445,-1.6893117286794421,1.8190099305579894,1.033085145679517
-0.6956912385718121,0.30370700372347226,-0.049333444699522715,1.2748631038383027,-0.5497496100492676,-0.7453905481485121
1.5407001615759,-0.10074134215175404,2.2147201909401293,-1.9716140936811322,-0.5497496100492676,2.2884797530875374
0.46106293391838377,0.06103799619833647,-0.9987752919032477,0.38090561466628436,-0.5497496100492676,0.30077162469150504
1.1551154374125014,1.112603695473925,-0.487537374178165,0.47500640300018104,-0.5497496100492676,-0.4315418962965071
-1.4668606868986096,-0.7478586955521161,-0.1223674329459631,0.9925607388366127,-0.5497496100492676,1.1377013629635189
-1.004159017902531,-1.1523070414273424,-0.0858504388227429,-0.41895108617183724,-0.5497496100492676,0.7192364938275118
0.6152968235837433,-1.394976048952478,-0.19540142119240347,-0.4660014803387856,-0.5497496100492676,-0.22230946172850355
1.6178171064085798,-0.4243000188519351,-0.5605713624246054,-1.218807787009959,-0.5497496100492676,-0.22230946172850355
1.1551154374125014,-0.3434103496768898,1.0096593848738629,-1.218807787009959,1.8190099305579894,2.079247318519534
0.5381798787510635,-0.7478586955521161,-0.6336053506710457,-1.5011101520116488,-0.5497496100492676,0.8238527111115136
0.6152968235837433,0.546376011248608,-0.26843540943884386,0.2868048263323877,1.8190099305579894,-0.11769324444450185
-0.07875567991037433,0.9508243571238343,0.42538747890233974,1.1337119213374576,-0.5497496100492676,-0.7453905481485121
-2.2380301352254066,-0.8287483647271614,2.1051692085704685,2.1217701988433726,-0.5497496100492676,-1.0592392000005173
1.309349327077861,0.7081553495986985,-0.3414693976852842,0.2868048263323877,-0.5497496100492676,-0.6407743308645104
-0.6185742937391324,2.3259487330996036,-1.2178772566425689,-0.23074950950404394,-0.5497496100492676,-0.013077027160500168
1.6178171064085798,-0.9905277030772519,1.7034822732150465,-1.642261334512494,1.8190099305579894,4.590036533335575
-0.07875567991037433,-0.8287483647271614,-0.23191841531562368,-0.23074950950404394,-0.5497496100492676,-0.4315418962965071
-1.7753284662293285,-0.5051896880269804,-0.23191841531562368,1.2278127096713543,-0.5497496100492676,-0.4315418962965071
1.309349327077861,-1.7185347256526593,1.1557273613667436,-1.8775133053472355,-0.5497496100492676,0.9284689283955152
-1.004159017902531,1.6788313796992416,-0.6336053506710457,0.898459950502716,-0.5497496100492676,-0.4315418962965071
0.692413768416423,-0.019851672976708788,-0.7796733271639266,-0.7483038453404756,-0.5497496100492676,-0.850006765432514
1.3864662719105405,0.9508243571238343,0.7905574201345417,-0.04254793283625061,-0.5497496100492676,0.19615540740750323
-1.2355098524005703,-0.1816310113267993,1.630448284968606,0.757308768001871,1.8190099305579894,-0.7453905481485121
-1.2355098524005703,-1.314086379777433,-0.8161903212871467,0.47500640300018104,-0.5497496100492676,0.9284689283955152
-0.6956912385718121,0.14192766537338172,-0.9622582977800275,1.6512662571738894,-0.5497496100492676,0.6146202765435103
-0.6956912385718121,0.869934687948789,0.38887048477911956,0.8514095563357676,-0.5497496100492676,5.7408149234595935
-0.6956912385718121,1.517052041349151,-0.5240543683013852,0.38090561466628436,-0.5497496100492676,-0.6407743308645104
0.3068290442530243,0.7081553495986985,-0.8892243095335871,-0.3248502978379406,-0.5497496100492676,0.5100040592595084
-1.31262679723325,-0.9096380339022067,-0.9987752919032477,1.4160142863391476,-0.5497496100492676,-0.5361581135805088
0.2297120994203446,-0.3434103496768898,0.09673453179335804,0.09860324966459438,1.8190099305579894,3.125409491359551
-0.3101065144084135,1.3552727029990606,0.6810064377648811,0.14565364383154272,-0.5497496100492676,-0.6407743308645104
0.7695307132491027,0.46548634207356276,1.0096593848738629,0.333855220499336,-0.5497496100492676,0.30077162469150504
0.38394598908570404,-1.7994243948277044,0.060217537670137856,-0.23074950950404394,-0.5497496100492676,-0.850006765432514
-1.0812759627352109,-0.26252068050184457,0.023700543546917665,1.2278127096713543,-0.5497496100492676,-0.32692567901250535
-1.4668606868986096,1.759721048874287,-0.4510203800549448,1.0866615271705093,-0.5497496100492676,-0.11769324444450185
-1.1583929075678905,-1.4758657181275234,-0.012816450576302527,1.0866615271705093,-0.5497496100492676,-0.850006765432514
-0.2329895695757338,-0.4243000188519351,-0.1588844270691833,0.38090561466628436,-0.5497496100492676,-0.4315418962965071
-0.46434040407377297,-0.7478586955521161,-0.19540142119240347,0.7102583738349227,-0.5497496100492676,-0.32692567901250535
2.5432204444007365,0.869934687948789,0.42538747890233974,-1.5481605461785972,1.8190099305579894,0.4053878419755066
0.7695307132491027,0.46548634207356276,0.5714554553952206,-0.7012534511735272,-0.5497496100492676,-0.22230946172850355
-0.15587262474305405,1.436162372174106,0.3523534906558994,0.38090561466628436,-0.5497496100492676,-0.6407743308645104
-2.0837962455600474,-0.7478586955521161,0.3158364965326792,1.4160142863391476,1.8190099305579894,-0.013077027160500168
-0.15587262474305405,1.759721048874287,0.5714554553952206,1.180762315504406,-0.5497496100492676,-0.013077027160500168
-1.3897437420659298,-0.10074134215175404,0.2428025082862388,1.604215863006941,1.8190099305579894,-0.7453905481485121
-0.15587262474305405,0.30370700372347226,-0.3779863918085044,0.5691071913340777,-0.5497496100492676,-0.7453905481485121
-0.6956912385718121,-0.1816310113267993,-0.5970883565478255,0.6161575855010261,-0.5497496100492676,-0.850006765432514
-0.5414573489064527,1.19349336464897,-0.487537374178165,0.5220567971671294,-0.5497496100492676,-0.5361581135805088
0.5381798787510635,-1.394976048952478,1.3383123319828445,-1.4540597578447005,1.8190099305579894,5.113117619755584
-1.2355098524005703,-0.9096380339022067,0.49842146714878016,0.38090561466628436,-0.5497496100492676,-0.9546229827165156
0.07547820975498513,-0.6669690263770709,0.09673453179335804,-0.08959832700319895,-0.5497496100492676,-0.5361581135805088
-0.46434040407377297,-1.7994243948277044,0.2428025082862388,0.05155285549764605,-0.5497496100492676,0.19615540740750323
-1.929562355894688,2.2450590639245585,1.5574142967221656,1.6983166513408376,-0.5497496100492676,-0.4315418962965071
-0.7728081834044919,-0.3434103496768898,-2.4959720509552756,1.0866615271705093,-0.5497496100492676,-0.4315418962965071
-0.0016387350776945978,2.2450590639245585,0.6444894436416609,1.3689638921721994,-0.5497496100492676,-0.4315418962965071
0.38394598908570404,0.9508243571238343,1.228761349613184,-0.1836991153370956,-0.5497496100492676,-0.32692567901250535
0.15259515458766487,-0.10074134215175404,0.023700543546917665,-0.7483038453404756,-0.5497496100492676,-0.9546229827165156
0.7695307132491027,1.840610718049332,-0.0858504388227429,0.5220567971671294,-0.5497496100492676,-0.7453905481485121
1.309349327077861,-1.314086379777433,-0.7431563330407064,-0.8424046336743722,1.8190099305579894,-0.013077027160500168
-0.6956912385718121,-0.019851672976708788,0.8270744142577618,0.47500640300018104,-0.5497496100492676,0.9284689283955152
1.232232382245181,-0.5860793572020256,0.9731423907506426,-0.7483038453404756,-0.5497496100492676,-0.4315418962965071
-0.6956912385718121,-0.4243000188519351,-0.3779863918085044,-0.3248502978379406,1.8190099305579894,-0.9546229827165156
2.0034018305719785,-1.394976048952478,0.023700543546917665,-1.9716140936811322,1.8190099305579894,-0.9546229827165156
0.692413768416423,-0.4243000188519351,1.8860672438311474,-1.218807787009959,-0.5497496100492676,3.8577230123475634
0.38394598908570404,-1.4758657181275234,-1.4734962155051101,-0.8894550278413206,-0.5497496100492676,-0.22230946172850355
0.15259515458766487,1.3552727029990606,-1.1813602625193487,0.09860324966459438,-0.5497496100492676,-0.013077027160500168
0.692413768416423,-0.26252068050184457,0.023700543546917665,-0.37190069200488896,-0.5497496100492676,-0.013077027160500168
0.3068290442530243,0.6272656804236533,-0.8892243095335871,0.333855220499336,1.8190099305579894,-0.4315418962965071
-1.0812759627352109,-0.4243000188519351,0.5349384612720003,1.463064680506096,-0.5497496100492676,-0.22230946172850355
-1.6982115213966487,-0.9096380339022067,1.7399992673382667,1.7453670455077859,-0.5497496100492676,-0.6407743308645104
-0.7728081834044919,-0.7478586955521161,-1.0718092801496881,1.2278127096713543,-0.5497496100492676,-0.5361581135805088
1.232232382245181,-1.314086379777433,0.4619044730255599,-1.5952109403455454,1.8190099305579894,0.19615540740750323
-0.5414573489064527,-0.4243000188519351,1.6669652790918263,0.09860324966459438,1.8190099305579894,1.6607824493835275
-1.7753284662293285,-0.26252068050184457,0.060217537670137856,2.1217701988433726,-0.5497496100492676,-0.4315418962965071
0.692413768416423,-1.7185347256526593,1.228761349613184,-2.1598156703489253,1.8190099305579894,2.4977121876555413
1.1551154374125014,0.22281733454842698,-1.1813602625193487,-1.4070093636777523,1.8190099305579894,0.5100040592595084
-0.15587262474305405,1.9215003872243774,1.5939312908453858,-0.2777999036709923,-0.5497496100492676,-0.6407743308645104
0.692413768416423,-0.5860793572020256,0.060217537670137856,-0.08959832700319895,-0.5497496100492676,-0.850006765432514
1.1551154374125014,-1.314086379777433,1.7399992673382667,-1.3599589695108039,-0.5497496100492676,0.4053878419755066
0.46106293391838377,0.7890450187737438,-1.802149162614092,0.8043591621688193,-0.5497496100492676,-0.32692567901250535
0.07547820975498513,0.9508243571238343,-1.1448432683961285,-0.23074950950404394,-0.5497496100492676,-0.850006765432514
0.7695307132491027,1.517052041349151,0.3158364965326792,-0.13664872117014729,-0.5497496100492676,1.3469337975315219
-0.46434040407377297,1.112603695473925,0.060217537670137856,0.004502461330697721,1.8190099305579894,3.3346419259275546
-0.8499251282371717,1.3552727029990606,0.8270744142577618,1.2278127096713543,-0.5497496100492676,-0.4315418962965071
-1.31262679723325,0.9508243571238343,-1.5465302037515505,0.7102583738349227,-0.5497496100492676,-0.22230946172850355
-1.31262679723325,-1.071417372252297,1.1922443554899638,0.19270403799849103,-0.5497496100492676,0.5100040592595084
-0.8499251282371717,0.869934687948789,0.4619044730255599,0.14565364383154272,-0.5497496100492676,-0.4315418962965071
-0.6185742937391324,-0.4243000188519351,0.279319502409459,0.6632079796679744,-0.5497496100492676,-0.7453905481485121
-1.929562355894688,-0.6669690263770709,-0.049333444699522715,1.8394678338416826,-0.5497496100492676,-0.850006765432514
0.07547820975498513,-0.5860793572020256,1.8860672438311474,-1.0776566045091138,-0.5497496100492676,-0.4315418962965071
0.38394598908570404,-1.071417372252297,0.7175234318881013,-0.6542030570065789,-0.5497496100492676,-0.22230946172850355
0.2297120994203446,0.7081553495986985,2.1051692085704685,0.47500640300018104,-0.5497496100492676,1.8700148839515305
0.6152968235837433,-1.071417372252297,-0.8161903212871467,-0.513051874505734,1.8190099305579894,-0.6407743308645104
0.9237646029144622,0.9508243571238343,0.9001084025042022,0.19270403799849103,-0.5497496100492676,0.4053878419755066
0.7695307132491027,-0.3434103496768898,0.8270744142577618,-0.9365054220082689,1.8190099305579894,-0.013077027160500168
2.6203373892334163,-1.394976048952478,0.13325152591657824,-2.7244204003523054,-0.5497496100492676,-0.32692567901250535
-0.9270420730698514,-0.019851672976708788,-1.43697922138189,0.757308768001871,1.8190099305579894,0.6146202765435103
-0.07875567991037433,1.19349336464897,-0.8161903212871467,0.7102583738349227,-0.5497496100492676,-0.4315418962965071
1.309349327077861,0.869934687948789,0.09673453179335804,-0.9835558161752173,-0.5497496100492676,-0.5361581135805088
-1.0812759627352109,-0.8287483647271614,1.4113463202292849,0.2868048263323877,-0.5497496100492676,-0.11769324444450185
1.6949340512412594,-1.7994243948277044,3.529331979376056,-1.8304629111802873,1.8190099305579894,-0.850006765432514
1.000881547747142,1.0317140262988795,0.023700543546917665,-0.1836991153370956,-0.5497496100492676,-0.32692567901250535
-1.004159017902531,1.5979417105241964,-0.012816450576302527,1.2748631038383027,-0.5497496100492676,0.8238527111115136
-1.4668606868986096,0.6272656804236533,-1.0718092801496881,0.47500640300018104,1.8190099305579894,0.30077162469150504
-0.0016387350776945978,-1.2331967106023876,0.7905574201345417,-0.13664872117014729,-0.5497496100492676,0.5100040592595084
-1.1583929075678905,-0.5051896880269804,-0.19540142119240347,-0.4660014803387856,1.8190099305579894,0.8238527111115136
0.692413768416423,-0.3434103496768898,-0.7431563330407064,-0.3248502978379406,-0.5497496100492676,1.4515500148155238
0.2297120994203446,1.759721048874287,-0.012816450576302527,1.3689638921721994,-0.5497496100492676,-0.850006765432514
1.000881547747142,-0.9905277030772519,0.4619044730255599,-1.3599589695108039,1.8190099305579894,3.125409491359551
-0.46434040407377297,-0.7478586955521161,0.7905574201345417,-1.1247069986760623,1.8190099305579894,1.6607824493835275
0.2297120994203446,-0.5051896880269804,1.1557273613667436,0.38090561466628436,-0.5497496100492676,-0.6407743308645104
-2.700731804221485,0.30370700372347226,-0.8527073154103669,2.1217701988433726,-0.5497496100492676,-0.013077027160500168
0.46106293391838377,1.0317140262988795,-0.5970883565478255,-0.6542030570065789,-0.5497496100492676,1.1377013629635189
-0.15587262474305405,0.46548634207356276,1.8860672438311474,-0.1836991153370956,-0.5497496100492676,-0.7453905481485121
-0.5414573489064527,0.22281733454842698,-0.3779863918085044,0.9455103446696643,-0.5497496100492676,-0.5361581135805088
0.3068290442530243,-0.3434103496768898,1.0096593848738629,0.8514095563357676,-0.5497496100492676,-1.0592392000005173
2.0034018305719785,-0.3434103496768898,1.0826933731203032,-2.6773700061853574,-0.5497496100492676,-0.7453905481485121
-1.4668606868986096,1.0317140262988795,-0.0858504388227429,0.8514095563357676,-0.5497496100492676,0.5100040592595084
0.3068290442530243,0.7890450187737438,-0.30495240356206404,-0.5601022686726822,-0.5497496100492676,1.033085145679517
0.3068290442530243,-0.019851672976708788,0.8270744142577618,-0.08959832700319895,1.8190099305579894,0.09153919012350165
1.000881547747142,-0.019851672976708788,1.3017953378596243,0.4279560088332327,-0.5497496100492676,0.30077162469150504
1.849167940906619,0.3845966728985175,-1.7656321684908716,-0.7012534511735272,1.8190099305579894,-0.013077027160500168
-0.46434040407377297,-0.4243000188519351,0.9366253966274224,0.5691071913340777,-0.5497496100492676,-0.9546229827165156
-1.2355098524005703,0.22281733454842698,-0.012816450576302527,1.0866615271705093,1.8190099305579894,-0.5361581135805088
1.309349327077861,-0.9905277030772519,0.09673453179335804,-0.5601022686726822,-0.5497496100492676,-0.850006765432514
0.7695307132491027,-0.6669690263770709,-0.3414693976852842,-0.41895108617183724,-0.5497496100492676,-0.32692567901250535
0.5381798787510635,-0.019851672976708788,-0.9622582977800275,-0.04254793283625061,1.8190099305579894,-0.9546229827165156
-0.46434040407377297,-0.5051896880269804,0.6810064377648811,0.333855220499336,-0.5497496100492676,-0.7453905481485121
-0.8499251282371717,0.7890450187737438,-1.0718092801496881,0.05155285549764605,1.8190099305579894,-0.9546229827165156
0.9237646029144622,-0.7478586955521161,0.863591408380982,-1.1247069986760623,-0.5497496100492676,1.2423175802475206
-0.46434040407377297,-0.5860793572020256,1.995618226200808,0.47500640300018104,-0.5497496100492676,-0.013077027160500168
0.7695307132491027,-0.9905277030772519,-0.6336053506710457,-1.2658581811769072,-0.5497496100492676,-0.850006765432514
0.692413768416423,0.22281733454842698,-1.3639452331354496,-0.4660014803387856,-0.5497496100492676,0.8238527111115136
-0.2329895695757338,0.3845966728985175,-0.8892243095335871,0.5691071913340777,-0.5497496100492676,0.30077162469150504
0.46106293391838377,0.3845966728985175,-0.26843540943884386,0.14565364383154272,-0.5497496100492676,-0.5361581135805088
-0.5414573489064527,-0.1816310113267993,1.2652783437364041,0.004502461330697721,-0.5497496100492676,-0.7453905481485121
-0.3101065144084135,0.30370700372347226,-0.6701223447942659,-0.2777999036709923,1.8190099305579894,0.5100040592595084
0.6152968235837433,-0.6669690263770709,2.141686202693689,0.6632079796679744,-0.5497496100492676,-0.11769324444450185
1.9262848857392987,-1.7185347256526593,-0.3414693976852842,-1.8304629111802873,1.8190099305579894,1.6607824493835275
-0.46434040407377297,-1.071417372252297,-2.349904074462395,-0.3248502978379406,-0.5497496100492676,-0.6407743308645104
0.9237646029144622,-0.3434103496768898,0.6444894436416609,-1.218807787009959,1.8190099305579894,-0.11769324444450185
0.7695307132491027,0.9508243571238343,-0.30495240356206404,-1.5011101520116488,1.8190099305579894,1.033085145679517
-0.46434040407377297,0.7081553495986985,0.09673453179335804,1.5571654688399927,1.8190099305579894,0.4053878419755066
-0.7728081834044919,-1.314086379777433,0.4619044730255599,0.6161575855010261,-0.5497496100492676,-0.32692567901250535
0.3068290442530243,1.2743830338240154,-0.3414693976852842,-0.3248502978379406,-0.5497496100492676,2.1838635358035363
-0.38722345924109325,0.22281733454842698,-0.6701223447942659,0.14565364383154272,1.8190099305579894,0.09153919012350165
0.2297120994203446,0.6272656804236533,0.16976852003979842,0.8043591621688193,-0.5497496100492676,-1.0592392000005173
0.6152968235837433,-1.961203733177795,-1.3274282390122294,-2.2068660645158737,1.8190099305579894,1.8700148839515305
-0.6956912385718121,-0.9096380339022067,0.3523534906558994,-0.08959832700319895,-0.5497496100492676,-0.5361581135805088
-2.0837962455600474,-0.26252068050184457,0.2428025082862388,1.463064680506096,-0.5497496100492676,-0.7453905481485121
0.07547820975498513,0.3845966728985175,-0.6336053506710457,-0.04254793283625061,-0.5497496100492676,-0.11769324444450185
0.46106293391838377,-0.8287483647271614,-1.3639452331354496,-0.8894550278413206,-0.5497496100492676,1.033085145679517
-0.46434040407377297,1.2743830338240154,-0.4510203800549448,-0.13664872117014729,-0.5497496100492676,-1.0592392000005173
-0.8499251282371717,2.1641693947495133,-0.5970883565478255,1.2748631038383027,-0.5497496100492676,-0.4315418962965071
0.46106293391838377,-0.5860793572020256,0.7905574201345417,-0.37190069200488896,1.8190099305579894,0.09153919012350165
0.46106293391838377,-0.5860793572020256,1.8495502497079273,-0.04254793283625061,-0.5497496100492676,-0.32692567901250535
1.6178171064085798,0.46548634207356276,2.4703391498026703,0.4279560088332327,-0.5497496100492676,-0.6407743308645104
-1.004159017902531,-0.3434103496768898,0.7175234318881013,0.6632079796679744,-0.5497496100492676,0.19615540740750323
0.6152968235837433,-0.4243000188519351,-0.5240543683013852,-1.1247069986760623,-0.5497496100492676,0.6146202765435103
0.2297120994203446,0.869934687948789,-0.26843540943884386,0.47500640300018104,1.8190099305579894,0.4053878419755066
-1.1583929075678905,0.869934687948789,1.046176378997083,0.2868048263323877,-0.5497496100492676,-0.5361581135805088
0.2297120994203446,0.6272656804236533,-0.41450338593172464,-0.08959832700319895,-0.5497496100492676,-0.9546229827165156
0.15259515458766487,-1.7994243948277044,0.09673453179335804,-0.2777999036709923,1.8190099305579894,-0.7453905481485121
0.6152968235837433,0.3845966728985175,-0.5970883565478255,-0.8424046336743722,-0.5497496100492676,-0.22230946172850355
-0.8499251282371717,0.30370700372347226,-1.8751831508605323,0.19270403799849103,-0.5497496100492676,-0.850006765432514
0.2297120994203446,-1.071417372252297,-0.23191841531562368,-1.218807787009959,-0.5497496100492676,0.6146202765435103
-1.004159017902531,-0.4243000188519351,-1.9117001449837525,0.757308768001871,-0.5497496100492676,-0.7453905481485121
-1.004159017902531,-0.6669690263770709,-2.386421068585615,1.0866615271705093,1.8190099305579894,-0.9546229827165156
-0.38722345924109325,0.7890450187737438,-0.4510203800549448,-0.23074950950404394,-0.5497496100492676,2.1838635358035363
0.9237646029144622,0.546376011248608,-0.19540142119240347,-2.6773700061853574,1.8190099305579894,-0.32692567901250535
1.3864662719105405,-1.1523070414273424,-0.0858504388227429,-0.513051874505734,1.8190099305579894,2.6023284049395423
1.6178171064085798,0.3845966728985175,-2.0942851155998534,-0.8894550278413206,-0.5497496100492676,0.9284689283955152
0.46106293391838377,-0.10074134215175404,-0.1588844270691833,0.333855220499336,1.8190099305579894,-0.22230946172850355
0.15259515458766487,0.06103799619833647,-0.8161903212871467,1.2748631038383027,-0.5497496100492676,-0.6407743308645104
0.2297120994203446,0.3845966728985175,0.8270744142577618,-0.8894550278413206,-0.5497496100492676,0.19615540740750323
0.15259515458766487,0.46548634207356276,-0.5970883565478255,0.898459950502716,-0.5497496100492676,-0.850006765432514
-0.5414573489064527,0.14192766537338172,2.39730516155623,-0.6542030570065789,1.8190099305579894,-0.32692567901250535
-0.7728081834044919,-1.637645056477614,0.38887048477911956,-0.08959832700319895,-0.5497496100492676,-1.0592392000005173
0.6152968235837433,0.546376011248608,-0.8892243095335871,0.23975443216543937,1.8190099305579894,-0.5361581135805088
0.38394598908570404,0.06103799619833647,1.1557273613667436,0.757308768001871,-0.5497496100492676,-0.4315418962965071
-1.0812759627352109,-0.7478586955521161,0.13325152591657824,0.2868048263323877,-0.5497496100492676,0.4053878419755066
-0.15587262474305405,0.06103799619833647,0.863591408380982,-0.9835558161752173,1.8190099305579894,1.4515500148155238
0.6152968235837433,-2.931879763278338,-0.5605713624246054,-1.7363621228463906,-0.5497496100492676,1.2423175802475206
0.38394598908570404,-0.019851672976708788,-1.254394250765789,-0.6071526628396305,-0.5497496100492676,0.09153919012350165
0.15259515458766487,-0.10074134215175404,0.6810064377648811,-0.6071526628396305,-0.5497496100492676,0.6146202765435103
-0.3101065144084135,0.3845966728985175,-0.6701223447942659,-0.7483038453404756,-0.5497496100492676,1.033085145679517
-0.0016387350776945978,-0.10074134215175404,-0.6336053506710457,-0.7953542395074239,-0.5497496100492676,-0.013077027160500168
2.0034018305719785,-0.1816310113267993,-0.5605713624246054,-2.771470794519254,-0.5497496100492676,-0.7453905481485121
-0.8499251282371717,0.546376011248608,-0.3414693976852842,0.05155285549764605,-0.5497496100492676,-0.7453905481485121
1.309349327077861,-1.314086379777433,-0.4510203800549448,-1.1717573928430105,1.8190099305579894,-0.9546229827165156
0.6152968235837433,-0.4243000188519351,-0.1223674329459631,-0.3248502978379406,-0.5497496100492676,-0.9546229827165156
1.5407001615759,-0.019851672976708788,-0.049333444699522715,-0.41895108617183724,-0.5497496100492676,-0.6407743308645104
-1.852445411062008,-0.6669690263770709,1.813033255584707,0.757308768001871,-0.5497496100492676,-0.5361581135805088
0.5381798787510635,-0.5051896880269804,1.630448284968606,-0.13664872117014729,-0.5497496100492676,-0.9546229827165156
-0.7728081834044919,-1.4758657181275234,-0.26843540943884386,0.38090561466628436,1.8190099305579894,4.066955446915567
-0.6185742937391324,-2.3656520790530213,-0.4510203800549448,0.7102583738349227,-0.5497496100492676,-0.5361581135805088
0.8466476580817824,-0.5051896880269804,1.7399992673382667,-1.2658581811769072,-0.5497496100492676,-0.32692567901250535
0.38394598908570404,1.6788313796992416,0.6444894436416609,-0.9365054220082689,1.8190099305579894,3.125409491359551
-1.2355098524005703,0.3845966728985175,0.38887048477911956,1.180762315504406,-0.5497496100492676,-0.013077027160500168
-0.46434040407377297,-2.284762409877976,-0.1588844270691833,-0.1836991153370956,1.8190099305579894,-0.32692567901250535
-1.31262679723325,0.06103799619833647,-0.6336053506710457,1.1337119213374576,-0.5497496100492676,0.9284689283955152
-0.9270420730698514,-0.6669690263770709,0.5349384612720003,-0.08959832700319895,-0.5497496100492676,-0.22230946172850355
-2.0837962455600474,-0.8287483647271614,-0.012816450576302527,1.9335686221755792,-0.5497496100492676,0.09153919012350165
1.000881547747142,1.3552727029990606,-1.035292286026468,-0.7953542395074239,-0.5497496100492676,-0.013077027160500168
-1.31262679723325,1.759721048874287,-1.43697922138189,1.7924174396747343,-0.5497496100492676,-0.6407743308645104
-0.8499251282371717,-1.314086379777433,-0.26843540943884386,0.14565364383154272,-0.5497496100492676,-0.22230946172850355
2.7745712788987755,0.6272656804236533,0.9731423907506426,-3.2890251303556854,1.8190099305579894,-0.850006765432514
1.1551154374125014,0.06103799619833647,0.8270744142577618,0.004502461330697721,-0.5497496100492676,4.171571664199568
-0.7728081834044919,-1.071417372252297,0.9366253966274224,1.5101150746730443,-0.5497496100492676,1.5561662320995255
-2.1609131903927272,2.1641693947495133,-0.19540142119240347,1.3689638921721994,-0.5497496100492676,-0.4315418962965071
-0.07875567991037433,0.9508243571238343,-0.3414693976852842,0.5691071913340777,-0.5497496100492676,-0.32692567901250535
0.38394598908570404,0.546376011248608,1.7399992673382667,-1.7834125170133388,-0.5497496100492676,-0.5361581135805088
0.5381798787510635,1.5979417105241964,-0.5605713624246054,-0.13664872117014729,-0.5497496100492676,-1.0592392000005173
0.07547820975498513,0.3845966728985175,-0.9622582977800275,0.5691071913340777,1.8190099305579894,-0.9546229827165156
1.000881547747142,-0.7478586955521161,-1.1448432683961285,-0.2777999036709923,-0.5497496100492676,-0.4315418962965071
0.8466476580817824,-1.1523070414273424,1.1922443554899638,-0.08959832700319895,-0.5497496100492676,0.19615540740750323
-0.07875567991037433,0.46548634207356276,-0.23191841531562368,0.38090561466628436,-0.5497496100492676,-0.4315418962965071
0.2297120994203446,-0.10074134215175404,-0.5970883565478255,-0.3248502978379406,-0.5497496100492676,-0.9546229827165156
-1.004159017902531,0.30370700372347226,-0.7796733271639266,1.1337119213374576,-0.5497496100492676,0.6146202765435103
0.07547820975498513,-0.9905277030772519,0.20628551416301863,-0.4660014803387856,1.8190099305579894,0.8238527111115136
0.38394598908570404,-1.394976048952478,2.5068561439258907,-1.5011101520116488,1.8190099305579894,0.8238527111115136
-1.004159017902531,0.06103799619833647,-1.0718092801496881,1.2748631038383027,-0.5497496100492676,-0.6407743308645104
0.46106293391838377,2.1641693947495133,-0.6336053506710457,-0.6071526628396305,-0.5497496100492676,-0.7453905481485121
-1.1583929075678905,1.6788313796992416,0.7905574201345417,1.039611133003561,-0.5497496100492676,-0.32692567901250535
-0.6185742937391324,-1.394976048952478,0.09673453179335804,0.19270403799849103,-0.5497496100492676,0.19615540740750323
0.07547820975498513,-0.7478586955521161,-0.3779863918085044,-1.0776566045091138,1.8190099305579894,0.6146202765435103
-0.07875567991037433,-0.6669690263770709,1.5208973025989454,-0.6071526628396305,1.8190099305579894,1.5561662320995255
-1.004159017902531,1.2743830338240154,-0.7066393389174862,2.074719804676424,-0.5497496100492676,-0.013077027160500168
-0.2329895695757338,0.06103799619833647,-1.43697922138189,-0.08959832700319895,-0.5497496100492676,-0.5361581135805088
0.2297120994203446,-0.019851672976708788,1.1922443554899638,-0.2777999036709923,-0.5497496100492676,0.7192364938275118
1.3864662719105405,-1.314086379777433,1.776516261461487,-0.7953542395074239,1.8190099305579894,-0.850006765432514
-1.004159017902531,0.06103799619833647,-1.5465302037515505,-0.04254793283625061,-0.5497496100492676,-0.6407743308645104
1.5407001615759,0.14192766537338172,-0.487537374178165,-0.6542030570065789,-0.5497496100492676,-0.6407743308645104
0.2297120994203446,-1.314086379777433,0.7175234318881013,0.47500640300018104,1.8190099305579894,-1.0592392000005173
0.15259515458766487,-1.071417372252297,-0.049333444699522715,-0.04254793283625061,-0.5497496100492676,-0.9546229827165156
-1.0812759627352109,-1.1523070414273424,0.6444894436416609,-0.04254793283625061,-0.5497496100492676,-0.5361581135805088
-1.004159017902531,-1.314086379777433,-0.3779863918085044,0.6161575855010261,-0.5497496100492676,-0.4315418962965071
0.692413768416423,1.0317140262988795,-0.0858504388227429,-0.7012534511735272,1.8190099305579894,-0.11769324444450185
0.8466476580817824,0.546376011248608,0.7540404260113215,0.09860324966459438,-0.5497496100492676,-0.11769324444450185
-0.46434040407377297,-1.637645056477614,-0.7431563330407064,-0.37190069200488896,-0.5497496100492676,-0.9546229827165156
-1.004159017902531,-0.6669690263770709,0.9001084025042022,1.2278127096713543,-0.5497496100492676,0.9284689283955152
0.38394598908570404,2.0832797255744677,-0.7431563330407064,-1.0776566045091138,-0.5497496100492676,1.5561662320995255
-1.4668606868986096,-1.2331967106023876,1.7034822732150465,0.6632079796679744,-0.5497496100492676,-0.5361581135805088
-1.1583929075678905,0.6272656804236533,-1.656081186121211,1.6512662571738894,-0.5497496100492676,-0.013077027160500168
-0.46434040407377297,0.30370700372347226,1.5939312908453858,0.333855220499336,1.8190099305579894,-0.9546229827165156
-0.7728081834044919,-0.4243000188519351,1.3748293261060647,-0.41895108617183724,1.8190099305579894,2.1838635358035363
-1.5439776317312892,0.46548634207356276,-0.9987752919032477,1.463064680506096,-0.5497496100492676,-0.7453905481485121
-0.6185742937391324,-0.26252068050184457,0.2428025082862388,-0.13664872117014729,-0.5497496100492676,-0.7453905481485121
1.309349327077861,2.1641693947495133,-1.6925981802444312,-1.218807787009959,-0.5497496100492676,0.09153919012350165
0.6152968235837433,-1.2331967106023876,1.7399992673382667,-1.2658581811769072,1.8190099305579894,-0.5361581135805088
-1.5439776317312892,-0.9096380339022067,-0.3414693976852842,1.2748631038383027,-0.5497496100492676,-0.6407743308645104
1.849167940906619,0.7890450187737438,-2.3133870803391745,-0.41895108617183724,-0.5497496100492676,-0.013077027160500168
-0.38722345924109325,-0.9905277030772519,0.3158364965326792,0.7102583738349227,-0.5497496100492676,-0.32692567901250535
-0.07875567991037433,0.7890450187737438,-0.41450338593172464,0.898459950502716,-0.5497496100492676,-0.850006765432514
-0.2329895695757338,-0.5051896880269804,0.6444894436416609,-1.1247069986760623,-0.5497496100492676,-0.6407743308645104
-0.15587262474305405,-1.394976048952478,0.9366253966274224,-0.37190069200488896,-0.5497496100492676,-0.013077027160500168
1.5407001615759,-0.10074134215175404,0.42538747890233974,-1.4070093636777523,1.8190099305579894,-0.013077027160500168
1.000881547747142,0.6272656804236533,1.7399992673382667,-0.1836991153370956,-0.5497496100492676,0.8238527111115136
0.9237646029144622,-0.019851672976708788,1.447863314352505,-0.6542030570065789,1.8190099305579894,1.9746311012355324
0.46106293391838377,-0.4243000188519351,0.3158364965326792,-0.7012534511735272,-0.5497496100492676,-0.850006765432514
1.000881547747142,0.3845966728985175,0.6444894436416609,-0.8894550278413206,-0.5497496100492676,2.393095970371539
-0.6185742937391324,-0.6669690263770709,0.8270744142577618,-0.37190069200488896,-0.5497496100492676,2.1838635358035363
-2.0066793007273676,0.6272656804236533,-0.4510203800549448,0.23975443216543937,-0.5497496100492676,-0.6407743308645104
0.8466476580817824,-0.6669690263770709,0.060217537670137856,-1.1247069986760623,-0.5497496100492676,0.4053878419755066
-1.31262679723325,0.9508243571238343,1.3383123319828445,0.8043591621688193,-0.5497496100492676,-0.850006765432514
0.692413768416423,-0.1816310113267993,-1.1448432683961285,-0.41895108617183724,-0.5497496100492676,-0.32692567901250535
-1.0812759627352109,-2.1229830715278855,0.3158364965326792,0.05155285549764605,1.8190099305579894,0.4053878419755066
0.692413768416423,-0.5051896880269804,0.16976852003979842,-0.08959832700319895,1.8190099305579894,-0.850006765432514
-0.6956912385718121,1.2743830338240154,0.060217537670137856,-0.513051874505734,1.8190099305579894,-0.9546229827165156
0.6152968235837433,-0.3434103496768898,1.228761349613184,-1.924563699514184,1.8190099305579894,-0.6407743308645104
-0.15587262474305405,0.22281733454842698,-0.049333444699522715,0.898459950502716,1.8190099305579894,-0.4315418962965071
-0.7728081834044919,-1.637645056477614,-1.2178772566425689,-0.23074950950404394,1.8190099305579894,-0.32692567901250535
0.9237646029144622,0.14192766537338172,0.060217537670137856,-2.0186644878480804,1.8190099305579894,-0.7453905481485121
-0.0016387350776945978,-1.4758657181275234,0.16976852003979842,-0.1836991153370956,-0.5497496100492676,-0.850006765432514
-1.4668606868986096,0.9508243571238343,-0.012816450576302527,-0.7953542395074239,1.8190099305579894,-0.11769324444450185
-0.5414573489064527,2.406838402274649,-0.6701223447942659,0.333855220499336,-0.5497496100492676,-0.11769324444450185
1.6949340512412594,-0.9096380339022067,-1.43697922138189,-1.642261334512494,-0.5497496100492676,-0.4315418962965071
0.7695307132491027,-0.3434103496768898,1.0826933731203032,-0.513051874505734,-0.5497496100492676,0.9284689283955152
-0.46434040407377297,-0.8287483647271614,-0.8161903212871467,1.180762315504406,-0.5497496100492676,-0.5361581135805088
-0.2329895695757338,0.546376011248608,0.7540404260113215,0.5691071913340777,-0.5497496100492676,-0.013077027160500168
1.309349327077861,0.46548634207356276,0.6079724495184408,-0.7012534511735272,-0.5497496100492676,-0.32692567901250535
0.6152968235837433,-0.019851672976708788,-1.4004622272586698,-1.4070093636777523,-0.5497496100492676,-0.6407743308645104
-0.46434040407377297,0.546376011248608,0.9731423907506426,0.8043591621688193,-0.5497496100492676,-0.850006765432514
-0.5414573489064527,1.2743830338240154,1.1192103672435234,-0.04254793283625061,-0.5497496100492676,0.5100040592595084
1.6178171064085798,-0.1816310113267993,-0.4510203800549448,-0.9835558161752173,-0.5497496100492676,-0.9546229827165156
2.0805187754046583,0.06103799619833647,1.046176378997083,-0.37190069200488896,-0.5497496100492676,-1.0592392000005173
-0.3101065144084135,0.06103799619833647,0.6079724495184408,1.0866615271705093,-0.5497496100492676,1.2423175802475206
-1.3897437420659298,-0.26252068050184457,-0.3414693976852842,1.8394678338416826,-0.5497496100492676,-0.32692567901250535
-0.6185742937391324,0.14192766537338172,0.3158364965326792,0.6161575855010261,-0.5497496100492676,-0.013077027160500168
-0.9270420730698514,-0.5051896880269804,1.1557273613667436,1.3689638921721994,-0.5497496100492676,-0.7453905481485121
-0.6956912385718121,-0.9096380339022067,0.5714554553952206,0.898459950502716,-0.5497496100492676,-0.5361581135805088
-0.6185742937391324,-0.3434103496768898,-0.1588844270691833,0.5691071913340777,-0.5497496100492676,-0.4315418962965071
-0.15587262474305405,-0.019851672976708788,1.447863314352505,1.2748631038383027,-0.5497496100492676,-0.6407743308645104
0.2297120994203446,0.546376011248608,0.3158364965326792,0.7102583738349227,-0.5497496100492676,-0.7453905481485121
-1.7753284662293285,-2.7701004249282475,-0.3414693976852842,-0.23074950950404394,1.8190099305579894,2.1838635358035363
0.46106293391838377,-0.3434103496768898,0.13325152591657824,-0.4660014803387856,-0.5497496100492676,-0.850006765432514
-1.4668606868986096,-0.26252068050184457,-1.9482171391069727,1.604215863006941,-0.5497496100492676,-0.32692567901250535
0.15259515458766487,-0.10074134215175404,2.36078816743301,1.039611133003561,-0.5497496100492676,-0.32692567901250535
-1.004159017902531,-1.071417372252297,-0.3414693976852842,1.2748631038383027,-0.5497496100492676,-0.32692567901250535
-1.004159017902531,1.112603695473925,-0.8892243095335871,2.1217701988433726,-0.5497496100492676,0.7192364938275118
-2.0066793007273676,1.5979417105241964,0.6810064377648811,0.6161575855010261,-0.5497496100492676,-0.7453905481485121
-0.0016387350776945978,0.7890450187737438,-1.4004622272586698,-0.1836991153370956,-0.5497496100492676,-0.7453905481485121
-0.6956912385718121,1.0317140262988795,1.0096593848738629,0.5220567971671294,-0.5497496100492676,-0.22230946172850355
-0.15587262474305405,-0.019851672976708788,-1.7291151743676514,0.9925607388366127,-0.5497496100492676,-0.22230946172850355
-0.9270420730698514,-0.4243000188519351,-0.012816450576302527,0.9925607388366127,-0.5497496100492676,-0.7453905481485121
1.000881547747142,0.30370700372347226,0.3523534906558994,-0.2777999036709923,-0.5497496100492676,-0.32692567901250535
0.5381798787510635,-0.1816310113267993,-0.8892243095335871,-1.4070093636777523,-0.5497496100492676,-0.11769324444450185
1.309349327077861,0.14192766537338172,-0.9622582977800275,-1.6893117286794421,-0.5497496100492676,3.0207932740755497
-0.3101065144084135,-0.1816310113267993,-0.5240543683013852,-0.6071526628396305,-0.5497496100492676,-0.7453905481485121
0.38394598908570404,-1.7994243948277044,-0.3779863918085044,-1.4540597578447005,-0.5497496100492676,-0.9546229827165156
0.9237646029144622,0.22281733454842698,-1.5100132096283303,-0.8424046336743722,1.8190099305579894,0.9284689283955152
-0.3101065144084135,1.436162372174106,-0.012816450576302527,1.4160142863391476,-0.5497496100492676,-0.22230946172850355
1.3864662719105405,-1.637645056477614,0.38887048477911956,-1.1247069986760623,-0.5497496100492676,-0.850006765432514
-0.9270420730698514,0.7081553495986985,-1.1083262742729083,-0.2777999036709923,-0.5497496100492676,3.9623392296315645
0.46106293391838377,0.14192766537338172,0.3523534906558994,0.14565364383154272,-0.5497496100492676,0.30077162469150504
-1.4668606868986096,0.06103799619833647,0.5714554553952206,0.5220567971671294,1.8190099305579894,-0.9546229827165156
0.5381798787510635,-1.071417372252297,0.8270744142577618,-0.3248502978379406,-0.5497496100492676,-0.5361581135805088
1.309349327077861,1.5979417105241964,1.4843803084757252,-0.04254793283625061,-0.5497496100492676,-0.32692567901250535
-1.31262679723325,0.30370700372347226,-0.5970883565478255,1.8394678338416826,-0.5497496100492676,-0.850006765432514
-0.38722345924109325,-0.26252068050184457,0.7540404260113215,-0.04254793283625061,-0.5497496100492676,-0.22230946172850355
-2.0066793007273676,-0.9905277030772519,-0.7431563330407064,2.074719804676424,-0.5497496100492676,1.3469337975315219
-2.469380969723446,1.6788313796992416,-1.9847341332301929,1.7924174396747343,1.8190099305579894,0.4053878419755066
-1.3897437420659298,1.112603695473925,0.13325152591657824,1.604215863006941,-0.5497496100492676,-0.6407743308645104
-0.15587262474305405,0.06103799619833647,-0.5970883565478255,0.19270403799849103,-0.5497496100492676,-0.32692567901250535
0.9237646029144622,-0.7478586955521161,1.4113463202292849,-0.7012534511735272,-0.5497496100492676,2.4977121876555413
-0.5414573489064527,-0.019851672976708788,0.7175234318881013,0.23975443216543937,-0.5497496100492676,-0.9546229827165156
-0.5414573489064527,0.06103799619833647,-0.4510203800549448,1.2278127096713543,1.8190099305579894,-0.5361581135805088
1.3864662719105405,-0.4243000188519351,-0.1588844270691833,-1.8775133053472355,1.8190099305579894,0.30077162469150504
-1.1583929075678905,3.2966247632001466,0.20628551416301863,0.19270403799849103,-0.5497496100492676,-0.850006765432514
0.6152968235837433,-0.1816310113267993,1.0096593848738629,-0.8424046336743722,-0.5497496100492676,-0.850006765432514
-1.6982115213966487,-1.2331967106023876,-1.254394250765789,1.2748631038383027,1.8190099305579894,-0.9546229827165156
-1.7753284662293285,-1.4758657181275234,-2.1308021097230734,1.0866615271705093,-0.5497496100492676,-0.7453905481485121
0.6152968235837433,-0.7478586955521161,0.7540404260113215,0.8043591621688193,1.8190099305579894,-0.850006765432514
-1.2355098524005703,-0.019851672976708788,-0.012816450576302527,0.14565364383154272,-0.5497496100492676,-0.11769324444450185
-0.5414573489064527,-0.7478586955521161,0.16976852003979842,0.8514095563357676,-0.5497496100492676,-0.11769324444450185
-0.8499251282371717,-1.4758657181275234,0.49842146714878016,-0.37190069200488896,-0.5497496100492676,0.6146202765435103
-0.5414573489064527,0.14192766537338172,-0.26843540943884386,0.4279560088332327,-0.5497496100492676,-0.4315418962965071
-0.38722345924109325,0.3845966728985175,-0.5240543683013852,0.6161575855010261,-0.5497496100492676,-0.22230946172850355
0.46106293391838377,0.6272656804236533,-0.30495240356206404,-0.4660014803387856,-0.5497496100492676,0.30077162469150504
-0.15587262474305405,0.30370700372347226,0.8270744142577618,-0.08959832700319895,-0.5497496100492676,-0.6407743308645104
1.1551154374125014,-0.5860793572020256,1.1557273613667436,-0.08959832700319895,1.8190099305579894,0.8238527111115136
0.38394598908570404,1.2743830338240154,0.13325152591657824,-1.1247069986760623,-0.5497496100492676,2.9161770567915473
0.7695307132491027,0.9508243571238343,0.5349384612720003,0.47500640300018104,-0.5497496100492676,-0.7453905481485121
-1.004159017902531,-0.5051896880269804,-0.1588844270691833,-0.5601022686726822,1.8190099305579894,2.393095970371539
-0.2329895695757338,-0.1816310113267993,-0.3414693976852842,-0.13664872117014729,1.8190099305579894,-0.850006765432514
0.8466476580817824,-1.4758657181275234,-0.26843540943884386,-1.3129085753438556,-0.5497496100492676,2.4977121876555413
-0.7728081834044919,-0.9905277030772519,0.20628551416301863,-0.3248502978379406,1.8190099305579894,-0.850006765432514
-1.4668606868986096,0.06103799619833647,-0.1223674329459631,0.8514095563357676,-0.5497496100492676,-0.6407743308645104
0.46106293391838377,0.9508243571238343,-0.049333444699522715,-0.4660014803387856,-0.5497496100492676,-0.6407743308645104
-1.2355098524005703,-0.9905277030772519,-0.5605713624246054,0.7102583738349227,-0.5497496100492676,-0.4315418962965071
1.6178171064085798,0.3845966728985175,0.5349384612720003,-0.513051874505734,-0.5497496100492676,0.8238527111115136
0.692413768416423,-0.3434103496768898,-0.6336053506710457,0.05155285549764605,-0.5497496100492676,-0.850006765432514
-0.2329895695757338,-0.8287483647271614,0.6079724495184408,0.9455103446696643,-0.5497496100492676,-0.5361581135805088
1.000881547747142,0.22281733454842698,0.9731423907506426,-1.4540597578447005,1.8190099305579894,-0.9546229827165156
-1.6982115213966487,2.3259487330996036,-0.8892243095335871,1.463064680506096,-0.5497496100492676,-0.6407743308645104
1.9262848857392987,2.8112867481498753,-0.26843540943884386,-0.5601022686726822,-0.5497496100492676,-0.4315418962965071
-1.929562355894688,-0.9905277030772519,1.995618226200808,1.180762315504406,1.8190099305579894,-0.7453905481485121
0.5381798787510635,0.14192766537338172,-0.3779863918085044,-0.04254793283625061,-0.5497496100492676,-0.22230946172850355
0.5381798787510635,1.19349336464897,-0.5605713624246054,0.05155285549764605,1.8190099305579894,1.3469337975315219
1.9262848857392987,-1.314086379777433,0.2428025082862388,-1.1247069986760623,-0.5497496100492676,1.9746311012355324
0.07547820975498513,1.2743830338240154,0.5349384612720003,0.47500640300018104,-0.5497496100492676,0.09153919012350165
-0.9270420730698514,-0.6669690263770709,-0.41450338593172464,0.6632079796679744,-0.5497496100492676,1.7653986666675292
1.4635832167432203,-1.8803140640027498,2.6894411145419914,-1.218807787009959,-0.5497496100492676,2.1838635358035363
1.1551154374125014,-0.5051896880269804,-0.487537374178165,-1.3129085753438556,-0.5497496100492676,-0.850006765432514
-0.8499251282371717,0.3845966728985175,0.09673453179335804,-1.218807787009959,1.8190099305579894,-0.013077027160500168
-0.15587262474305405,-0.4243000188519351,-1.1813602625193487,-0.4660014803387856,1.8190099305579894,3.9623392296315645
-1.1583929075678905,1.0317140262988795,-0.0858504388227429,0.333855220499336,-0.5497496100492676,-0.7453905481485121
-1.2355098524005703,-0.9905277030772519,1.9591012320775878,-0.6542030570065789,-0.5497496100492676,0.8238527111115136
-0.46434040407377297,-0.5051896880269804,1.5208973025989454,0.7102583738349227,-0.5497496100492676,0.19615540740750323
0.692413768416423,-0.3434103496768898,0.023700543546917665,0.14565364383154272,-0.5497496100492676,0.9284689283955152
-0.5414573489064527,0.869934687948789,-0.5240543683013852,-0.3248502978379406,-0.5497496100492676,1.4515500148155238
0.2297120994203446,-1.1523070414273424,-0.1223674329459631,-2.0186644878480804,1.8190099305579894,2.7069446222235447
0.07547820975498513,-0.5051896880269804,-1.4004622272586698,0.6161575855010261,-0.5497496100492676,0.09153919012350165
1.3864662719105405,-0.5051896880269804,1.447863314352505,-2.2068660645158737,-0.5497496100492676,1.7653986666675292
-0.6956912385718121,-2.0420934023528403,-1.3274282390122294,0.757308768001871,-0.5497496100492676,-0.4315418962965071
-1.1583929075678905,-0.5051896880269804,-0.41450338593172464,0.004502461330697721,-0.5497496100492676,-0.11769324444450185
-0.3101065144084135,-1.4758657181275234,1.1557273613667436,-1.0306062103421656,-0.5497496100492676,-0.013077027160500168
-0.0016387350776945978,1.2743830338240154,-0.7431563330407064,0.004502461330697721,-0.5497496100492676,0.09153919012350165
-0.0016387350776945978,-0.6669690263770709,0.5714554553952206,-0.7953542395074239,1.8190099305579894,0.19615540740750323
-0.8499251282371717,-0.10074134215175404,-2.4959720509552756,2.1217701988433726,-0.5497496100492676,-0.6407743308645104
-1.0812759627352109,1.2743830338240154,0.6444894436416609,1.604215863006941,-0.5497496100492676,-0.11769324444450185
1.000881547747142,0.7081553495986985,0.9366253966274224,-1.924563699514184,1.8190099305579894,-0.9546229827165156
0.8466476580817824,-0.4243000188519351,-1.4734962155051101,-0.9835558161752173,-0.5497496100492676,-1.0592392000005173
-1.852445411062008,-0.5051896880269804,0.09673453179335804,1.7453670455077859,-0.5497496100492676,-0.6407743308645104
-1.31262679723325,0.3845966728985175,1.0096593848738629,1.2748631038383027,-0.5497496100492676,-0.850006765432514
-1.7753284662293285,-0.5051896880269804,0.863591408380982,0.5691071913340777,-0.5497496100492676,0.30077162469150504
0.6152968235837433,0.6272656804236533,-0.6701223447942659,-0.5601022686726822,-0.5497496100492676,-0.5361581135805088
0.692413768416423,-0.6669690263770709,1.1557273613667436,-0.7012534511735272,-0.5497496100492676,1.1377013629635189
0.2297120994203446,-0.10074134215175404,-1.8386661567373122,0.4279560088332327,-0.5497496100492676,-0.7453905481485121
0.15259515458766487,0.46548634207356276,0.49842146714878016,0.9455103446696643,-0.5497496100492676,-0.7453905481485121
1.4635832167432203,0.3845966728985175,-0.5970883565478255,-0.7953542395074239,-0.5497496100492676,0.30077162469150504
1.309349327077861,0.9508243571238343,-0.5240543683013852,-1.7363621228463906,-0.5497496100492676,-0.9546229827165156
1.1551154374125014,0.3845966728985175,0.4619044730255599,-0.7483038453404756,-0.5497496100492676,3.230025708643552
0.07547820975498513,-0.3434103496768898,2.6529241204187715,-1.2658581811769072,1.8190099305579894,0.9284689283955152
-0.9270420730698514,-1.2331967106023876,0.13325152591657824,1.0866615271705093,-0.5497496100492676,-0.850006765432514
-0.38722345924109325,0.06103799619833647,1.1192103672435234,-0.04254793283625061,-0.5497496100492676,-0.7453905481485121
-1.3897437420659298,-1.5567553873025688,-0.5605713624246054,0.5220567971671294,1.8190099305579894,0.6146202765435103
-0.38722345924109325,-0.10074134215175404,1.046176378997083,-0.513051874505734,1.8190099305579894,1.6607824493835275
-1.5439776317312892,-1.314086379777433,-0.1588844270691833,0.898459950502716,-0.5497496100492676,-0.7453905481485121
-1.7753284662293285,0.7890450187737438,-0.4510203800549448,2.1217701988433726,-0.5497496100492676,0.7192364938275118
0.07547820975498513,-0.6669690263770709,-0.41450338593172464,-0.6071526628396305,-0.5497496100492676,-0.850006765432514
0.15259515458766487,0.06103799619833647,-0.9622582977800275,-0.1836991153370956,-0.5497496100492676,0.19615540740750323
0.692413768416423,-0.3434103496768898,-0.7431563330407064,-0.2777999036709923,-0.5497496100492676,-0.11769324444450185
-1.929562355894688,-0.8287483647271614,0.2428025082862388,0.333855220499336,1.8190099305579894,1.1377013629635189
-1.004159017902531,-0.3434103496768898,0.5714554553952206,-0.08959832700319895,-0.5497496100492676,-0.6407743308645104
0.15259515458766487,-0.7478586955521161,-0.19540142119240347,-0.41895108617183724,-0.5497496100492676,1.7653986666675292
1.1551154374125014,-0.4243000188519351,-0.7066393389174862,-1.5481605461785972,-0.5497496100492676,-0.4315418962965071
0.2297120994203446,-0.5860793572020256,-0.8161903212871467,0.004502461330697721,-0.5497496100492676,-0.5361581135805088
-1.3897437420659298,0.7890450187737438,-0.049333444699522715,1.1337119213374576,1.8190099305579894,0.5100040592595084
0.38394598908570404,-0.5051896880269804,-0.26843540943884386,-0.8424046336743722,-0.5497496100492676,-0.6407743308645104
-0.5414573489064527,-0.9096380339022067,-0.487537374178165,1.6512662571738894,-0.5497496100492676,-0.9546229827165156
0.8466476580817824,-1.2331967106023876,0.6444894436416609,-0.04254793283625061,-0.5497496100492676,0.09153919012350165
1.232232382245181,-0.7478586955521161,-0.30495240356206404,0.333855220499336,-0.5497496100492676,1.3469337975315219
0.46106293391838377,-0.5051896880269804,-0.6701223447942659,-0.9365054220082689,-0.5497496100492676,-1.0592392000005173
0.2297120994203446,0.22281733454842698,0.023700543546917665,0.5691071913340777,-0.5497496100492676,1.4515500148155238
-1.5439776317312892,-0.7478586955521161,0.4619044730255599,2.1217701988433726,-0.5497496100492676,-0.22230946172850355
0.2297120994203446,-0.5860793572020256,1.3383123319828445,0.2868048263323877,-0.5497496100492676,-0.013077027160500168
-0.38722345924109325,-2.0420934023528403,-0.3779863918085044,-0.4660014803387856,-0.5497496100492676,-1.0592392000005173
1.7720509960739392,-0.5051896880269804,2.725958108665212,-2.395067641183667,-0.5497496100492676,2.079247318519534
-1.3897437420659298,1.112603695473925,0.13325152591657824,0.757308768001871,-0.5497496100492676,0.7192364938275118
-1.004159017902531,0.9508243571238343,-0.4510203800549448,1.0866615271705093,-0.5497496100492676,-0.22230946172850355
1.4635832167432203,-0.10074134215175404,-1.4004622272586698,-1.8775133053472355,1.8190099305579894,2.2884797530875374
0.07547820975498513,-0.10074134215175404,0.3523534906558994,0.333855220499336,-0.5497496100492676,-0.850006765432514
0.38394598908570404,-0.9096380339022067,0.7905574201345417,-0.7953542395074239,-0.5497496100492676,0.09153919012350165
1.1551154374125014,0.30370700372347226,-0.1223674329459631,-1.1247069986760623,-0.5497496100492676,-0.013077027160500168
0.692413768416423,0.7081553495986985,-2.3133870803391745,-1.0776566045091138,-0.5497496100492676,-0.9546229827165156
-0.38722345924109325,0.06103799619833647,0.6444894436416609,0.19270403799849103,-0.5497496100492676,-0.6407743308645104
0.5381798787510635,-0.1816310113267993,0.060217537670137856,-1.1717573928430105,-0.5497496100492676,-0.22230946172850355
-0.0016387350776945978,-1.314086379777433,0.7905574201345417,-0.8424046336743722,-0.5497496100492676,3.753106795063561
-0.46434040407377297,-0.3434103496768898,0.42538747890233974,-0.23074950950404394,-0.5497496100492676,-0.7453905481485121
0.692413768416423,0.22281733454842698,0.09673453179335804,-1.3129085753438556,-0.5497496100492676,-0.5361581135805088
1.5407001615759,-1.2331967106023876,0.5349384612720003,-1.218807787009959,-0.5497496100492676,1.2423175802475206
-0.0016387350776945978,1.0317140262988795,0.49842146714878016,-0.04254793283625061,-0.5497496100492676,1.8700148839515305
-1.1583929075678905,-0.9096380339022067,-0.8527073154103669,-0.08959832700319895,-0.5497496100492676,-0.7453905481485121
-0.3101065144084135,-0.6669690263770709,-0.5605713624246054,1.321913498005251,-0.5497496100492676,0.9284689283955152
0.3068290442530243,-0.3434103496768898,1.813033255584707,0.5691071913340777,1.8190099305579894,0.5100040592595084
0.8466476580817824,-2.7701004249282475,1.776516261461487,-1.8304629111802873,1.8190099305579894,1.3469337975315219
-1.3897437420659298,-0.4243000188519351,-1.8751831508605323,1.9806190163425277,-0.5497496100492676,0.4053878419755066
0.07547820975498513,-1.637645056477614,0.42538747890233974,-0.7483038453404756,-0.5497496100492676,-0.6407743308645104
0.6152968235837433,-0.019851672976708788,0.023700543546917665,-0.9835558161752173,-0.5497496100492676,0.6146202765435103
-0.6185742937391324,0.3845966728985175,-0.9257413036568073,-0.5601022686726822,-0.5497496100492676,-0.5361581135805088
0.3068290442530243,0.06103799619833647,0.5349384612720003,0.4279560088332327,-0.5497496100492676,-0.4315418962965071
-1.0812759627352109,-0.10074134215175404,-1.1813602625193487,0.6161575855010261,-0.5497496100492676,-0.850006765432514
-0.7728081834044919,0.7081553495986985,-1.9482171391069727,0.898459950502716,-0.5497496100492676,-0.013077027160500168
1.232232382245181,-0.1816310113267993,0.4619044730255599,-2.0186644878480804,1.8190099305579894,0.30077162469150504
-0.2329895695757338,1.436162372174106,-1.4734962155051101,0.7102583738349227,-0.5497496100492676,-0.5361581135805088
-0.46434040407377297,-0.7478586955521161,-0.5240543683013852,0.333855220499336,-0.5497496100492676,-0.7453905481485121
-1.0812759627352109,0.3845966728985175,-0.26843540943884386,0.898459950502716,-0.5497496100492676,-0.4315418962965071
1.6178171064085798,-0.1816310113267993,0.49842146714878016,-2.065714882015029,1.8190099305579894,0.7192364938275118
-0.15587262474305405,-0.9905277030772519,0.023700543546917665,0.5220567971671294,-0.5497496100492676,-0.6407743308645104
-2.6236148593888053,0.6272656804236533,-0.8161903212871467,1.7453670455077859,-0.5497496100492676,2.079247318519534
-2.3922640248907663,-1.394976048952478,0.5714554553952206,1.5101150746730443,-0.5497496100492676,-0.6407743308645104
0.5381798787510635,-0.5051896880269804,1.4113463202292849,-1.0306062103421656,1.8190099305579894,1.033085145679517
-0.3101065144084135,0.46548634207356276,0.7175234318881013,0.898459950502716,-0.5497496100492676,-0.850006765432514
1.6949340512412594,-1.5567553873025688,-1.2909112448890092,-1.0306062103421656,1.8190099305579894,-0.013077027160500168
0.6152968235837433,-0.4243000188519351,0.38887048477911956,-1.3129085753438556,-0.5497496100492676,0.09153919012350165
-0.46434040407377297,-0.26252068050184457,-1.6925981802444312,0.09860324966459438,-0.5497496100492676,1.3469337975315219
0.3068290442530243,-0.1816310113267993,0.060217537670137856,0.14565364383154272,-0.5497496100492676,-0.5361581135805088
2.3889865547353772,-1.071417372252297,-1.802149162614092,-1.6893117286794421,-0.5497496100492676,0.9284689283955152
0.2297120994203446,-1.1523070414273424,0.5714554553952206,-1.0776566045091138,1.8190099305579894,-0.32692567901250535
0.692413768416423,0.6272656804236533,-0.5240543683013852,-0.4660014803387856,-0.5497496100492676,0.7192364938275118
-0.8499251282371717,-0.8287483647271614,0.9001084025042022,1.3689638921721994,1.8190099305579894,0.19615540740750323
1.1551154374125014,-0.9905277030772519,-0.8892243095335871,0.09860324966459438,-0.5497496100492676,-0.4315418962965071
2.0034018305719785,-0.7478586955521161,-1.6925981802444312,-0.5601022686726822,1.8190099305579894,-0.6407743308645104
0.2297120994203446,1.6788313796992416,1.3383123319828445,-0.1836991153370956,-0.5497496100492676,0.30077162469150504
0.9237646029144622,1.112603695473925,-0.7066393389174862,0.8043591621688193,-0.5497496100492676,-0.9546229827165156
0.8466476580817824,-0.3434103496768898,-0.19540142119240347,-0.37190069200488896,-0.5497496100492676,3.0207932740755497
0.38394598908570404,0.9508243571238343,1.7034822732150465,0.8043591621688193,-0.5497496100492676,-0.22230946172850355
-1.004159017902531,-0.5860793572020256,0.8270744142577618,0.9455103446696643,-0.5497496100492676,-1.0592392000005173
0.38394598908570404,-0.8287483647271614,-0.9257413036568073,-0.9835558161752173,1.8190099305579894,0.5100040592595084
1.0779984925798216,0.3845966728985175,-1.035292286026468,-0.04254793283625061,-0.5497496100492676,-0.850006765432514
0.3068290442530243,0.06103799619833647,1.4843803084757252,0.23975443216543937,1.8190099305579894,-0.11769324444450185
-0.07875567991037433,-0.10074134215175404,1.1557273613667436,0.9455103446696643,-0.5497496100492676,-0.7453905481485121
-0.07875567991037433,0.869934687948789,1.630448284968606,-0.23074950950404394,1.8190099305579894,2.079247318519534
-0.5414573489064527,-0.9905277030772519,0.20628551416301863,0.5691071913340777,-0.5497496100492676,-0.6407743308645104
1.0779984925798216,-0.26252068050184457,-1.035292286026468,-0.23074950950404394,-0.5497496100492676,-0.9546229827165156
0.692413768416423,0.7890450187737438,-0.1223674329459631,-1.0776566045091138,1.8190099305579894,-0.7453905481485121
0.5381798787510635,-0.1816310113267993,0.4619044730255599,1.180762315504406,-0.5497496100492676,-0.9546229827165156
0.7695307132491027,1.840610718049332,1.9591012320775878,-0.513051874505734,-0.5497496100492676,0.19615540740750323
1.6178171064085798,2.0023900563994226,0.42538747890233974,-0.6071526628396305,-0.5497496100492676,-0.850006765432514
-0.2329895695757338,-1.1523070414273424,-0.5240543683013852,-0.9365054220082689,-0.5497496100492676,1.3469337975315219
-0.3101065144084135,-0.7478586955521161,-1.4004622272586698,0.9925607388366127,-0.5497496100492676,-0.9546229827165156
-0.6956912385718121,-1.1523070414273424,0.4619044730255599,0.6161575855010261,-0.5497496100492676,-0.6407743308645104
1.232232382245181,0.46548634207356276,2.0686522144472486,-0.9365054220082689,-0.5497496100492676,-0.32692567901250535
-1.621094576563969,-0.6669690263770709,-1.0718092801496881,-0.13664872117014729,-0.5497496100492676,-0.32692567901250535
1.309349327077861,-0.4243000188519351,0.49842146714878016,-1.218807787009959,-0.5497496100492676,-0.11769324444450185
-1.004159017902531,0.869934687948789,0.060217537670137856,0.4279560088332327,-0.5497496100492676,-0.32692567901250535
1.7720509960739392,0.22281733454842698,0.5714554553952206,-0.513051874505734,-0.5497496100492676,-0.7453905481485121
-0.15587262474305405,0.3845966728985175,-0.6701223447942659,0.5691071913340777,-0.5497496100492676,0.19615540740750323
1.232232382245181,-0.5860793572020256,0.7540404260113215,-0.4660014803387856,-0.5497496100492676,-0.850006765432514
-1.7753284662293285,0.06103799619833647,-0.5605713624246054,0.09860324966459438,1.8190099305579894,-0.5361581135805088
-0.6956912385718121,-3.0127694324533834,0.49842146714878016,0.8514095563357676,-0.5497496100492676,-1.0592392000005173
-1.004159017902531,0.22281733454842698,-0.7796733271639266,-0.04254793283625061,1.8190099305579894,-0.4315418962965071
-1.4668606868986096,1.112603695473925,-0.8161903212871467,1.604215863006941,-0.5497496100492676,0.09153919012350165
0.8466476580817824,0.869934687948789,-1.7656321684908716,-0.5601022686726822,-0.5497496100492676,-0.850006765432514
-0.0016387350776945978,-0.5051896880269804,0.5714554553952206,0.4279560088332327,-0.5497496100492676,-0.32692567901250535
-1.2355098524005703,-1.1523070414273424,-0.4510203800549448,1.3689638921721994,-0.5497496100492676,-0.22230946172850355
1.6949340512412594,0.22281733454842698,0.2428025082862388,0.05155285549764605,-0.5497496100492676,-0.850006765432514
1.6178171064085798,-0.1816310113267993,-1.035292286026468,-0.4660014803387856,-0.5497496100492676,-0.9546229827165156
-0.8499251282371717,1.0317140262988795,0.6444894436416609,1.5571654688399927,-0.5497496100492676,-0.850006765432514
-1.4668606868986096,-0.3434103496768898,0.16976852003979842,1.5101150746730443,-0.5497496100492676,-0.850006765432514
0.2297120994203446,-0.019851672976708788,0.5349384612720003,0.5220567971671294,-0.5497496100492676,-0.22230946172850355
-0.2329895695757338,-0.4243000188519351,0.6444894436416609,0.09860324966459438,-0.5497496100492676,-0.7453905481485121
-0.46434040407377297,-0.7478586955521161,1.2652783437364041,0.7102583738349227,-0.5497496100492676,-0.013077027160500168
-1.31262679723325,-1.7185347256526593,-1.3274282390122294,1.9806190163425277,-0.5497496100492676,-0.5361581135805088
0.7695307132491027,0.06103799619833647,0.6444894436416609,-1.3599589695108039,-0.5497496100492676,-0.4315418962965071
1.6949340512412594,0.3845966728985175,-0.8527073154103669,-0.41895108617183724,-0.5497496100492676,0.5100040592595084
0.3068290442530243,-1.1523070414273424,0.09673453179335804,-0.37190069200488896,-0.5497496100492676,-0.7453905481485121
-1.5439776317312892,-0.10074134215175404,0.09673453179335804,1.1337119213374576,-0.5497496100492676,-1.0592392000005173
-1.4668606868986096,0.7081553495986985,-0.3414693976852842,0.8514095563357676,-0.5497496100492676,-0.11769324444450185
0.8466476580817824,0.6272656804236533,0.9366253966274224,0.14565364383154272,-0.5497496100492676,-0.9546229827165156
-0.7728081834044919,2.8921764173249205,0.6444894436416609,1.2278127096713543,-0.5497496100492676,-0.9546229827165156
0.6152968235837433,0.14192766537338172,0.060217537670137856,0.2868048263323877,-0.5497496100492676,-0.7453905481485121
-0.8499251282371717,0.6272656804236533,-1.9117001449837525,1.039611133003561,-0.5497496100492676,-0.5361581135805088
-1.5439776317312892,0.46548634207356276,-0.5240543683013852,1.0866615271705093,-0.5497496100492676,-0.850006765432514
0.692413768416423,0.3845966728985175,0.20628551416301863,0.4279560088332327,-0.5497496100492676,-0.850006765432514
-0.46434040407377297,2.0832797255744677,0.7175234318881013,1.2278127096713543,-0.5497496100492676,-0.7453905481485121
0.07547820975498513,2.6495074097997846,-0.7796733271639266,0.5220567971671294,-0.5497496100492676,-0.32692567901250535
1.232232382245181,-0.26252068050184457,0.5714554553952206,1.321913498005251,-0.5497496100492676,-0.5361581135805088
0.8466476580817824,1.112603695473925,0.279319502409459,-0.6542030570065789,-0.5497496100492676,0.30077162469150504
-0.5414573489064527,1.2743830338240154,-0.3414693976852842,0.757308768001871,-0.5497496100492676,-0.9546229827165156
-0.2329895695757338,0.06103799619833647,-0.19540142119240347,0.23975443216543937,1.8190099305579894,1.6607824493835275
-0.0016387350776945978,0.869934687948789,1.776516261461487,-0.7012534511735272,1.8190099305579894,-0.6407743308645104
-0.46434040407377297,0.6272656804236533,-0.1223674329459631,0.47500640300018104,-0.5497496100492676,-1.0592392000005173
-0.3101065144084135,1.3552727029990606,-0.1223674329459631,1.1337119213374576,-0.5497496100492676,0.5100040592595084
1.0779984925798216,-0.7478586955521161,0.7905574201345417,-1.642261334512494,-0.5497496100492676,-0.32692567901250535
-0.6185742937391324,0.3845966728985175,-2.3133870803391745,-0.08959832700319895,-0.5497496100492676,-0.850006765432514
0.38394598908570404,0.14192766537338172,-0.4510203800549448,0.6161575855010261,-0.5497496100492676,-0.5361581135805088
0.692413768416423,-0.019851672976708788,-0.19540142119240347,0.47500640300018104,1.8190099305579894,-0.5361581135805088
1.309349327077861,-1.314086379777433,-0.26843540943884386,-2.1598156703489253,1.8190099305579894,1.3469337975315219
0.7695307132491027,-0.4243000188519351,1.9225842379543676,-0.3248502978379406,1.8190099305579894,-0.22230946172850355
-0.46434040407377297,2.2450590639245585,0.5349384612720003,0.09860324966459438,-0.5497496100492676,0.4053878419755066
1.1551154374125014,-2.0420934023528403,-0.3414693976852842,-1.924563699514184,-0.5497496100492676,-0.22230946172850355
1.0779984925798216,1.5979417105241964,0.7175234318881013,-0.6071526628396305,-0.5497496100492676,1.3469337975315219
1.1551154374125014,-0.26252068050184457,1.0826933731203032,-1.3599589695108039,1.8190099305579894,2.393095970371539
0.692413768416423,0.30370700372347226,-0.41450338593172464,-0.7012534511735272,-0.5497496100492676,0.19615540740750323
-0.5414573489064527,-0.9096380339022067,0.060217537670137856,0.5220567971671294,-0.5497496100492676,-0.6407743308645104
-1.5439776317312892,0.546376011248608,0.3158364965326792,0.4279560088332327,-0.5497496100492676,-0.7453905481485121
0.8466476580817824,-0.019851672976708788,-0.9257413036568073,0.23975443216543937,-0.5497496100492676,-0.11769324444450185
-2.1609131903927272,1.3552727029990606,-1.3274282390122294,0.898459950502716,-0.5497496100492676,-0.9546229827165156
-1.31262679723325,-0.10074134215175404,-0.6701223447942659,1.5571654688399927,-0.5497496100492676,3.230025708643552
0.6152968235837433,-1.314086379777433,1.046176378997083,-0.41895108617183724,1.8190099305579894,0.4053878419755066
-0.07875567991037433,-0.10074134215175404,0.9731423907506426,-0.513051874505734,-0.5497496100492676,3.753106795063561
1.000881547747142,0.06103799619833647,-0.1588844270691833,-0.37190069200488896,-0.5497496100492676,0.09153919012350165
0.692413768416423,0.9508243571238343,0.863591408380982,-1.3129085753438556,1.8190099305579894,0.6146202765435103
0.15259515458766487,-1.314086379777433,0.4619044730255599,-0.7483038453404756,-0.5497496100492676,-0.850006765432514
1.309349327077861,-0.7478586955521161,1.2652783437364041,-0.7953542395074239,-0.5497496100492676,-1.0592392000005173
-0.0016387350776945978,-0.26252068050184457,-1.6925981802444312,0.7102583738349227,1.8190099305579894,-0.9546229827165156
-2.1609131903927272,-0.3434103496768898,0.42538747890233974,1.6983166513408376,-0.5497496100492676,-0.11769324444450185
-0.2329895695757338,-2.2038727407029306,1.2652783437364041,0.47500640300018104,-0.5497496100492676,0.19615540740750323
-0.2329895695757338,-1.071417372252297,1.1922443554899638,-0.08959832700319895,-0.5497496100492676,-0.9546229827165156
0.9237646029144622,0.6272656804236533,2.725958108665212,-0.513051874505734,-0.5497496100492676,-0.4315418962965071
1.4635832167432203,-0.3434103496768898,-0.7431563330407064,-1.5011101520116488,-0.5497496100492676,-0.6407743308645104
-1.0812759627352109,-0.5051896880269804,0.060217537670137856,1.039611133003561,-0.5497496100492676,-0.32692567901250535
0.46106293391838377,-0.4243000188519351,-0.4510203800549448,-1.924563699514184,-0.5497496100492676,0.6146202765435103
-0.38722345924109325,0.22281733454842698,0.023700543546917665,0.38090561466628436,-0.5497496100492676,-0.11769324444450185
0.6152968235837433,1.0317140262988795,-0.5605713624246054,-0.08959832700319895,1.8190099305579894,-0.32692567901250535
-1.1583929075678905,0.06103799619833647,-1.035292286026468,0.47500640300018104,-0.5497496100492676,-0.9546229827165156
-0.5414573489064527,-0.6669690263770709,0.279319502409459,-0.6542030570065789,1.8190099305579894,1.7653986666675292
0.2297120994203446,-1.5567553873025688,0.060217537670137856,-0.23074950950404394,-0.5497496100492676,-0.11769324444450185
-0.0016387350776945978,0.14192766537338172,-0.1588844270691833,0.9925607388366127,-0.5497496100492676,-0.850006765432514
-0.9270420730698514,-0.5051896880269804,-1.3274282390122294,1.463064680506096,-0.5497496100492676,-0.850006765432514
-0.3101065144084135,0.14192766537338172,0.279319502409459,0.47500640300018104,-0.5497496100492676,-0.4315418962965071
-0.9270420730698514,-1.5567553873025688,-0.5240543683013852,-0.37190069200488896,-0.5497496100492676,-0.850006765432514
-1.4668606868986096,-1.4758657181275234,0.3158364965326792,1.3689638921721994,-0.5497496100492676,-0.6407743308645104
-1.004159017902531,-0.1816310113267993,-0.23191841531562368,1.2278127096713543,-0.5497496100492676,-0.32692567901250535
0.2297120994203446,0.14192766537338172,-0.0858504388227429,-0.513051874505734,-0.5497496100492676,-0.013077027160500168
2.0034018305719785,0.22281733454842698,0.6444894436416609,-1.7363621228463906,-0.5497496100492676,0.09153919012350165
-0.15587262474305405,0.14192766537338172,-0.0858504388227429,0.09860324966459438,-0.5497496100492676,-0.6407743308645104
-0.2329895695757338,-0.6669690263770709,1.6669652790918263,0.19270403799849103,-0.5497496100492676,-0.32692567901250535
-0.07875567991037433,0.46548634207356276,0.8270744142577618,-0.08959832700319895,1.8190099305579894,0.7192364938275118
-1.4668606868986096,-1.1523070414273424,0.09673453179335804,0.5691071913340777,1.8190099305579894,0.7192364938275118
-0.9270420730698514,0.06103799619833647,0.6810064377648811,0.19270403799849103,-0.5497496100492676,-0.850006765432514
1.309349327077861,-1.1523070414273424,1.1192103672435234,-1.642261334512494,-0.5497496100492676,-0.32692567901250535
2.3889865547353772,0.46548634207356276,0.6079724495184408,-1.5481605461785972,-0.5497496100492676,-0.22230946172850355
0.38394598908570404,0.546376011248608,0.8270744142577618,-1.2658581811769072,-0.5497496100492676,-0.11769324444450185
-0.2329895695757338,0.7081553495986985,-0.049333444699522715,0.8514095563357676,-0.5497496100492676,-0.6407743308645104
0.46106293391838377,0.14192766537338172,0.060217537670137856,0.9455103446696643,-0.5497496100492676,-0.11769324444450185
-1.0812759627352109,0.06103799619833647,1.1557273613667436,0.898459950502716,-0.5497496100492676,-0.7453905481485121
-1.3897437420659298,0.3845966728985175,-1.0718092801496881,0.8043591621688193,-0.5497496100492676,-0.4315418962965071
1.0779984925798216,-0.7478586955521161,1.5574142967221656,-1.6893117286794421,1.8190099305579894,-0.6407743308645104
-0.15587262474305405,-0.9905277030772519,0.023700543546917665,0.5220567971671294,-0.5497496100492676,-0.850006765432514
-0.3101065144084135,1.2743830338240154,-0.3414693976852842,0.19270403799849103,-0.5497496100492676,-0.6407743308645104
-1.621094576563969,-0.3434103496768898,-1.802149162614092,1.1337119213374576,-0.5497496100492676,-0.850006765432514
0.15259515458766487,0.3845966728985175,0.38887048477911956,-0.9835558161752173,-0.5497496100492676,-0.7453905481485121
2.5432204444007365,0.7081553495986985,1.7034822732150465,-1.7834125170133388,1.8190099305579894,0.30077162469150504
-1.4668606868986096,1.840610718049332,-0.5970883565478255,1.1337119213374576,-0.5497496100492676,0.6146202765435103
0.2297120994203446,2.4877280714496943,1.1922443554899638,-0.2777999036709923,-0.5497496100492676,-0.5361581135805088
-0.46434040407377297,-0.26252068050184457,-0.049333444699522715,0.47500640300018104,-0.5497496100492676,-0.6407743308645104
-0.6185742937391324,-0.26252068050184457,-0.3779863918085044,0.333855220499336,1.8190099305579894,-0.9546229827165156
-0.38722345924109325,-1.394976048952478,-1.2909112448890092,-0.1836991153370956,-0.5497496100492676,0.19615540740750323
-1.004159017902531,0.14192766537338172,-1.9847341332301929,1.3689638921721994,-0.5497496100492676,-0.22230946172850355
0.9237646029144622,-0.5051896880269804,-0.1223674329459631,-1.4540597578447005,-0.5497496100492676,0.4053878419755066
-2.777848749054165,0.14192766537338172,-1.2909112448890092,2.074719804676424,-0.5497496100492676,-0.5361581135805088
-0.07875567991037433,1.840610718049332,0.16976852003979842,0.6161575855010261,-0.5497496100492676,1.5561662320995255
0.2297120994203446,-0.26252068050184457,2.032135220324028,-1.5952109403455454,1.8190099305579894,-0.7453905481485121
-0.8499251282371717,-0.8287483647271614,0.20628551416301863,0.23975443216543937,-0.5497496100492676,1.033085145679517
0.7695307132491027,0.06103799619833647,-0.6336053506710457,-0.9835558161752173,-0.5497496100492676,-0.850006765432514
-1.004159017902531,-1.314086379777433,0.060217537670137856,0.333855220499336,-0.5497496100492676,3.0207932740755497
0.6152968235837433,-0.8287483647271614,0.4619044730255599,-1.9716140936811322,1.8190099305579894,1.3469337975315219
-0.5414573489064527,1.5979417105241964,-2.1308021097230734,0.333855220499336,-0.5497496100492676,-0.4315418962965071
-0.2329895695757338,1.6788313796992416,-0.0858504388227429,0.23975443216543937,-0.5497496100492676,-0.4315418962965071
-0.46434040407377297,0.22281733454842698,-0.1588844270691833,1.1337119213374576,-0.5497496100492676,-0.32692567901250535
-0.9270420730698514,2.1641693947495133,-0.9257413036568073,1.1337119213374576,1.8190099305579894,0.5100040592595084
1.000881547747142,-0.9905277030772519,-2.057768121476633,-1.924563699514184,-0.5497496100492676,0.09153919012350165
-1.004159017902531,1.6788313796992416,-0.5605713624246054,0.8514095563357676,-0.5497496100492676,-0.11769324444450185
0.2297120994203446,-0.8287483647271614,1.6669652790918263,-0.8894550278413206,1.8190099305579894,1.7653986666675292
0.6152968235837433,-0.7478586955521161,-0.7431563330407064,0.4279560088332327,-0.5497496100492676,0.30077162469150504
-1.004159017902531,1.5979417105241964,-1.5100132096283303,1.3689638921721994,-0.5497496100492676,1.8700148839515305
0.6152968235837433,0.869934687948789,-0.23191841531562368,0.6161575855010261,1.8190099305579894,-0.013077027160500168
0.692413768416423,0.46548634207356276,0.09673453179335804,0.47500640300018104,-0.5497496100492676,-0.7453905481485121
-1.004159017902531,1.9215003872243774,0.3523534906558994,-0.513051874505734,-0.5497496100492676,-0.9546229827165156
-0.3101065144084135,0.6272656804236533,0.3158364965326792,0.5220567971671294,-0.5497496100492676,0.30077162469150504
0.38394598908570404,0.7890450187737438,1.4843803084757252,0.9455103446696643,-0.5497496100492676,0.7192364938275118
-0.38722345924109325,0.06103799619833647,0.42538747890233974,0.6161575855010261,-0.5497496100492676,0.5100040592595084
0.9237646029144622,1.517052041349151,0.060217537670137856,1.2278127096713543,-0.5497496100492676,0.19615540740750323
0.38394598908570404,0.06103799619833647,-0.9987752919032477,-0.7483038453404756,-0.5497496100492676,1.6607824493835275
0.38394598908570404,0.7890450187737438,-0.8527073154103669,-0.3248502978379406,-0.5497496100492676,-1.0592392000005173
-0.5414573489064527,0.9508243571238343,2.178203196816909,0.8514095563357676,-0.5497496100492676,1.1377013629635189
0.15259515458766487,-0.5860793572020256,-1.0718092801496881,0.5691071913340777,1.8190099305579894,-0.22230946172850355
1.5407001615759,2.1641693947495133,-0.6336053506710457,-1.7363621228463906,-0.5497496100492676,-0.850006765432514
2.0805187754046583,-0.4243000188519351,-0.41450338593172464,-1.3129085753438556,-0.5497496100492676,-0.6407743308645104
-1.621094576563969,0.14192766537338172,1.3017953378596243,1.039611133003561,-0.5497496100492676,-0.5361581135805088
0.7695307132491027,-0.019851672976708788,1.995618226200808,-0.8424046336743722,1.8190099305579894,0.30077162469150504
-0.8499251282371717,-1.7185347256526593,2.4338221556794504,-0.13664872117014729,-0.5497496100492676,-0.7453905481485121
0.3068290442530243,-0.1816310113267993,-0.9257413036568073,0.004502461330697721,-0.5497496100492676,-0.5361581135805088
0.15259515458766487,-0.10074134215175404,-0.30495240356206404,0.05155285549764605,-0.5497496100492676,0.8238527111115136
-1.4668606868986096,-0.10074134215175404,-0.9987752919032477,1.321913498005251,-0.5497496100492676,-0.6407743308645104
-0.46434040407377297,-0.4243000188519351,-0.6336053506710457,0.38090561466628436,-0.5497496100492676,-0.850006765432514
-0.2329895695757338,-0.26252068050184457,0.3158364965326792,0.38090561466628436,-0.5497496100492676,0.8238527111115136
-1.0812759627352109,0.3845966728985175,-2.021251127353413,0.5220567971671294,-0.5497496100492676,-0.850006765432514
0.46106293391838377,1.2743830338240154,0.13325152591657824,-0.37190069200488896,-0.5497496100492676,2.811560839507546
0.15259515458766487,-0.019851672976708788,-0.012816450576302527,-0.04254793283625061,-0.5497496100492676,-0.850006765432514
0.2297120994203446,-0.6669690263770709,-1.6925981802444312,0.38090561466628436,1.8190099305579894,-0.850006765432514
-0.0016387350776945978,2.0832797255744677,0.16976852003979842,0.333855220499336,-0.5497496100492676,-0.4315418962965071
-0.6956912385718121,1.112603695473925,-2.203836097969514,1.5571654688399927,-0.5497496100492676,-0.5361581135805088
0.15259515458766487,-0.3434103496768898,-0.3414693976852842,-0.1836991153370956,-0.5497496100492676,-0.013077027160500168
-1.6982115213966487,0.7081553495986985,-0.4510203800549448,0.898459950502716,-0.5497496100492676,-0.32692567901250535
-1.0812759627352109,-0.9096380339022067,-0.3779863918085044,0.47500640300018104,-0.5497496100492676,0.7192364938275118
-1.004159017902531,-0.7478586955521161,-1.2909112448890092,0.7102583738349227,1.8190099305579894,-0.32692567901250535
0.8466476580817824,0.546376011248608,-1.6925981802444312,0.4279560088332327,-0.5497496100492676,-1.0592392000005173
1.232232382245181,0.14192766537338172,1.046176378997083,-1.642261334512494,-0.5497496100492676,-0.6407743308645104
0.5381798787510635,-0.9096380339022067,0.8270744142577618,-0.8894550278413206,-0.5497496100492676,0.19615540740750323
2.7745712788987755,-2.2038727407029306,-0.3414693976852842,-3.383125918689582,1.8190099305579894,-0.7453905481485121
-0.46434040407377297,-1.8803140640027498,-0.5970883565478255,0.19270403799849103,-0.5497496100492676,-0.4315418962965071
-0.15587262474305405,-0.26252068050184457,-1.0718092801496881,-0.7953542395074239,1.8190099305579894,0.30077162469150504
-0.8499251282371717,-1.2331967106023876,0.4619044730255599,0.5691071913340777,1.8190099305579894,-0.013077027160500168
1.7720509960739392,0.14192766537338172,0.6444894436416609,-1.0776566045091138,-0.5497496100492676,0.7192364938275118
-0.5414573489064527,0.22281733454842698,-0.8161903212871467,0.898459950502716,-0.5497496100492676,1.5561662320995255
0.5381798787510635,0.06103799619833647,0.6810064377648811,0.19270403799849103,-0.5497496100492676,0.09153919012350165
-0.15587262474305405,-1.394976048952478,-0.5605713624246054,0.14565364383154272,-0.5497496100492676,0.30077162469150504
1.309349327077861,-1.8803140640027498,-0.23191841531562368,-0.2777999036709923,-0.5497496100492676,-0.4315418962965071
-0.6956912385718121,1.19349336464897,-1.2909112448890092,0.6632079796679744,-0.5497496100492676,-0.6407743308645104
-0.6185742937391324,-1.071417372252297,-0.3779863918085044,1.886518228008631,-0.5497496100492676,-0.850006765432514
2.6203373892334163,-1.1523070414273424,0.3158364965326792,-2.8185211886862023,1.8190099305579894,0.6146202765435103
0.9237646029144622,-0.4243000188519351,-1.1448432683961285,0.19270403799849103,-0.5497496100492676,2.2884797530875374
-1.6982115213966487,0.14192766537338172,0.5714554553952206,0.7102583738349227,-0.5497496100492676,0.09153919012350165
-1.4668606868986096,2.0023900563994226,-0.049333444699522715,2.1217701988433726,-0.5497496100492676,-0.5361581135805088
-0.3101065144084135,-1.394976048952478,-1.802149162614092,-0.7012534511735272,1.8190099305579894,2.079247318519534
-0.6185742937391324,0.546376011248608,0.060217537670137856,0.5220567971671294,-0.5497496100492676,-0.5361581135805088
-0.15587262474305405,2.9730660864999656,-0.8527073154103669,0.19270403799849103,1.8190099305579894,1.1377013629635189
0.2297120994203446,1.19349336464897,-0.7066393389174862,0.898459950502716,-0.5497496100492676,-0.850006765432514
0.15259515458766487,0.3845966728985175,1.3748293261060647,-0.8894550278413206,1.8190099305579894,0.30077162469150504
-2.2380301352254066,-0.26252068050184457,-0.6701223447942659,0.6632079796679744,1.8190099305579894,0.30077162469150504
1.6949340512412594,0.22281733454842698,2.2877541791865696,-1.1717573928430105,-0.5497496100492676,-0.4315418962965071
-0.9270420730698514,1.759721048874287,0.2428025082862388,0.9455103446696643,-0.5497496100492676,1.033085145679517
-0.9270420730698514,0.9508243571238343,-0.8527073154103669,0.757308768001871,-0.5497496100492676,-1.0592392000005173
-0.9270420730698514,-0.26252068050184457,0.7905574201345417,0.333855220499336,-0.5497496100492676,-0.4315418962965071
-1.31262679723325,0.46548634207356276,-0.6336053506710457,0.9925607388366127,-0.5497496100492676,-0.7453905481485121
1.232232382245181,-0.019851672976708788,0.38887048477911956,-0.9835558161752173,-0.5497496100492676,-0.850006765432514
-0.2329895695757338,-0.26252068050184457,-1.2178772566425689,-0.23074950950404394,-0.5497496100492676,-0.7453905481485121
-0.07875567991037433,1.6788313796992416,1.5939312908453858,0.47500640300018104,-0.5497496100492676,0.4053878419755066
1.000881547747142,0.14192766537338172,-0.9987752919032477,-0.41895108617183724,-0.5497496100492676,0.09153919012350165
0.15259515458766487,0.14192766537338172,-0.049333444699522715,-0.13664872117014729,-0.5497496100492676,-0.22230946172850355
-1.2355098524005703,1.19349336464897,0.6444894436416609,0.6632079796679744,-0.5497496100492676,-0.5361581135805088
1.0779984925798216,-0.8287483647271614,0.09673453179335804,-1.0306062103421656,1.8190099305579894,0.4053878419755066
0.15259515458766487,-0.8287483647271614,-0.5240543683013852,0.2868048263323877,-0.5497496100492676,-0.5361581135805088
-1.0812759627352109,-2.6892107557532023,0.279319502409459,-0.8894550278413206,-0.5497496100492676,1.3469337975315219
-2.469380969723446,-1.8803140640027498,-0.30495240356206404,-0.513051874505734,-0.5497496100492676,-0.5361581135805088
-0.0016387350776945978,-1.961203733177795,0.9366253966274224,-0.04254793283625061,-0.5497496100492676,-0.850006765432514
2.3889865547353772,-0.6669690263770709,0.42538747890233974,-2.489168429517564,1.8190099305579894,-0.850006765432514
-0.46434040407377297,0.3845966728985175,0.38887048477911956,-1.3129085753438556,-0.5497496100492676,-0.32692567901250535
-0.3101065144084135,-1.5567553873025688,-1.6195641919979908,0.333855220499336,-0.5497496100492676,-0.9546229827165156
-0.0016387350776945978,-1.637645056477614,0.863591408380982,-0.9835558161752173,-0.5497496100492676,-0.7453905481485121
0.07547820975498513,-0.7478586955521161,0.6810064377648811,-0.5601022686726822,-0.5497496100492676,0.19615540740750323
-0.15587262474305405,-0.10074134215175404,0.9731423907506426,1.6983166513408376,-0.5497496100492676,-1.0592392000005173
0.9237646029144622,-1.7185347256526593,0.7905574201345417,-0.9365054220082689,1.8190099305579894,2.079247318519534
-0.0016387350776945978,1.2743830338240154,-1.035292286026468,-0.23074950950404394,-0.5497496100492676,-0.850006765432514
1.232232382245181,0.6272656804236533,1.0826933731203032,-1.0776566045091138,-0.5497496100492676,-0.22230946172850355
0.8466476580817824,-1.2331967106023876,-0.3779863918085044,-0.2777999036709923,-0.5497496100492676,-0.11769324444450185
-0.6185742937391324,1.6788313796992416,0.9366253966274224,1.180762315504406,1.8190099305579894,-0.850006765432514
1.309349327077861,0.7890450187737438,-1.1448432683961285,-1.0306062103421656,1.8190099305579894,1.033085145679517
-1.31262679723325,0.7890450187737438,0.6079724495184408,1.1337119213374576,-0.5497496100492676,1.9746311012355324
-0.6185742937391324,-0.019851672976708788,0.6810064377648811,0.757308768001871,-0.5497496100492676,-0.4315418962965071
0.46106293391838377,-0.1816310113267993,-0.7066393389174862,0.333855220499336,-0.5497496100492676,-0.32692567901250535
-0.5414573489064527,0.3845966728985175,-2.1308021097230734,-0.9365054220082689,-0.5497496100492676,-0.5361581135805088
1.0779984925798216,0.22281733454842698,0.6810064377648811,-0.37190069200488896,1.8190099305579894,1.6607824493835275
0.07547820975498513,0.22281733454842698,-1.2909112448890092,-0.13664872117014729,-0.5497496100492676,-0.22230946172850355
0.6152968235837433,2.0023900563994226,0.023700543546917665,-0.6071526628396305,-0.5497496100492676,0.09153919012350165
0.15259515458766487,1.2743830338240154,-1.3639452331354496,0.333855220499336,-0.5497496100492676,0.19615540740750323
1.5407001615759,0.3845966728985175,-1.254394250765789,-0.37190069200488896,-0.5497496100492676,-0.9546229827165156
-0.15587262474305405,0.06103799619833647,2.178203196816909,-0.7012534511735272,1.8190099305579894,1.6607824493835275
1.4635832167432203,-1.4758657181275234,-0.26843540943884386,-1.0776566045091138,1.8190099305579894,5.7408149234595935
2.7745712788987755,-0.3434103496768898,-0.7796733271639266,-2.4421180353506156,-0.5497496100492676,0.19615540740750323
0.8466476580817824,0.46548634207356276,-0.8161903212871467,-0.5601022686726822,-0.5497496100492676,-0.5361581135805088
0.692413768416423,1.2743830338240154,-1.2178772566425689,0.8043591621688193,-0.5497496100492676,0.30077162469150504
0.6152968235837433,1.5979417105241964,-1.7291151743676514,-0.1836991153370956,1.8190099305579894,-0.6407743308645104
0.9237646029144622,-0.4243000188519351,-0.1223674329459631,-0.4660014803387856,-0.5497496100492676,0.4053878419755066
-0.07875567991037433,-1.1523070414273424,-0.9257413036568073,-0.2777999036709923,-0.5497496100492676,-0.5361581135805088
-0.07875567991037433,0.22281733454842698,1.813033255584707,0.6161575855010261,-0.5497496100492676,0.5100040592595084
1.3864662719105405,-0.5051896880269804,-0.0858504388227429,-1.3599589695108039,1.8190099305579894,-0.6407743308645104
-1.0812759627352109,-0.9905277030772519,-0.8161903212871467,1.0866615271705093,1.8190099305579894,0.8238527111115136
0.38394598908570404,-1.071417372252297,1.0826933731203032,-0.7012534511735272,-0.5497496100492676,-0.9546229827165156
-0.9270420730698514,1.112603695473925,-1.3639452331354496,1.039611133003561,-0.5497496100492676,-0.4315418962965071
0.5381798787510635,-1.2331967106023876,2.6529241204187715,-0.6542030570065789,-0.5497496100492676,-0.6407743308645104
0.38394598908570404,1.3552727029990606,-0.3414693976852842,0.898459950502716,-0.5497496100492676,-0.7453905481485121
0.46106293391838377,-1.5567553873025688,-0.4510203800549448,-0.04254793283625061,-0.5497496100492676,-0.7453905481485121
0.692413768416423,-0.7478586955521161,0.279319502409459,-0.7953542395074239,-0.5497496100492676,0.19615540740750323
0.38394598908570404,0.3845966728985175,-0.8161903212871467,-0.5601022686726822,-0.5497496100492676,0.6146202765435103
0.07547820975498513,-0.5051896880269804,1.1192103672435234,-0.6542030570065789,1.8190099305579894,0.9284689283955152
1.000881547747142,-1.071417372252297,1.1922443554899638,-2.0186644878480804,-0.5497496100492676,0.5100040592595084
-0.15587262474305405,-0.1816310113267993,0.4619044730255599,0.8043591621688193,-0.5497496100492676,-0.11769324444450185
0.5381798787510635,-0.019851672976708788,0.2428025082862388,-0.8894550278413206,-0.5497496100492676,1.033085145679517
0.3068290442530243,-0.5051896880269804,0.9731423907506426,-0.6542030570065789,-0.5497496100492676,-0.013077027160500168
-0.38722345924109325,-1.314086379777433,-1.8386661567373122,0.8043591621688193,-0.5497496100492676,-0.22230946172850355
-0.6956912385718121,0.3845966728985175,0.42538747890233974,-0.41895108617183724,-0.5497496100492676,0.9284689283955152
-0.2329895695757338,1.112603695473925,0.5714554553952206,0.05155285549764605,-0.5497496100492676,0.09153919012350165
1.7720509960739392,0.30370700372347226,-2.4959720509552756,-1.0776566045091138,-0.5497496100492676,-1.0592392000005173
0.692413768416423,-0.6669690263770709,1.8860672438311474,-1.0306062103421656,-0.5497496100492676,0.5100040592595084
0.7695307132491027,0.14192766537338172,1.1192103672435234,-2.0186644878480804,-0.5497496100492676,3.753106795063561
0.2297120994203446,-0.019851672976708788,1.447863314352505,0.05155285549764605,-0.5497496100492676,-0.5361581135805088
-0.6185742937391324,-0.6669690263770709,1.7399992673382667,0.09860324966459438,-0.5497496100492676,-0.4315418962965071
0.07547820975498513,-1.5567553873025688,0.863591408380982,-1.1247069986760623,1.8190099305579894,-0.32692567901250535
-0.15587262474305405,0.22281733454842698,-0.23191841531562368,0.7102583738349227,-0.5497496100492676,0.6146202765435103
0.15259515458766487,1.3552727029990606,-1.3274282390122294,0.7102583738349227,1.8190099305579894,-0.11769324444450185
1.6949340512412594,1.112603695473925,1.9225842379543676,-1.924563699514184,1.8190099305579894,-0.013077027160500168
0.46106293391838377,-1.637645056477614,0.863591408380982,-1.8304629111802873,-0.5497496100492676,0.7192364938275118
0.6152968235837433,0.30370700372347226,-0.4510203800549448,-0.9835558161752173,-0.5497496100492676,-0.11769324444450185
-0.7728081834044919,0.3845966728985175,-0.6701223447942659,0.5691071913340777,-0.5497496100492676,-0.850006765432514
2.0805187754046583,-0.4243000188519351,1.1192103672435234,-1.7834125170133388,-0.5497496100492676,0.09153919012350165
-1.1583929075678905,-0.7478586955521161,-1.0718092801496881,0.8514095563357676,-0.5497496100492676,1.6607824493835275
-0.6956912385718121,-0.019851672976708788,0.3523534906558994,-1.0776566045091138,1.8190099305579894,-0.32692567901250535
0.15259515458766487,0.7081553495986985,1.0826933731203032,-0.7012534511735272,1.8190099305579894,0.6146202765435103
1.000881547747142,-0.3434103496768898,-0.7431563330407064,-1.0776566045091138,-0.5497496100492676,-0.6407743308645104
0.46106293391838377,-2.284762409877976,0.7540404260113215,-0.7012534511735272,1.8190099305579894,-0.6407743308645104
0.15259515458766487,-1.1523070414273424,0.13325152591657824,0.09860324966459438,-0.5497496100492676,-0.850006765432514
-0.3101065144084135,0.546376011248608,-1.1813602625193487,-0.513051874505734,1.8190099305579894,-0.4315418962965071
-0.8499251282371717,0.6272656804236533,-1.4734962155051101,0.757308768001871,-0.5497496100492676,0.09153919012350165
0.8466476580817824,-1.2331967106023876,0.4619044730255599,-0.7483038453404756,-0.5497496100492676,-0.7453905481485121
1.000881547747142,0.7890450187737438,-0.23191841531562368,-0.513051874505734,-0.5497496100492676,-0.5361581135805088
0.38394598908570404,0.14192766537338172,0.13325152591657824,0.2868048263323877,-0.5497496100492676,-0.4315418962965071
-1.0812759627352109,2.5686177406247395,-0.3414693976852842,0.7102583738349227,-0.5497496100492676,-0.7453905481485121
-0.8499251282371717,0.6272656804236533,0.7540404260113215,-0.2777999036709923,1.8190099305579894,-0.32692567901250535
-0.6956912385718121,-1.8803140640027498,0.38887048477911956,0.757308768001871,-0.5497496100492676,0.09153919012350165
1.5407001615759,1.0317140262988795,-0.0858504388227429,-2.630319612018409,-0.5497496100492676,0.4053878419755066
1.309349327077861,-0.4243000188519351,-1.0718092801496881,-0.5601022686726822,-0.5497496100492676,-0.4315418962965071
-1.1583929075678905,-1.071417372252297,-0.9622582977800275,0.6632079796679744,-0.5497496100492676,-0.850006765432514
-0.9270420730698514,0.7081553495986985,-1.2178772566425689,0.47500640300018104,-0.5497496100492676,-0.6407743308645104
0.46106293391838377,-1.1523070414273424,0.4619044730255599,-1.642261334512494,-0.5497496100492676,3.3346419259275546
-0.2329895695757338,-0.3434103496768898,-0.5240543683013852,1.2278127096713543,-0.5497496100492676,-0.5361581135805088
-0.8499251282371717,-1.1523070414273424,-1.3274282390122294,1.463064680506096,-0.5497496100492676,-0.6407743308645104
1.849167940906619,-0.10074134215175404,0.023700543546917665,-1.4070093636777523,-0.5497496100492676,-0.7453905481485121
-1.31262679723325,-0.1816310113267993,0.4619044730255599,2.074719804676424,-0.5497496100492676,-0.9546229827165156
0.8466476580817824,0.7890450187737438,-0.6701223447942659,0.5220567971671294,-0.5497496100492676,0.30077162469150504
2.0805187754046583,0.546376011248608,0.7905574201345417,-1.218807787009959,-0.5497496100492676,-0.22230946172850355
1.0779984925798216,-2.0420934023528403,1.5939312908453858,-2.630319612018409,-0.5497496100492676,-0.6407743308645104
-1.6982115213966487,-0.8287483647271614,-1.3274282390122294,1.9335686221755792,1.8190099305579894,-0.5361581135805088
-1.0812759627352109,0.30370700372347226,-2.203836097969514,0.5691071913340777,-0.5497496100492676,-0.5361581135805088
-1.621094576563969,1.0317140262988795,-0.5240543683013852,1.180762315504406,-0.5497496100492676,-0.850006765432514
-0.0016387350776945978,-0.1816310113267993,-2.4959720509552756,-0.9365054220082689,-0.5497496100492676,1.3469337975315219
2.3118696099026974,1.517052041349151,-0.487537374178165,-2.4421180353506156,-0.5497496100492676,-0.013077027160500168
-0.07875567991037433,0.06103799619833647,-0.0858504388227429,-0.8424046336743722,1.8190099305579894,0.7192364938275118
1.9262848857392987,-1.8803140640027498,-0.6701223447942659,-1.924563699514184,-0.5497496100492676,0.4053878419755066
0.692413768416423,-0.3434103496768898,1.1557273613667436,-2.0186644878480804,-0.5497496100492676,0.8238527111115136
-2.0066793007273676,-1.2331967106023876,-0.3779863918085044,1.5571654688399927,-0.5497496100492676,-0.7453905481485121
1.6178171064085798,-1.071417372252297,-0.049333444699522715,0.757308768001871,-0.5497496100492676,-0.6407743308645104
-0.6185742937391324,0.22281733454842698,-0.012816450576302527,0.757308768001871,-0.5497496100492676,-0.32692567901250535
-1.1583929075678905,-1.1523070414273424,-0.6701223447942659,1.3689638921721994,-0.5497496100492676,-0.6407743308645104
-2.700731804221485,-0.8287483647271614,0.060217537670137856,0.8514095563357676,1.8190099305579894,3.3346419259275546
-0.07875567991037433,-2.8509900941032926,-1.5100132096283303,-0.37190069200488896,-0.5497496100492676,0.30077162469150504
-0.07875567991037433,-0.9096380339022067,-0.6336053506710457,0.19270403799849103,-0.5497496100492676,-0.11769324444450185
1.309349327077861,-0.6669690263770709,-0.487537374178165,-1.5481605461785972,1.8190099305579894,-0.9546229827165156
0.5381798787510635,0.22281733454842698,0.8270744142577618,0.004502461330697721,-0.5497496100492676,-0.5361581135805088
0.9237646029144622,0.06103799619833647,1.0096593848738629,-2.3009668528497706,-0.5497496100492676,0.9284689283955152
0.46106293391838377,0.3845966728985175,-2.4594550568320552,0.38090561466628436,-0.5497496100492676,-0.9546229827165156
-0.6956912385718121,-0.019851672976708788,-0.1588844270691833,0.14565364383154272,-0.5497496100492676,-0.22230946172850355
0.15259515458766487,-0.3434103496768898,-1.5830471978747707,-0.23074950950404394,-0.5497496100492676,0.19615540740750323
1.000881547747142,-1.2331967106023876,0.20628551416301863,-0.6071526628396305,-0.5497496100492676,-0.32692567901250535
-0.38722345924109325,-1.394976048952478,-1.9482171391069727,0.5220567971671294,1.8190099305579894,-0.32692567901250535
-0.7728081834044919,-0.3434103496768898,-0.19540142119240347,2.1217701988433726,1.8190099305579894,-0.6407743308645104
-0.15587262474305405,1.759721048874287,-1.656081186121211,-0.3248502978379406,-0.5497496100492676,-0.11769324444450185
-0.07875567991037433,0.869934687948789,0.38887048477911956,0.333855220499336,-0.5497496100492676,-0.11769324444450185
-1.3897437420659298,-0.26252068050184457,0.3523534906558994,0.6632079796679744,-0.5497496100492676,-0.32692567901250535
-0.6956912385718121,0.30370700372347226,-0.26843540943884386,0.9455103446696643,-0.5497496100492676,0.5100040592595084
1.849167940906619,1.112603695473925,0.9731423907506426,-1.4540597578447005,-0.5497496100492676,0.09153919012350165
-0.3101065144084135,-0.7478586955521161,-0.0858504388227429,-1.2658581811769072,-0.5497496100492676,-0.9546229827165156
-0.5414573489064527,-0.10074134215175404,-0.19540142119240347,0.47500640300018104,-0.5497496100492676,-0.7453905481485121
-0.3101065144084135,-0.3434103496768898,-0.4510203800549448,-0.8894550278413206,-0.5497496100492676,0.30077162469150504
-0.9270420730698514,0.6272656804236533,-1.43697922138189,0.9455103446696643,-0.5497496100492676,-0.11769324444450185
-0.7728081834044919,-0.10074134215175404,0.42538747890233974,0.05155285549764605,-0.5497496100492676,-0.6407743308645104
2.3118696099026974,-1.8803140640027498,0.9731423907506426,-2.1127652761819773,-0.5497496100492676,0.30077162469150504
-0.9270420730698514,1.517052041349151,-0.5605713624246054,0.19270403799849103,-0.5497496100492676,-0.013077027160500168
1.7720509960739392,-0.26252068050184457,-1.1083262742729083,-0.8424046336743722,-0.5497496100492676,1.6607824493835275
0.07547820975498513,1.19349336464897,0.9731423907506426,0.6632079796679744,-0.5497496100492676,-0.9546229827165156
0.2297120994203446,-0.6669690263770709,0.2428025082862388,-0.13664872117014729,-0.5497496100492676,0.09153919012350165
1.6178171064085798,-1.394976048952478,0.38887048477911956,-2.630319612018409,1.8190099305579894,-0.850006765432514
-0.15587262474305405,-0.10074134215175404,-0.049333444699522715,0.5691071913340777,-0.5497496100492676,1.033085145679517
0.9237646029144622,-0.6669690263770709,0.16976852003979842,-1.1717573928430105,1.8190099305579894,0.4053878419755066
0.07547820975498513,-2.608321086578157,-0.6336053506710457,-0.13664872117014729,-0.5497496100492676,-0.013077027160500168
1.232232382245181,-1.7994243948277044,-0.3414693976852842,-3.0537731595209436,-0.5497496100492676,-0.4315418962965071
1.0779984925798216,-1.7994243948277044,-0.41450338593172464,-0.513051874505734,-0.5497496100492676,-0.11769324444450185
0.5381798787510635,0.46548634207356276,0.09673453179335804,-0.13664872117014729,-0.5497496100492676,0.19615540740750323
-0.8499251282371717,0.546376011248608,0.09673453179335804,1.5101150746730443,-0.5497496100492676,-0.9546229827165156
-0.7728081834044919,-0.26252068050184457,1.046176378997083,-0.04254793283625061,-0.5497496100492676,-0.7453905481485121
0.692413768416423,-0.7478586955521161,1.9591012320775878,-0.513051874505734,-0.5497496100492676,-0.11769324444450185
-0.7728081834044919,1.19349336464897,-0.1223674329459631,1.3689638921721994,-0.5497496100492676,-0.013077027160500168
-0.2329895695757338,1.2743830338240154,-0.3414693976852842,-0.7953542395074239,-0.5497496100492676,-1.0592392000005173
-0.0016387350776945978,0.9508243571238343,-0.5240543683013852,0.14565364383154272,-0.5497496100492676,-0.013077027160500168
1.3864662719105405,-0.26252068050184457,0.16976852003979842,0.19270403799849103,-0.5497496100492676,1.2423175802475206
-2.0837962455600474,-2.5274314174031116,-0.9622582977800275,1.5571654688399927,-0.5497496100492676,-0.6407743308645104
-2.0066793007273676,-1.071417372252297,-0.7431563330407064,1.886518228008631,-0.5497496100492676,-0.9546229827165156
-0.0016387350776945978,-0.6669690263770709,-0.5240543683013852,0.6632079796679744,-0.5497496100492676,0.09153919012350165
-2.1609131903927272,-0.7478586955521161,-0.049333444699522715,2.027669410509476,-0.5497496100492676,-0.32692567901250535
-1.621094576563969,1.0317140262988795,0.6810064377648811,1.321913498005251,1.8190099305579894,0.09153919012350165
0.5381798787510635,-1.5567553873025688,-0.26843540943884386,-1.4070093636777523,1.8190099305579894,-0.9546229827165156
-0.2329895695757338,1.112603695473925,0.3158364965326792,1.2748631038383027,-0.5497496100492676,-1.0592392000005173
-0.2329895695757338,-0.10074134215175404,0.42538747890233974,0.5691071913340777,-0.5497496100492676,-0.6407743308645104
-1.929562355894688,0.30370700372347226,-0.19540142119240347,1.4160142863391476,-0.5497496100492676,-0.11769324444450185
1.5407001615759,1.840610718049332,1.1557273613667436,-1.9716140936811322,-0.5497496100492676,3.439258143211556
0.692413768416423,-0.5051896880269804,-0.5240543683013852,0.38090561466628436,-0.5497496100492676,1.7653986666675292
-1.004159017902531,1.0317140262988795,-0.3414693976852842,0.9455103446696643,-0.5497496100492676,-0.7453905481485121
0.5381798787510635,-0.7478586955521161,-0.7066393389174862,0.6632079796679744,-0.5497496100492676,-0.22230946172850355
-0.2329895695757338,-1.7185347256526593,-0.9987752919032477,-0.6542030570065789,1.8190099305579894,-0.22230946172850355
-0.07875567991037433,-0.4243000188519351,-1.7291151743676514,0.05155285549764605,-0.5497496100492676,-0.6407743308645104
-0.15587262474305405,0.9508243571238343,-0.9987752919032477,0.7102583738349227,-0.5497496100492676,-0.9546229827165156
0.2297120994203446,-1.394976048952478,1.813033255584707,-1.7363621228463906,-0.5497496100492676,0.4053878419755066
-0.0016387350776945978,0.22281733454842698,-1.8386661567373122,1.1337119213374576,-0.5497496100492676,-0.22230946172850355
-0.0016387350776945978,0.7890450187737438,1.5574142967221656,0.333855220499336,-0.5497496100492676,0.19615540740750323
-1.6982115213966487,-0.1816310113267993,-0.5240543683013852,0.38090561466628436,-0.5497496100492676,-0.6407743308645104
1.6949340512412594,0.14192766537338172,0.9731423907506426,-1.4070093636777523,1.8190099305579894,0.6146202765435103
-0.6956912385718121,0.22281733454842698,2.032135220324028,0.14565364383154272,-0.5497496100492676,-0.6407743308645104
-0.15587262474305405,-0.10074134215175404,-0.5605713624246054,0.5691071913340777,-0.5497496100492676,-0.9546229827165156
0.2297120994203446,0.14192766537338172,-2.021251127353413,0.23975443216543937,-0.5497496100492676,-0.5361581135805088
-1.2355098524005703,-2.0420934023528403,-0.5605713624246054,0.9925607388366127,-0.5497496100492676,-0.11769324444450185
-0.0016387350776945978,0.14192766537338172,-1.6925981802444312,0.9925607388366127,-0.5497496100492676,0.09153919012350165
0.7695307132491027,-0.7478586955521161,0.9001084025042022,-0.41895108617183724,-0.5497496100492676,0.7192364938275118
0.3068290442530243,2.0832797255744677,0.6444894436416609,0.898459950502716,-0.5497496100492676,-0.9546229827165156
0.8466476580817824,-1.7185347256526593,1.8495502497079273,-0.8424046336743722,1.8190099305579894,1.5561662320995255
-0.15587262474305405,-0.5051896880269804,-0.8161903212871467,-0.04254793283625061,-0.5497496100492676,0.5100040592595084
-1.3897437420659298,-1.7185347256526593,1.9591012320775878,1.2278127096713543,-0.5497496100492676,-0.32692567901250535
-0.7728081834044919,-1.961203733177795,-0.1223674329459631,0.09860324966459438,-0.5497496100492676,-0.013077027160500168
1.0779984925798216,0.869934687948789,1.2652783437364041,-0.13664872117014729,-0.5497496100492676,-0.4315418962965071
-0.9270420730698514,1.0317140262988795,1.0096593848738629,1.6512662571738894,-0.5497496100492676,-0.850006765432514
0.3068290442530243,0.14192766537338172,0.5714554553952206,-0.13664872117014729,-0.5497496100492676,-0.32692567901250535
-0.5414573489064527,0.869934687948789,-1.43697922138189,1.3689638921721994,-0.5497496100492676,-0.9546229827165156
-0.46434040407377297,-0.5051896880269804,0.5714554553952206,0.47500640300018104,-0.5497496100492676,-0.013077027160500168
-1.3897437420659298,0.22281733454842698,-0.0858504388227429,1.7924174396747343,-0.5497496100492676,-0.850006765432514
0.5381798787510635,-1.4758657181275234,0.42538747890233974,0.09860324966459438,1.8190099305579894,-0.11769324444450185
-1.1583929075678905,0.869934687948789,0.09673453179335804,0.9455103446696643,-0.5497496100492676,-0.6407743308645104
-0.15587262474305405,1.5979417105241964,-0.30495240356206404,-0.8424046336743722,-0.5497496100492676,0.19615540740750323
-0.6956912385718121,0.46548634207356276,0.6810064377648811,0.333855220499336,-0.5497496100492676,-0.9546229827165156
-1.3897437420659298,0.546376011248608,-0.5605713624246054,1.604215863006941,-0.5497496100492676,-0.6407743308645104
-0.8499251282371717,0.6272656804236533,0.7540404260113215,-0.513051874505734,-0.5497496100492676,0.19615540740750323
0.3068290442530243,1.517052041349151,0.42538747890233974,0.38090561466628436,1.8190099305579894,-0.5361581135805088
-1.7753284662293285,0.869934687948789,-1.7656321684908716,2.1217701988433726,-0.5497496100492676,0.19615540740750323
-1.31262679723325,1.0317140262988795,-0.41450338593172464,1.463064680506096,-0.5497496100492676,0.9284689283955152
0.2297120994203446,0.14192766537338172,-1.9847341332301929,0.004502461330697721,1.8190099305579894,0.19615540740750323
-0.5414573489064527,0.6272656804236533,-0.41450338593172464,0.333855220499336,-0.5497496100492676,-0.6407743308645104
0.46106293391838377,0.14192766537338172,0.863591408380982,0.333855220499336,-0.5497496100492676,2.7069446222235447
1.309349327077861,-2.0420934023528403,3.2006790322670744,-0.2777999036709923,1.8190099305579894,-0.013077027160500168
0.8466476580817824,-1.961203733177795,0.09673453179335804,-1.4070093636777523,1.8190099305579894,-0.850006765432514
-0.0016387350776945978,0.46548634207356276,0.38887048477911956,-0.37190069200488896,-0.5497496100492676,-0.32692567901250535
0.38394598908570404,-1.2331967106023876,-0.049333444699522715,-0.6542030570065789,-0.5497496100492676,0.9284689283955152
0.7695307132491027,-0.10074134215175404,0.279319502409459,0.23975443216543937,-0.5497496100492676,-0.4315418962965071
1.309349327077861,-0.019851672976708788,-0.9622582977800275,-1.2658581811769072,1.8190099305579894,-0.5361581135805088
0.2297120994203446,-0.26252068050184457,0.2428025082862388,-0.37190069200488896,-0.5497496100492676,-0.7453905481485121
-0.7728081834044919,0.3845966728985175,-0.8161903212871467,-0.8424046336743722,-0.5497496100492676,-0.22230946172850355
-0.2329895695757338,-0.1816310113267993,-0.049333444699522715,0.898459950502716,-0.5497496100492676,0.09153919012350165
1.6178171064085798,0.14192766537338172,0.38887048477911956,-1.218807787009959,-0.5497496100492676,-0.6407743308645104
0.692413768416423,-2.3656520790530213,-1.43697922138189,-0.3248502978379406,-0.5497496100492676,-0.850006765432514
1.000881547747142,0.22281733454842698,-0.487537374178165,-1.3599589695108039,-0.5497496100492676,0.09153919012350165
0.692413768416423,0.7081553495986985,0.2428025082862388,-0.6071526628396305,-0.5497496100492676,-0.850006765432514
-0.6185742937391324,0.30370700372347226,-1.035292286026468,-0.13664872117014729,-0.5497496100492676,-0.4315418962965071
0.07547820975498513,-0.26252068050184457,0.8270744142577618,0.6632079796679744,-0.5497496100492676,-1.0592392000005173
0.38394598908570404,0.7081553495986985,-0.487537374178165,0.6632079796679744,1.8190099305579894,0.7192364938275118
0.6152968235837433,-0.1816310113267993,1.4113463202292849,-0.7953542395074239,-0.5497496100492676,1.9746311012355324
-0.15587262474305405,0.06103799619833647,-0.23191841531562368,-0.7012534511735272,-0.5497496100492676,1.2423175802475206
-0.7728081834044919,-0.10074134215175404,-0.012816450576302527,0.8043591621688193,-0.5497496100492676,-0.9546229827165156
2.697454334066096,-0.26252068050184457,0.5349384612720003,-0.8424046336743722,1.8190099305579894,-0.5361581135805088
0.38394598908570404,-1.2331967106023876,-0.0858504388227429,0.23975443216543937,-0.5497496100492676,-0.850006765432514
-0.0016387350776945978,1.2743830338240154,1.6669652790918263,1.039611133003561,-0.5497496100492676,-0.4315418962965071
0.38394598908570404,-0.1816310113267993,1.1557273613667436,-0.4660014803387856,1.8190099305579894,1.9746311012355324
1.7720509960739392,-0.4243000188519351,1.447863314352505,-2.7244204003523054,-0.5497496100492676,0.30077162469150504
0.7695307132491027,-1.071417372252297,1.1557273613667436,-0.6071526628396305,-0.5497496100492676,1.6607824493835275
-0.6185742937391324,0.9508243571238343,-0.012816450576302527,0.4279560088332327,-0.5497496100492676,-0.22230946172850355
-0.7728081834044919,-0.3434103496768898,-0.5605713624246054,0.5220567971671294,-0.5497496100492676,-1.0592392000005173
2.0034018305719785,0.9508243571238343,-1.2909112448890092,-1.4070093636777523,-0.5497496100492676,0.19615540740750323
-1.004159017902531,0.14192766537338172,-0.41450338593172464,0.2868048263323877,-0.5497496100492676,-0.6407743308645104
-1.5439776317312892,0.30370700372347226,-1.254394250765789,0.898459950502716,-0.5497496100492676,-0.32692567901250535
1.309349327077861,-0.5860793572020256,0.6444894436416609,-0.513051874505734,-0.5497496100492676,-0.32692567901250535
0.38394598908570404,0.30370700372347226,-0.9257413036568073,-1.1247069986760623,-0.5497496100492676,-0.5361581135805088
1.6178171064085798,-0.5051896880269804,0.7540404260113215,-1.1717573928430105,-0.5497496100492676,-0.9546229827165156
0.46106293391838377,0.869934687948789,-1.4004622272586698,-1.2658581811769072,-0.5497496100492676,-0.6407743308645104
-0.8499251282371717,0.7081553495986985,-0.1223674329459631,0.6632079796679744,-0.5497496100492676,-0.6407743308645104
0.38394598908570404,2.1641693947495133,-1.1813602625193487,0.6632079796679744,-0.5497496100492676,-0.5361581135805088
0.5381798787510635,0.14192766537338172,0.6079724495184408,-0.13664872117014729,-0.5497496100492676,0.09153919012350165
-0.9270420730698514,0.22281733454842698,-0.8527073154103669,0.333855220499336,-0.5497496100492676,-0.6407743308645104
-1.2355098524005703,-0.7478586955521161,0.20628551416301863,0.5220567971671294,-0.5497496100492676,-0.013077027160500168
0.2297120994203446,-0.5860793572020256,0.4619044730255599,-1.5481605461785972,-0.5497496100492676,1.1377013629635189
-0.07875567991037433,-1.314086379777433,-0.5240543683013852,0.9455103446696643,-0.5497496100492676,-0.32692567901250535
-1.5439776317312892,0.3845966728985175,1.776516261461487,1.4160142863391476,1.8190099305579894,-0.4315418962965071
-1.852445411062008,0.546376011248608,-0.8161903212871467,1.2278127096713543,-0.5497496100492676,-0.850006765432514
-2.777848749054165,0.869934687948789,-1.035292286026468,0.9455103446696643,-0.5497496100492676,0.6146202765435103
0.692413768416423,1.2743830338240154,-0.0858504388227429,0.19270403799849103,1.8190099305579894,0.19615540740750323
1.309349327077861,1.6788313796992416,-1.1083262742729083,-1.3599589695108039,-0.5497496100492676,-0.32692567901250535
-0.6956912385718121,-0.7478586955521161,0.7540404260113215,0.2868048263323877,-0.5497496100492676,-0.9546229827165156
-0.07875567991037433,-1.2331967106023876,0.3523534906558994,-0.8424046336743722,-0.5497496100492676,0.19615540740750323
0.9237646029144622,-0.1816310113267993,-0.6701223447942659,-0.7483038453404756,-0.5497496100492676,0.09153919012350165
-1.2355098524005703,1.0317140262988795,-0.3779863918085044,0.5220567971671294,-0.5497496100492676,0.8238527111115136
-1.7753284662293285,0.14192766537338172,-1.1813602625193487,0.898459950502716,-0.5497496100492676,-0.9546229827165156
0.692413768416423,-1.071417372252297,-0.3779863918085044,0.5220567971671294,-0.5497496100492676,-0.7453905481485121
-0.2329895695757338,-0.10074134215175404,-0.26843540943884386,0.898459950502716,-0.5497496100492676,-0.4315418962965071
0.7695307132491027,0.9508243571238343,-0.5240543683013852,-2.489168429517564,1.8190099305579894,0.09153919012350165
0.7695307132491027,-0.4243000188519351,0.2428025082862388,-0.23074950950404394,-0.5497496100492676,0.6146202765435103
0.3068290442530243,-0.8287483647271614,0.09673453179335804,-0.7012534511735272,-0.5497496100492676,-0.6407743308645104
-0.38722345924109325,-0.5860793572020256,-0.4510203800549448,0.5220567971671294,-0.5497496100492676,-0.5361581135805088
-2.469380969723446,-1.7185347256526593,-0.1223674329459631,1.604215863006941,-0.5497496100492676,-0.5361581135805088
-0.7728081834044919,-0.6669690263770709,1.228761349613184,0.6161575855010261,-0.5497496100492676,1.8700148839515305
-0.2329895695757338,-0.5860793572020256,-0.3779863918085044,-0.7953542395074239,-0.5497496100492676,-0.6407743308645104
1.000881547747142,-0.9905277030772519,0.42538747890233974,-0.6542030570065789,-0.5497496100492676,-0.850006765432514
0.07547820975498513,0.06103799619833647,-0.4510203800549448,-0.7012534511735272,-0.5497496100492676,-0.9546229827165156
0.07547820975498513,-0.10074134215175404,-1.035292286026468,-0.6542030570065789,-0.5497496100492676,-0.850006765432514
-0.5414573489064527,0.7081553495986985,-1.5830471978747707,-0.23074950950404394,-0.5497496100492676,-0.013077027160500168
2.7745712788987755,-0.9905277030772519,-0.5240543683013852,-1.6893117286794421,1.8190099305579894,-0.6407743308645104
-1.5439776317312892,-0.7478586955521161,-1.1083262742729083,1.6512662571738894,1.8190099305579894,-0.7453905481485121
0.38394598908570404,0.869934687948789,0.5714554553952206,1.3689638921721994,-0.5497496100492676,0.4053878419755066
0.9237646029144622,-0.10074134215175404,0.16976852003979842,-1.1247069986760623,-0.5497496100492676,0.4053878419755066
-0.0016387350776945978,0.546376011248608,0.023700543546917665,1.2278127096713543,-0.5497496100492676,-0.9546229827165156
-0.38722345924109325,-1.314086379777433,-0.5970883565478255,0.898459950502716,-0.5497496100492676,0.5100040592595084
2.4661034995680566,0.9508243571238343,0.16976852003979842,-2.0186644878480804,-0.5497496100492676,-0.9546229827165156
-1.3897437420659298,-1.314086379777433,1.046176378997083,0.19270403799849103,1.8190099305579894,0.9284689283955152
1.000881547747142,2.2450590639245585,1.8495502497079273,-1.642261334512494,1.8190099305579894,-0.6407743308645104
-0.38722345924109325,-0.10074134215175404,-1.7656321684908716,-0.3248502978379406,1.8190099305579894,-0.11769324444450185
0.5381798787510635,-1.4758657181275234,0.6079724495184408,-0.8894550278413206,1.8190099305579894,-0.7453905481485121
1.5407001615759,1.2743830338240154,0.6079724495184408,-1.4070093636777523,-0.5497496100492676,-0.850006765432514
0.7695307132491027,0.7081553495986985,0.3523534906558994,-0.3248502978379406,-0.5497496100492676,-0.850006765432514
-0.15587262474305405,0.22281733454842698,-0.4510203800549448,-0.08959832700319895,-0.5497496100492676,0.30077162469150504
0.5381798787510635,-0.4243000188519351,1.5574142967221656,-0.7483038453404756,-0.5497496100492676,-0.4315418962965071
0.7695307132491027,1.517052041349151,-0.049333444699522715,0.23975443216543937,-0.5497496100492676,-0.6407743308645104
-2.1609131903927272,-0.4243000188519351,-0.26843540943884386,-0.13664872117014729,-0.5497496100492676,-0.850006765432514
1.849167940906619,-0.6669690263770709,-0.41450338593172464,-0.41895108617183724,-0.5497496100492676,-0.9546229827165156
0.38394598908570404,-0.1816310113267993,-0.41450338593172464,-0.13664872117014729,-0.5497496100492676,-0.6407743308645104
0.7695307132491027,-0.4243000188519351,1.3383123319828445,-0.7953542395074239,1.8190099305579894,-0.4315418962965071
0.38394598908570404,-0.3434103496768898,0.20628551416301863,-0.513051874505734,-0.5497496100492676,0.7192364938275118
1.309349327077861,-0.5051896880269804,0.9366253966274224,-2.065714882015029,-0.5497496100492676,-0.5361581135805088
-1.3897437420659298,-0.26252068050184457,0.16976852003979842,0.7102583738349227,-0.5497496100492676,-0.32692567901250535
-0.46434040407377297,0.22281733454842698,0.9001084025042022,0.757308768001871,-0.5497496100492676,-0.850006765432514
1.3864662719105405,-0.4243000188519351,-0.1588844270691833,0.14565364383154272,-0.5497496100492676,-0.013077027160500168
2.3118696099026974,0.3845966728985175,1.3748293261060647,-1.924563699514184,1.8190099305579894,0.6146202765435103
-0.3101065144084135,-0.10074134215175404,0.6079724495184408,-0.3248502978379406,-0.5497496100492676,-0.6407743308645104
0.15259515458766487,0.3845966728985175,-0.0858504388227429,0.23975443216543937,-0.5497496100492676,-0.013077027160500168
-0.3101065144084135,-0.9096380339022067,-1.2178772566425689,-0.2777999036709923,1.8190099305579894,0.7192364938275118
0.5381798787510635,-2.5274314174031116,0.9001084025042022,-1.0776566045091138,1.8190099305579894,2.811560839507546
-0.0016387350776945978,0.869934687948789,-1.2909112448890092,-0.2777999036709923,-0.5497496100492676,-0.4315418962965071
0.7695307132491027,0.6272656804236533,-0.1223674329459631,-1.0776566045091138,-0.5497496100492676,-0.9546229827165156
0.15259515458766487,-0.019851672976708788,-0.7066393389174862,-0.13664872117014729,-0.5497496100492676,1.5561662320995255
1.232232382245181,0.06103799619833647,2.141686202693689,-1.4540597578447005,-0.5497496100492676,0.19615540740750323
2.0034018305719785,-0.019851672976708788,0.5349384612720003,-1.642261334512494,1.8190099305579894,0.9284689283955152
-0.6185742937391324,0.06103799619833647,0.38887048477911956,0.757308768001871,-0.5497496100492676,-1.0592392000005173
1.9262848857392987,-0.7478586955521161,-0.049333444699522715,-2.2068660645158737,1.8190099305579894,0.09153919012350165
0.07547820975498513,-0.10074134215175404,-0.1588844270691833,-0.13664872117014729,-0.5497496100492676,-0.4315418962965071
-0.5414573489064527,-0.019851672976708788,0.20628551416301863,0.8514095563357676,-0.5497496100492676,0.30077162469150504
1.7720509960739392,-1.1523070414273424,1.4843803084757252,0.333855220499336,-0.5497496100492676,-0.7453905481485121
1.7720509960739392,0.06103799619833647,0.060217537670137856,-0.9835558161752173,-0.5497496100492676,-0.7453905481485121
1.4635832167432203,1.19349336464897,1.447863314352505,-0.41895108617183724,-0.5497496100492676,0.30077162469150504
-1.0812759627352109,0.869934687948789,-0.487537374178165,0.898459950502716,-0.5497496100492676,5.7408149234595935
-1.929562355894688,0.22281733454842698,0.7175234318881013,0.47500640300018104,-0.5497496100492676,1.7653986666675292
0.38394598908570404,0.30370700372347226,-1.254394250765789,0.4279560088332327,1.8190099305579894,0.7192364938275118
-1.3897437420659298,-0.7478586955521161,0.8270744142577618,-0.4660014803387856,1.8190099305579894,-0.11769324444450185
0.8466476580817824,0.869934687948789,0.9001084025042022,-2.065714882015029,-0.5497496100492676,-0.850006765432514
0.692413768416423,-0.5051896880269804,-0.23191841531562368,0.23975443216543937,-0.5497496100492676,-0.32692567901250535
-0.38722345924109325,0.6272656804236533,-1.035292286026468,1.0866615271705093,-0.5497496100492676,1.033085145679517
1.0779984925798216,0.6272656804236533,0.16976852003979842,-0.6071526628396305,-0.5497496100492676,1.033085145679517
0.5381798787510635,-1.8803140640027498,1.3748293261060647,-1.5011101520116488,-0.5497496100492676,1.6607824493835275
-0.8499251282371717,0.30370700372347226,0.279319502409459,0.757308768001871,-0.5497496100492676,-0.9546229827165156
0.6152968235837433,0.3845966728985175,0.6810064377648811,-0.4660014803387856,-0.5497496100492676,-0.013077027160500168
-1.6982115213966487,0.869934687948789,-0.7431563330407064,0.898459950502716,1.8190099305579894,-0.9546229827165156
-0.38722345924109325,0.9508243571238343,-0.7796733271639266,0.14565364383154272,-0.5497496100492676,-0.4315418962965071
-1.3897437420659298,-0.5860793572020256,-0.7796733271639266,2.1217701988433726,1.8190099305579894,-0.9546229827165156
1.3864662719105405,0.22281733454842698,-0.7796733271639266,-1.0776566045091138,-0.5497496100492676,0.09153919012350165
-0.15587262474305405,0.14192766537338172,1.5574142967221656,-0.2777999036709923,-0.5497496100492676,-0.013077027160500168
-1.0812759627352109,0.46548634207356276,-0.8892243095335871,0.2868048263323877,-0.5497496100492676,-0.6407743308645104
0.5381798787510635,-0.1816310113267993,1.776516261461487,-0.23074950950404394,-0.5497496100492676,0.8238527111115136
-1.621094576563969,0.869934687948789,-0.19540142119240347,1.604215863006941,1.8190099305579894,-0.4315418962965071
-0.5414573489064527,2.8112867481498753,-0.41450338593172464,0.6161575855010261,-0.5497496100492676,-0.9546229827165156
0.38394598908570404,0.06103799619833647,0.7540404260113215,0.19270403799849103,-0.5497496100492676,1.3469337975315219
-2.777848749054165,2.6495074097997846,0.6810064377648811,2.1217701988433726,-0.5497496100492676,-0.22230946172850355
-0.0016387350776945978,-1.7185347256526593,0.09673453179335804,0.14565364383154272,-0.5497496100492676,-0.32692567901250535
0.7695307132491027,0.6272656804236533,-0.6701223447942659,0.8514095563357676,-0.5497496100492676,0.8238527111115136
-1.0812759627352109,1.3552727029990606,-0.1223674329459631,-0.13664872117014729,1.8190099305579894,-0.850006765432514
0.6152968235837433,-1.8803140640027498,-0.049333444699522715,-0.2777999036709923,1.8190099305579894,3.5438743604955585
0.46106293391838377,1.0317140262988795,1.046176378997083,0.4279560088332327,-0.5497496100492676,-0.013077027160500168
1.1551154374125014,-0.1816310113267993,-0.3414693976852842,-0.8894550278413206,-0.5497496100492676,-0.7453905481485121
-0.7728081834044919,0.30370700372347226,-0.5240543683013852,1.039611133003561,-0.5497496100492676,0.7192364938275118
-1.31262679723325,-1.2331967106023876,-0.9987752919032477,1.2748631038383027,-0.5497496100492676,-0.5361581135805088
0.07547820975498513,0.22281733454842698,0.7540404260113215,-0.04254793283625061,-0.5497496100492676,-0.6407743308645104
-1.5439776317312892,-0.7478586955521161,-0.7796733271639266,1.3689638921721994,-0.5497496100492676,-0.22230946172850355
-0.0016387350776945978,0.546376011248608,-1.4734962155051101,0.004502461330697721,-0.5497496100492676,-0.32692567901250535
-0.6956912385718121,0.46548634207356276,-0.8527073154103669,0.5220567971671294,-0.5497496100492676,-0.6407743308645104
0.15259515458766487,0.7890450187737438,0.7540404260113215,-1.1247069986760623,-0.5497496100492676,3.8577230123475634
1.309349327077861,-0.8287483647271614,0.9731423907506426,-1.6893117286794421,1.8190099305579894,0.09153919012350165
0.46106293391838377,-0.6669690263770709,0.060217537670137856,-0.8894550278413206,1.8190099305579894,-0.4315418962965071
0.692413768416423,2.1641693947495133,-2.2768700862159545,-1.0776566045091138,-0.5497496100492676,-0.013077027160500168
0.38394598908570404,0.46548634207356276,0.9731423907506426,0.6632079796679744,-0.5497496100492676,1.2423175802475206
0.38394598908570404,-0.019851672976708788,0.7540404260113215,-0.41895108617183724,1.8190099305579894,0.19615540740750323
1.000881547747142,-0.1816310113267993,1.2652783437364041,-1.218807787009959,1.8190099305579894,0.30077162469150504
0.692413768416423,0.46548634207356276,1.7399992673382667,-1.8304629111802873,-0.5497496100492676,-0.6407743308645104
0.8466476580817824,-0.5860793572020256,-0.8892243095335871,-0.3248502978379406,1.8190099305579894,0.4053878419755066
1.309349327077861,-0.26252068050184457,0.20628551416301863,-0.2777999036709923,-0.5497496100492676,-0.850006765432514
-0.3101065144084135,-0.4243000188519351,1.630448284968606,-0.23074950950404394,-0.5497496100492676,-0.6407743308645104
1.6949340512412594,-0.6669690263770709,-0.012816450576302527,0.8043591621688193,-0.5497496100492676,0.30077162469150504
-0.15587262474305405,0.9508243571238343,-0.049333444699522715,0.38090561466628436,1.8190099305579894,-0.22230946172850355
-0.0016387350776945978,-0.019851672976708788,0.3523534906558994,-0.04254793283625061,-0.5497496100492676,-0.11769324444450185
-0.15587262474305405,1.0317140262988795,-0.9987752919032477,0.5691071913340777,-0.5497496100492676,-0.5361581135805088
0.5381798787510635,-0.6669690263770709,1.447863314352505,-0.41895108617183724,-0.5497496100492676,-0.6407743308645104
0.692413768416423,0.22281733454842698,-0.7431563330407064,0.004502461330697721,1.8190099305579894,-0.11769324444450185
-0.3101065144084135,1.0317140262988795,1.0826933731203032,0.14565364383154272,-0.5497496100492676,0.30077162469150504
-0.2329895695757338,0.6272656804236533,-1.7656321684908716,-0.23074950950404394,-0.5497496100492676,-0.7453905481485121
1.4635832167432203,0.7890450187737438,-0.5970883565478255,-0.7483038453404756,-0.5497496100492676,-0.850006765432514
0.5381798787510635,1.0317140262988795,-0.3779863918085044,-0.8894550278413206,-0.5497496100492676,-0.013077027160500168
-0.6956912385718121,0.46548634207356276,-0.5970883565478255,1.039611133003561,-0.5497496100492676,-0.6407743308645104
0.3068290442530243,0.22281733454842698,-0.012816450576302527,0.2868048263323877,-0.5497496100492676,0.9284689283955152
-0.8499251282371717,-1.2331967106023876,1.228761349613184,0.898459950502716,-0.5497496100492676,-0.22230946172850355
0.2297120994203446,0.9508243571238343,-0.6701223447942659,-0.7483038453404756,-0.5497496100492676,-0.7453905481485121
-1.7753284662293285,-1.4758657181275234,-2.4959720509552756,0.05155285549764605,-0.5497496100492676,-0.6407743308645104
0.07547820975498513,2.6495074097997846,0.09673453179335804,0.05155285549764605,-0.5497496100492676,-0.850006765432514
-1.004159017902531,0.546376011248608,0.6444894436416609,0.6161575855010261,-0.5497496100492676,-0.22230946172850355
-0.6956912385718121,-0.3434103496768898,0.5349384612720003,2.1217701988433726,-0.5497496100492676,-0.850006765432514
-0.6956912385718121,0.30370700372347226,-0.5240543683013852,-0.23074950950404394,1.8190099305579894,1.8700148839515305
-0.46434040407377297,-0.1816310113267993,-0.9622582977800275,0.5691071913340777,1.8190099305579894,-0.6407743308645104
-0.0016387350776945978,0.7081553495986985,0.7175234318881013,-1.1717573928430105,-0.5497496100492676,-0.32692567901250535
0.5381798787510635,0.14192766537338172,-0.9987752919032477,-0.37190069200488896,-0.5497496100492676,-0.5361581135805088
0.3068290442530243,-1.314086379777433,0.16976852003979842,-0.3248502978379406,-0.5497496100492676,-0.11769324444450185
-0.15587262474305405,0.06103799619833647,-1.2909112448890092,-1.2658581811769072,1.8190099305579894,1.7653986666675292
-0.15587262474305405,-0.5051896880269804,0.38887048477911956,-1.0306062103421656,-0.5497496100492676,0.09153919012350165
-1.6982115213966487,0.6272656804236533,-0.8527073154103669,0.6632079796679744,-0.5497496100492676,1.9746311012355324
-1.2355098524005703,1.5979417105241964,-0.1588844270691833,2.074719804676424,-0.5497496100492676,-0.5361581135805088
-0.46434040407377297,-0.6669690263770709,-1.0718092801496881,0.9455103446696643,-0.5497496100492676,-0.850006765432514
-1.4668606868986096,0.546376011248608,-0.3779863918085044,0.9925607388366127,-0.5497496100492676,0.6146202765435103
1.3864662719105405,-1.1523070414273424,-0.8892243095335871,-1.0306062103421656,-0.5497496100492676,0.19615540740750323
-1.6982115213966487,1.112603695473925,-1.1083262742729083,0.8514095563357676,-0.5497496100492676,-0.9546229827165156
0.2297120994203446,1.2743830338240154,-2.1308021097230734,0.898459950502716,-0.5497496100492676,0.09153919012350165
-1.4668606868986096,0.06103799619833647,0.279319502409459,0.6161575855010261,-0.5497496100492676,5.7408149234595935
-1.0812759627352109,0.30370700372347226,0.13325152591657824,0.8043591621688193,-0.5497496100492676,-0.4315418962965071
-0.9270420730698514,0.46548634207356276,-1.035292286026468,1.180762315504406,-0.5497496100492676,-1.0592392000005173
-1.1583929075678905,1.2743830338240154,-0.3414693976852842,0.9925607388366127,-0.5497496100492676,-0.4315418962965071
1.6949340512412594,-1.7994243948277044,-0.487537374178165,-0.9835558161752173,1.8190099305579894,-0.5361581135805088
-1.6982115213966487,-0.10074134215175404,-2.240353092092734,1.2748631038383027,-0.5497496100492676,1.3469337975315219
-0.8499251282371717,-0.10074134215175404,-0.7796733271639266,0.8043591621688193,-0.5497496100492676,0.9284689283955152
-0.5414573489064527,0.3845966728985175,-0.487537374178165,0.8514095563357676,-0.5497496100492676,0.5100040592595084
1.0779984925798216,-0.8287483647271614,-0.41450338593172464,-2.2068660645158737,1.8190099305579894,-0.6407743308645104
0.2297120994203446,0.3845966728985175,-0.8161903212871467,-0.37190069200488896,-0.5497496100492676,-0.32692567901250535
1.6178171064085798,-1.637645056477614,0.38887048477911956,-1.7363621228463906,1.8190099305579894,-0.5361581135805088
0.3068290442530243,2.8112867481498753,0.3523534906558994,0.19270403799849103,-0.5497496100492676,-0.9546229827165156
-0.38722345924109325,-0.5051896880269804,1.046176378997083,-0.513051874505734,-0.5497496100492676,-0.6407743308645104
-0.6956912385718121,-0.7478586955521161,0.6079724495184408,-0.6071526628396305,1.8190099305579894,0.9284689283955152
-0.7728081834044919,-1.637645056477614,0.7175234318881013,-0.6542030570065789,-0.5497496100492676,0.19615540740750323
-0.3101065144084135,0.30370700372347226,-1.1448432683961285,0.5220567971671294,-0.5497496100492676,-0.6407743308645104
0.6152968235837433,0.06103799619833647,-0.7796733271639266,-0.9835558161752173,1.8190099305579894,-0.4315418962965071
1.309349327077861,-1.4758657181275234,1.3383123319828445,-1.5481605461785972,-0.5497496100492676,-0.9546229827165156
0.15259515458766487,-0.5051896880269804,0.3523534906558994,-1.4070093636777523,1.8190099305579894,-0.5361581135805088
-0.07875567991037433,-0.6669690263770709,1.046176378997083,-0.3248502978379406,1.8190099305579894,1.9746311012355324
0.5381798787510635,-0.4243000188519351,0.09673453179335804,-0.41895108617183724,-0.5497496100492676,-0.9546229827165156
-0.15587262474305405,0.546376011248608,-1.802149162614092,0.5220567971671294,1.8190099305579894,-0.5361581135805088
-0.46434040407377297,1.6788313796992416,-1.6195641919979908,-0.08959832700319895,-0.5497496100492676,0.30077162469150504
1.6949340512412594,0.6272656804236533,1.3748293261060647,-1.1247069986760623,-0.5497496100492676,-0.6407743308645104
0.3068290442530243,-0.9096380339022067,-0.3779863918085044,-0.6542030570065789,1.8190099305579894,0.9284689283955152
-1.929562355894688,1.0317140262988795,-0.23191841531562368,1.604215863006941,-0.5497496100492676,-0.013077027160500168
0.9237646029144622,1.0317140262988795,1.6669652790918263,0.14565364383154272,-0.5497496100492676,-0.11769324444450185
-1.852445411062008,1.6788313796992416,-0.487537374178165,1.039611133003561,-0.5497496100492676,-0.11769324444450185
-1.6982115213966487,1.3552727029990606,-0.049333444699522715,1.2278127096713543,-0.5497496100492676,-0.7453905481485121
0.3068290442530243,-0.019851672976708788,0.3158364965326792,0.14565364383154272,-0.5497496100492676,-0.32692567901250535
0.9237646029144622,-0.5051896880269804,-0.487537374178165,0.14565364383154272,-0.5497496100492676,-0.11769324444450185
0.07547820975498513,1.0317140262988795,1.4843803084757252,-0.1836991153370956,-0.5497496100492676,1.6607824493835275
1.232232382245181,0.3845966728985175,0.8270744142577618,-1.4540597578447005,1.8190099305579894,0.9284689283955152
0.46106293391838377,-0.3434103496768898,-0.4510203800549448,-0.23074950950404394,-0.5497496100492676,1.1377013629635189
0.38394598908570404,0.7890450187737438,-1.1813602625193487,-0.5601022686726822,-0.5497496100492676,0.30077162469150504
-2.546497914556126,-1.071417372252297,1.1922443554899638,1.3689638921721994,-0.5497496100492676,0.30077162469150504
-0.7728081834044919,0.9508243571238343,-0.8892243095335871,0.8514095563357676,1.8190099305579894,-0.7453905481485121
0.07547820975498513,0.546376011248608,0.38887048477911956,0.333855220499336,-0.5497496100492676,-0.5361581135805088
0.15259515458766487,0.14192766537338172,-0.3414693976852842,0.6161575855010261,-0.5497496100492676,-0.4315418962965071
-1.6982115213966487,-0.26252068050184457,-0.049333444699522715,-0.23074950950404394,-0.5497496100492676,-0.5361581135805088
-0.0016387350776945978,0.546376011248608,-0.30495240356206404,-0.513051874505734,-0.5497496100492676,0.8238527111115136
-0.2329895695757338,-0.019851672976708788,-1.6195641919979908,1.180762315504406,-0.5497496100492676,0.8238527111115136
0.8466476580817824,-0.26252068050184457,1.1922443554899638,-0.4660014803387856,1.8190099305579894,-0.5361581135805088
-0.6956912385718121,-1.5567553873025688,1.8860672438311474,0.4279560088332327,-0.5497496100492676,-0.22230946172850355
-1.0812759627352109,0.30370700372347226,-0.1223674329459631,1.3689638921721994,-0.5497496100492676,0.4053878419755066
-1.004159017902531,-1.1523070414273424,0.060217537670137856,-0.7012534511735272,-0.5497496100492676,-0.013077027160500168
0.3068290442530243,0.22281733454842698,2.141686202693689,-1.218807787009959,-0.5497496100492676,1.8700148839515305
-0.2329895695757338,0.6272656804236533,1.447863314352505,0.05155285549764605,-0.5497496100492676,-0.6407743308645104
-0.3101065144084135,0.3845966728985175,-2.4959720509552756,0.47500640300018104,-0.5497496100492676,-0.22230946172850355
-0.07875567991037433,-0.9905277030772519,-0.6336053506710457,0.38090561466628436,-0.5497496100492676,-0.9546229827165156
-0.7728081834044919,-0.019851672976708788,0.38887048477911956,1.9806190163425277,-0.5497496100492676,1.3469337975315219
0.5381798787510635,0.869934687948789,-0.9622582977800275,0.4279560088332327,-0.5497496100492676,-0.22230946172850355
-0.38722345924109325,-0.1816310113267993,-2.4959720509552756,0.19270403799849103,-0.5497496100492676,-0.013077027160500168
-0.7728081834044919,1.112603695473925,-0.012816450576302527,-0.513051874505734,-0.5497496100492676,-0.013077027160500168
0.8466476580817824,-0.5860793572020256,0.7905574201345417,-1.8304629111802873,-0.5497496100492676,2.079247318519534
-1.3897437420659298,-0.10074134215175404,-0.7066393389174862,1.5571654688399927,-0.5497496100492676,-0.11769324444450185
1.000881547747142,1.0317140262988795,0.09673453179335804,-1.6893117286794421,1.8190099305579894,0.4053878419755066
-1.2355098524005703,-0.6669690263770709,-0.8161903212871467,0.47500640300018104,1.8190099305579894,-0.5361581135805088
0.38394598908570404,0.46548634207356276,-0.6336053506710457,0.2868048263323877,1.8190099305579894,0.09153919012350165
-0.07875567991037433,-0.019851672976708788,-1.0718092801496881,-1.3599589695108039,-0.5497496100492676,0.30077162469150504
0.15259515458766487,-0.5860793572020256,1.1922443554899638,-0.3248502978379406,-0.5497496100492676,-0.11769324444450185
1.232232382245181,-1.071417372252297,0.09673453179335804,-1.2658581811769072,1.8190099305579894,0.8238527111115136
0.7695307132491027,0.9508243571238343,-0.23191841531562368,-0.13664872117014729,-0.5497496100492676,-0.4315418962965071
-0.38722345924109325,-0.5860793572020256,-0.8161903212871467,0.47500640300018104,-0.5497496100492676,-0.22230946172850355
0.15259515458766487,-0.019851672976708788,1.6669652790918263,-0.9365054220082689,-0.5497496100492676,-0.22230946172850355
2.4661034995680566,-0.1816310113267993,1.7034822732150465,-2.0186644878480804,1.8190099305579894,2.2884797530875374
-1.5439776317312892,1.759721048874287,-2.203836097969514,1.463064680506096,-0.5497496100492676,-0.6407743308645104
0.2297120994203446,0.6272656804236533,-0.7796733271639266,0.4279560088332327,-0.5497496100492676,-0.6407743308645104
-0.6185742937391324,0.30370700372347226,0.20628551416301863,-1.218807787009959,1.8190099305579894,0.19615540740750323
-0.3101065144084135,0.546376011248608,-0.049333444699522715,1.180762315504406,1.8190099305579894,0.4053878419755066
0.07547820975498513,0.46548634207356276,0.6079724495184408,-0.3248502978379406,-0.5497496100492676,1.2423175802475206
-0.15587262474305405,-0.26252068050184457,0.023700543546917665,0.757308768001871,-0.5497496100492676,-0.11769324444450185
-0.2329895695757338,-0.4243000188519351,-0.5240543683013852,0.14565364383154272,-0.5497496100492676,-0.5361581135805088
-2.2380301352254066,1.19349336464897,0.5349384612720003,1.9335686221755792,-0.5497496100492676,-0.850006765432514
-1.852445411062008,1.0317140262988795,1.776516261461487,2.1217701988433726,-0.5497496100492676,-0.850006765432514
-1.3897437420659298,-0.1816310113267993,-1.5830471978747707,1.2748631038383027,-0.5497496100492676,-0.22230946172850355
0.692413768416423,0.14192766537338172,0.7175234318881013,-0.513051874505734,-0.5497496100492676,-0.850006765432514
1.1551154374125014,0.22281733454842698,-1.3639452331354496,-0.04254793283625061,-0.5497496100492676,-0.6407743308645104
-0.7728081834044919,-0.10074134215175404,-0.8527073154103669,0.2868048263323877,-0.5497496100492676,-1.0592392000005173
1.5407001615759,0.06103799619833647,0.38887048477911956,-0.7483038453404756,-0.5497496100492676,0.19615540740750323
-0.6185742937391324,0.6272656804236533,0.13325152591657824,0.8043591621688193,-0.5497496100492676,-0.5361581135805088
-0.46434040407377297,-1.7185347256526593,1.046176378997083,-1.218807787009959,-0.5497496100492676,-0.7453905481485121
-0.07875567991037433,-0.5051896880269804,-0.6336053506710457,0.47500640300018104,-0.5497496100492676,-0.7453905481485121
0.07547820975498513,0.30370700372347226,0.8270744142577618,1.321913498005251,-0.5497496100492676,0.30077162469150504
-0.6956912385718121,2.8921764173249205,-0.1588844270691833,0.7102583738349227,-0.5497496100492676,1.033085145679517
0.9237646029144622,1.0317140262988795,-1.2178772566425689,-0.5601022686726822,-0.5497496100492676,-0.7453905481485121
-0.15587262474305405,-0.1816310113267993,0.6810064377648811,1.2748631038383027,-0.5497496100492676,-0.4315418962965071
0.38394598908570404,0.3845966728985175,-0.1588844270691833,-0.13664872117014729,-0.5497496100492676,0.8238527111115136
-0.38722345924109325,1.436162372174106,-0.7796733271639266,-0.7483038453404756,1.8190099305579894,-0.850006765432514
0.8466476580817824,-2.7701004249282475,0.9001084025042022,-1.0776566045091138,1.8190099305579894,-1.0592392000005173
-0.6185742937391324,-1.4758657181275234,0.13325152591657824,1.039611133003561,1.8190099305579894,0.09153919012350165
-0.8499251282371717,-1.394976048952478,0.279319502409459,1.180762315504406,-0.5497496100492676,-0.7453905481485121
-2.3922640248907663,-0.10074134215175404,-0.8161903212871467,1.7924174396747343,-0.5497496100492676,0.30077162469150504
-1.004159017902531,0.22281733454842698,1.1192103672435234,0.898459950502716,-0.5497496100492676,-0.6407743308645104
-0.3101065144084135,0.06103799619833647,-1.2178772566425689,0.19270403799849103,1.8190099305579894,-0.6407743308645104
0.38394598908570404,-0.4243000188519351,0.7905574201345417,-1.1717573928430105,-0.5497496100492676,-0.6407743308645104
0.8466476580817824,0.06103799619833647,0.13325152591657824,-0.1836991153370956,-0.5497496100492676,1.5561662320995255
1.232232382245181,0.3845966728985175,-0.26843540943884386,-1.924563699514184,1.8190099305579894,-0.013077027160500168
-0.38722345924109325,0.46548634207356276,-0.3414693976852842,0.8043591621688193,-0.5497496100492676,1.2423175802475206
-2.3151470800580864,1.517052041349151,-1.656081186121211,1.6512662571738894,-0.5497496100492676,-0.850006765432514
-0.15587262474305405,0.7081553495986985,0.09673453179335804,-0.4660014803387856,1.8190099305579894,0.5100040592595084
-0.6956912385718121,-1.961203733177795,-1.5100132096283303,0.38090561466628436,1.8190099305579894,3.3346419259275546
-0.2329895695757338,-0.10074134215175404,-0.3779863918085044,0.6161575855010261,-0.5497496100492676,-0.4315418962965071
-1.929562355894688,0.869934687948789,-0.3414693976852842,2.1217701988433726,-0.5497496100492676,-0.7453905481485121
-0.6185742937391324,-2.8509900941032926,-0.30495240356206404,-0.6542030570065789,-0.5497496100492676,0.09153919012350165
-1.2355098524005703,0.14192766537338172,0.3523534906558994,0.757308768001871,-0.5497496100492676,-0.5361581135805088
1.0779984925798216,-0.019851672976708788,-0.049333444699522715,-1.2658581811769072,-0.5497496100492676,-0.9546229827165156
-0.7728081834044919,-1.314086379777433,-0.8892243095335871,-0.7012534511735272,1.8190099305579894,-0.9546229827165156
0.5381798787510635,0.30370700372347226,1.5574142967221656,1.180762315504406,-0.5497496100492676,-1.0592392000005173
-0.9270420730698514,0.869934687948789,-1.4734962155051101,1.2278127096713543,-0.5497496100492676,1.3469337975315219
0.38394598908570404,0.546376011248608,-0.487537374178165,-0.04254793283625061,-0.5497496100492676,0.09153919012350165
0.692413768416423,1.3552727029990606,1.4843803084757252,0.004502461330697721,1.8190099305579894,2.1838635358035363
-0.07875567991037433,-0.9096380339022067,-0.5970883565478255,1.180762315504406,-0.5497496100492676,0.6146202765435103
-0.5414573489064527,0.6272656804236533,-0.7796733271639266,-0.41895108617183724,1.8190099305579894,-0.5361581135805088
1.000881547747142,-0.10074134215175404,1.5574142967221656,-0.7953542395074239,-0.5497496100492676,1.2423175802475206
-0.7728081834044919,0.3845966728985175,0.023700543546917665,0.004502461330697721,-0.5497496100492676,-0.11769324444450185
-0.6185742937391324,-0.1816310113267993,0.9366253966274224,0.9925607388366127,-0.5497496100492676,-0.11769324444450185
-0.6956912385718121,1.5979417105241964,-0.9622582977800275,0.7102583738349227,-0.5497496100492676,-0.850006765432514
0.7695307132491027,0.46548634207356276,1.3017953378596243,-0.41895108617183724,-0.5497496100492676,1.8700148839515305
-0.7728081834044919,-0.26252068050184457,0.09673453179335804,-0.37190069200488896,-0.5497496100492676,1.7653986666675292
0.38394598908570404,-1.4758657181275234,0.5714554553952206,-0.13664872117014729,1.8190099305579894,-0.32692567901250535
-0.15587262474305405,-0.1816310113267993,1.3748293261060647,-0.04254793283625061,1.8190099305579894,-0.7453905481485121
2.0034018305719785,-1.7994243948277044,-0.049333444699522715,-1.3129085753438556,1.8190099305579894,2.811560839507546
-0.0016387350776945978,2.0832797255744677,-0.1588844270691833,-1.218807787009959,-0.5497496100492676,1.1377013629635189
-0.15587262474305405,0.06103799619833647,-0.1223674329459631,0.14565364383154272,-0.5497496100492676,-0.7453905481485121
2.0805187754046583,0.46548634207356276,1.6669652790918263,-1.4540597578447005,1.8190099305579894,1.2423175802475206
-1.1583929075678905,1.0317140262988795,-0.3779863918085044,0.757308768001871,-0.5497496100492676,-0.7453905481485121
-0.6956912385718121,1.436162372174106,0.7175234318881013,1.0866615271705093,-0.5497496100492676,-0.850006765432514
-0.6185742937391324,0.7890450187737438,0.38887048477911956,1.463064680506096,-0.5497496100492676,0.8238527111115136
-0.38722345924109325,0.46548634207356276,-1.4004622272586698,0.09860324966459438,-0.5497496100492676,-0.850006765432514
1.7720509960739392,-0.26252068050184457,-0.23191841531562368,-1.3129085753438556,-0.5497496100492676,0.9284689283955152
1.232232382245181,1.2743830338240154,0.9366253966274224,-0.2777999036709923,-0.5497496100492676,-0.4315418962965071
-0.5414573489064527,-0.3434103496768898,0.42538747890233974,1.321913498005251,-0.5497496100492676,-1.0592392000005173
0.07547820975498513,-0.9096380339022067,-0.23191841531562368,-1.0306062103421656,-0.5497496100492676,-0.850006765432514
1.000881547747142,0.7890450187737438,0.279319502409459,-1.3129085753438556,1.8190099305579894,0.6146202765435103
0.3068290442530243,0.546376011248608,0.09673453179335804,-0.4660014803387856,-0.5497496100492676,0.4053878419755066
2.0805187754046583,-0.1816310113267993,1.9591012320775878,-1.5952109403455454,1.8190099305579894,-0.7453905481485121
0.8466476580817824,1.9215003872243774,1.1192103672435234,0.14565364383154272,-0.5497496100492676,-0.013077027160500168
0.5381798787510635,-0.9096380339022067,1.1557273613667436,-0.8424046336743722,1.8190099305579894,1.033085145679517
-0.07875567991037433,-1.8803140640027498,-1.7291151743676514,0.05155285549764605,-0.5497496100492676,2.393095970371539
-0.0016387350776945978,-0.4243000188519351,-1.2909112448890092,-0.2777999036709923,-0.5497496100492676,0.4053878419755066
1.0779984925798216,1.19349336464897,-0.9257413036568073,-1.1717573928430105,-0.5497496100492676,-0.6407743308645104
0.46106293391838377,-1.8803140640027498,0.7905574201345417,-1.1717573928430105,-0.5497496100492676,1.4515500148155238
1.4635832167432203,-1.961203733177795,0.20628551416301863,-1.5952109403455454,-0.5497496100492676,-0.7453905481485121
0.692413768416423,0.7081553495986985,-1.0718092801496881,0.2868048263323877,1.8190099305579894,-0.7453905481485121
0.6152968235837433,-0.8287483647271614,-0.1223674329459631,-1.3129085753438556,-0.5497496100492676,-0.9546229827165156
0.9237646029144622,0.3845966728985175,2.579890132172331,-1.5011101520116488,-0.5497496100492676,-0.6407743308645104
-0.46434040407377297,-1.071417372252297,-1.3274282390122294,0.898459950502716,-0.5497496100492676,-0.32692567901250535
-0.9270420730698514,-0.5051896880269804,1.1922443554899638,1.180762315504406,1.8190099305579894,-0.850006765432514
-1.004159017902531,1.517052041349151,0.20628551416301863,0.5691071913340777,-0.5497496100492676,0.09153919012350165
2.0034018305719785,-0.5860793572020256,-1.3274282390122294,-1.0306062103421656,-0.5497496100492676,-0.013077027160500168
1.4635832167432203,-0.1816310113267993,0.7540404260113215,-1.4070093636777523,-0.5497496100492676,-0.7453905481485121
-0.5414573489064527,-0.9905277030772519,-0.1588844270691833,0.8043591621688193,-0.5497496100492676,-0.013077027160500168
-1.1583929075678905,1.9215003872243774,0.2428025082862388,0.09860324966459438,-0.5497496100492676,-0.6407743308645104
1.0779984925798216,-1.8803140640027498,0.023700543546917665,-0.4660014803387856,-0.5497496100492676,-0.5361581135805088
-0.6956912385718121,-0.019851672976708788,0.3158364965326792,1.4160142863391476,1.8190099305579894,-0.4315418962965071
0.5381798787510635,-0.10074134215175404,-0.8161903212871467,0.7102583738349227,1.8190099305579894,-0.11769324444450185
0.38394598908570404,-1.1523070414273424,1.5208973025989454,-0.41895108617183724,1.8190099305579894,-0.6407743308645104
-1.1583929075678905,-0.1816310113267993,-0.0858504388227429,1.180762315504406,-0.5497496100492676,1.4515500148155238
-0.5414573489064527,-0.5051896880269804,-0.6701223447942659,-0.37190069200488896,-0.5497496100492676,-0.32692567901250535
-1.004159017902531,0.06103799619833647,-1.035292286026468,1.039611133003561,-0.5497496100492676,-0.5361581135805088
0.07547820975498513,-0.9905277030772519,-0.0858504388227429,1.180762315504406,1.8190099305579894,0.6146202765435103
0.15259515458766487,-1.5567553873025688,1.8495502497079273,-1.3599589695108039,-0.5497496100492676,0.19615540740750323
0.5381798787510635,-1.7185347256526593,0.38887048477911956,-0.13664872117014729,1.8190099305579894,-0.11769324444450185
-1.621094576563969,0.869934687948789,0.20628551416301863,1.7453670455077859,-0.5497496100492676,-0.4315418962965071
-0.07875567991037433,0.9508243571238343,0.09673453179335804,-0.13664872117014729,-0.5497496100492676,-0.11769324444450185
-1.3897437420659298,-0.5860793572020256,0.023700543546917665,1.3689638921721994,1.8190099305579894,-0.22230946172850355
1.000881547747142,0.9508243571238343,0.20628551416301863,-0.3248502978379406,-0.5497496100492676,-0.9546229827165156
0.9237646029144622,0.869934687948789,1.2652783437364041,-1.4070093636777523,1.8190099305579894,0.6146202765435103
-1.2355098524005703,1.3552727029990606,-0.7066393389174862,1.604215863006941,-0.5497496100492676,-0.7453905481485121
0.07547820975498513,0.22281733454842698,0.863591408380982,0.05155285549764605,-0.5497496100492676,-0.850006765432514
0.6152968235837433,-0.10074134215175404,-0.1588844270691833,0.38090561466628436,-0.5497496100492676,0.09153919012350165
-0.6956912385718121,-0.7478586955521161,0.9731423907506426,1.2748631038383027,-0.5497496100492676,0.5100040592595084
1.1551154374125014,-0.10074134215175404,1.447863314352505,-1.5952109403455454,-0.5497496100492676,2.6023284049395423
-0.15587262474305405,-0.1816310113267993,0.863591408380982,0.09860324966459438,-0.5497496100492676,0.5100040592595084
-1.004159017902531,0.3845966728985175,-0.1223674329459631,0.333855220499336,-0.5497496100492676,0.19615540740750323
0.07547820975498513,-0.019851672976708788,0.4619044730255599,0.14565364383154272,-0.5497496100492676,-0.7453905481485121
-0.07875567991037433,-0.10074134215175404,0.3523534906558994,0.6161575855010261,-0.5497496100492676,0.09153919012350165
-0.46434040407377297,-0.4243000188519351,0.2428025082862388,-1.1717573928430105,-0.5497496100492676,-0.4315418962965071
-0.9270420730698514,-0.6669690263770709,-2.0942851155998534,0.6632079796679744,-0.5497496100492676,-0.9546229827165156
-2.0066793007273676,-1.314086379777433,-0.23191841531562368,0.8043591621688193,-0.5497496100492676,0.7192364938275118
-0.7728081834044919,-0.5860793572020256,0.2428025082862388,1.5101150746730443,-0.5497496100492676,-0.7453905481485121
-1.4668606868986096,-0.6669690263770709,-1.254394250765789,1.039611133003561,-0.5497496100492676,-0.32692567901250535
-1.3897437420659298,0.06103799619833647,0.863591408380982,1.0866615271705093,-0.5497496100492676,0.30077162469150504
1.000881547747142,-0.3434103496768898,0.7540404260113215,-0.5601022686726822,-0.5497496100492676,-0.013077027160500168
0.2297120994203446,0.869934687948789,1.3017953378596243,0.2868048263323877,-0.5497496100492676,-0.4315418962965071
-0.5414573489064527,-1.314086379777433,0.6810064377648811,-0.08959832700319895,1.8190099305579894,0.19615540740750323
-2.1609131903927272,-2.7701004249282475,0.279319502409459,1.2748631038383027,-0.5497496100492676,0.19615540740750323
-0.8499251282371717,-0.26252068050184457,-0.8892243095335871,0.898459950502716,-0.5497496100492676,0.7192364938275118
-0.38722345924109325,-0.7478586955521161,1.1922443554899638,0.333855220499336,-0.5497496100492676,-0.9546229827165156
0.2297120994203446,-2.4465417482280665,-1.5100132096283303,0.8514095563357676,-0.5497496100492676,-0.013077027160500168
0.6152968235837433,1.517052041349151,-0.30495240356206404,0.9455103446696643,-0.5497496100492676,-0.850006765432514
2.0034018305719785,-1.7994243948277044,0.7905574201345417,-0.9835558161752173,-0.5497496100492676,0.4053878419755066
-1.2355098524005703,-0.019851672976708788,0.023700543546917665,1.039611133003561,-0.5497496100492676,-0.9546229827165156
1.4635832167432203,-1.961203733177795,2.141686202693689,-2.0186644878480804,-0.5497496100492676,-0.22230946172850355
1.0779984925798216,0.869934687948789,-0.5240543683013852,-0.8424046336743722,-0.5497496100492676,-0.11769324444450185
0.6152968235837433,1.2743830338240154,0.7175234318881013,-2.065714882015029,-0.5497496100492676,-0.4315418962965071
-1.7753284662293285,0.22281733454842698,-1.6925981802444312,1.463064680506096,-0.5497496100492676,-0.4315418962965071
-1.1583929075678905,0.30370700372347226,-0.0858504388227429,0.757308768001871,-0.5497496100492676,-0.850006765432514
-2.3922640248907663,2.4877280714496943,-0.049333444699522715,1.4160142863391476,-0.5497496100492676,-0.013077027160500168
0.3068290442530243,1.0317140262988795,-1.5100132096283303,-0.8424046336743722,1.8190099305579894,-0.4315418962965071
0.9237646029144622,0.3845966728985175,0.16976852003979842,-0.41895108617183724,-0.5497496100492676,-0.9546229827165156
1.232232382245181,-0.6669690263770709,0.13325152591657824,-1.5952109403455454,1.8190099305579894,-0.4315418962965071
1.232232382245181,0.7890450187737438,-1.4734962155051101,-1.3599589695108039,-0.5497496100492676,-0.5361581135805088
-0.07875567991037433,-0.5051896880269804,-1.6195641919979908,1.039611133003561,-0.5497496100492676,-0.9546229827165156
0.38394598908570404,0.14192766537338172,-0.5605713624246054,-0.08959832700319895,-0.5497496100492676,-0.4315418962965071
1.000881547747142,0.6272656804236533,-0.0858504388227429,-0.7483038453404756,1.8190099305579894,-0.11769324444450185
0.7695307132491027,-0.019851672976708788,-0.8527073154103669,-1.3129085753438556,1.8190099305579894,-0.9546229827165156
0.692413768416423,0.06103799619833647,-0.30495240356206404,-1.8775133053472355,-0.5497496100492676,0.4053878419755066
-0.6956912385718121,-0.3434103496768898,-1.254394250765789,0.09860324966459438,-0.5497496100492676,-0.6407743308645104
-0.6956912385718121,-0.6669690263770709,0.5349384612720003,0.8043591621688193,-0.5497496100492676,-0.013077027160500168
0.15259515458766487,0.7890450187737438,-1.2909112448890092,0.4279560088332327,-0.5497496100492676,-0.22230946172850355
2.0034018305719785,0.3845966728985175,1.5208973025989454,-2.0186644878480804,-0.5497496100492676,-0.7453905481485121
-0.07875567991037433,0.869934687948789,-0.30495240356206404,-0.6542030570065789,-0.5497496100492676,0.4053878419755066
-0.07875567991037433,-1.071417372252297,-0.8527073154103669,0.2868048263323877,-0.5497496100492676,1.2423175802475206
0.46106293391838377,-1.2331967106023876,-0.8892243095335871,0.14565364383154272,-0.5497496100492676,-0.9546229827165156
-1.929562355894688,0.06103799619833647,1.3383123319828445,1.8394678338416826,-0.5497496100492676,-0.850006765432514
-0.9270420730698514,0.7890450187737438,0.6444894436416609,0.9925607388366127,-0.5497496100492676,0.6146202765435103
1.4635832167432203,0.869934687948789,0.6079724495184408,-1.2658581811769072,-0.5497496100492676,0.19615540740750323
0.46106293391838377,-0.10074134215175404,1.4113463202292849,-0.13664872117014729,1.8190099305579894,-0.6407743308645104
-1.4668606868986096,-0.8287483647271614,0.6079724495184408,0.5220567971671294,1.8190099305579894,-0.7453905481485121
-1.1583929075678905,0.869934687948789,0.20628551416301863,1.463064680506096,-0.5497496100492676,-0.850006765432514
-0.2329895695757338,0.46548634207356276,-0.8527073154103669,0.23975443216543937,-0.5497496100492676,-0.5361581135805088
-2.6236148593888053,0.7890450187737438,-1.4734962155051101,1.2748631038383027,-0.5497496100492676,-0.32692567901250535
0.2297120994203446,-0.10074134215175404,-0.1588844270691833,0.47500640300018104,-0.5497496100492676,-0.32692567901250535
-0.5414573489064527,1.19349336464897,-1.1083262742729083,1.4160142863391476,-0.5497496100492676,-0.4315418962965071
1.849167940906619,-2.0420934023528403,-0.26843540943884386,-1.7834125170133388,-0.5497496100492676,-0.6407743308645104
-0.0016387350776945978,1.3552727029990606,-0.6336053506710457,0.2868048263323877,-0.5497496100492676,-0.7453905481485121
0.2297120994203446,0.546376011248608,1.0096593848738629,0.05155285549764605,-0.5497496100492676,-0.7453905481485121
0.2297120994203446,0.869934687948789,-2.0942851155998534,-1.1247069986760623,-0.5497496100492676,-0.22230946172850355
-0.46434040407377297,-2.1229830715278855,-0.9257413036568073,0.757308768001871,-0.5497496100492676,-0.11769324444450185
-0.6185742937391324,1.517052041349151,2.2877541791865696,0.9455103446696643,-0.5497496100492676,3.0207932740755497
0.46106293391838377,2.2450590639245585,1.4843803084757252,0.004502461330697721,-0.5497496100492676,0.19615540740750323
0.2297120994203446,0.30370700372347226,0.7540404260113215,0.2868048263323877,-0.5497496100492676,0.30077162469150504
-0.7728081834044919,1.759721048874287,-1.1083262742729083,1.0866615271705093,1.8190099305579894,-0.9546229827165156
0.2297120994203446,1.0317140262988795,0.7175234318881013,0.38090561466628436,1.8190099305579894,-0.7453905481485121
1.309349327077861,1.2743830338240154,-1.2909112448890092,-0.6071526628396305,-0.5497496100492676,-0.850006765432514
-0.2329895695757338,1.759721048874287,0.2428025082862388,0.38090561466628436,-0.5497496100492676,0.19615540740750323
0.7695307132491027,0.14192766537338172,-0.049333444699522715,-0.7483038453404756,-0.5497496100492676,0.4053878419755066
0.3068290442530243,1.517052041349151,-0.23191841531562368,-0.513051874505734,-0.5497496100492676,-0.32692567901250535
0.5381798787510635,-1.7185347256526593,-0.8892243095335871,-0.6071526628396305,1.8190099305579894,2.4977121876555413
-0.46434040407377297,0.46548634207356276,-1.4004622272586698,-0.13664872117014729,-0.5497496100492676,-0.013077027160500168
-1.1583929075678905,-0.6669690263770709,-0.6336053506710457,0.333855220499336,-0.5497496100492676,-1.0592392000005173
-1.3897437420659298,2.8921764173249205,-0.23191841531562368,-0.13664872117014729,-0.5497496100492676,0.19615540740750323
0.6152968235837433,0.6272656804236533,0.5349384612720003,0.23975443216543937,-0.5497496100492676,-0.013077027160500168
-0.9270420730698514,0.3845966728985175,-0.012816450576302527,0.5691071913340777,-0.5497496100492676,-0.850006765432514
0.2297120994203446,-0.9905277030772519,0.9366253966274224,-0.1836991153370956,-0.5497496100492676,0.6146202765435103
-0.38722345924109325,1.840610718049332,-0.23191841531562368,0.6632079796679744,-0.5497496100492676,-0.9546229827165156
-0.0016387350776945978,1.3552727029990606,-0.5605713624246054,0.09860324966459438,-0.5497496100492676,1.4515500148155238
-1.004159017902531,0.7081553495986985,-1.4734962155051101,1.321913498005251,-0.5497496100492676,-0.32692567901250535
0.7695307132491027,-0.10074134215175404,-0.8527073154103669,-0.3248502978379406,-0.5497496100492676,1.6607824493835275
0.3068290442530243,0.14192766537338172,-0.7431563330407064,-1.3129085753438556,1.8190099305579894,1.4515500148155238
0.6152968235837433,-2.0420934023528403,0.49842146714878016,-0.7953542395074239,1.8190099305579894,0.6146202765435103
0.5381798787510635,1.0317140262988795,-0.9987752919032477,0.898459950502716,-0.5497496100492676,-0.850006765432514
1.1551154374125014,1.6788313796992416,-0.30495240356206404,-1.0306062103421656,-0.5497496100492676,2.6023284049395423
-0.07875567991037433,-0.26252068050184457,1.228761349613184,-0.7953542395074239,-0.5497496100492676,0.30077162469150504
-1.929562355894688,1.112603695473925,-0.5970883565478255,0.5220567971671294,-0.5497496100492676,-0.32692567901250535
-0.38722345924109325,0.06103799619833647,-0.7066393389174862,0.7102583738349227,-0.5497496100492676,-0.850006765432514
1.0779984925798216,0.7081553495986985,-0.19540142119240347,-1.4070093636777523,-0.5497496100492676,-0.6407743308645104
-1.2355098524005703,-0.8287483647271614,-0.9257413036568073,0.6161575855010261,-0.5497496100492676,0.09153919012350165
0.3068290442530243,1.112603695473925,-0.26843540943884386,-0.3248502978379406,-0.5497496100492676,-0.9546229827165156
-0.6956912385718121,-0.3434103496768898,-0.1223674329459631,0.6161575855010261,-0.5497496100492676,-0.9546229827165156
-0.9270420730698514,0.14192766537338172,-2.4959720509552756,0.757308768001871,-0.5497496100492676,1.1377013629635189
1.232232382245181,1.517052041349151,-0.19540142119240347,-0.41895108617183724,-0.5497496100492676,0.09153919012350165
-0.8499251282371717,0.06103799619833647,-1.5100132096283303,-0.2777999036709923,-0.5497496100492676,0.09153919012350165
0.07547820975498513,1.0317140262988795,-0.0858504388227429,-0.2777999036709923,-0.5497496100492676,-0.013077027160500168
-0.46434040407377297,-0.6669690263770709,0.20628551416301863,0.898459950502716,-0.5497496100492676,-0.850006765432514
0.15259515458766487,-0.26252068050184457,1.5939312908453858,0.14565364383154272,-0.5497496100492676,-0.7453905481485121
-1.004159017902531,0.22281733454842698,-2.1308021097230734,2.1217701988433726,-0.5497496100492676,-0.7453905481485121
1.1551154374125014,-0.10074134215175404,-0.6336053506710457,-0.9835558161752173,-0.5497496100492676,-0.32692567901250535
1.3864662719105405,-1.8803140640027498,0.3523534906558994,-2.771470794519254,1.8190099305579894,3.439258143211556
0.15259515458766487,0.3845966728985175,-1.2909112448890092,0.05155285549764605,-0.5497496100492676,-0.9546229827165156
-0.38722345924109325,-0.26252068050184457,0.2428025082862388,-0.23074950950404394,-0.5497496100492676,0.5100040592595084
-0.0016387350776945978,0.06103799619833647,-1.2178772566425689,0.14565364383154272,1.8190099305579894,-1.0592392000005173
0.7695307132491027,-0.9905277030772519,0.3158364965326792,-1.5481605461785972,-0.5497496100492676,5.008501402471582
-2.1609131903927272,-0.7478586955521161,0.3523534906558994,0.5220567971671294,-0.5497496100492676,1.5561662320995255
-0.8499251282371717,-0.5860793572020256,-0.8161903212871467,0.5220567971671294,-0.5497496100492676,-0.013077027160500168
-1.852445411062008,0.869934687948789,-0.19540142119240347,1.7924174396747343,-0.5497496100492676,0.09153919012350165
0.5381798787510635,-0.4243000188519351,-1.2909112448890092,0.333855220499336,-0.5497496100492676,-0.850006765432514
0.6152968235837433,-0.1816310113267993,0.279319502409459,-0.4660014803387856,-0.5497496100492676,0.09153919012350165
1.3864662719105405,0.30370700372347226,0.023700543546917665,-1.3129085753438556,-0.5497496100492676,1.1377013629635189
-0.0016387350776945978,-0.7478586955521161,1.1192103672435234,-0.08959832700319895,-0.5497496100492676,0.4053878419755066
-0.5414573489064527,1.19349336464897,-2.4959720509552756,0.7102583738349227,-0.5497496100492676,-0.6407743308645104
-0.6956912385718121,1.436162372174106,-0.8892243095335871,1.0866615271705093,-0.5497496100492676,-0.9546229827165156
0.5381798787510635,-0.8287483647271614,0.060217537670137856,0.14565364383154272,-0.5497496100492676,1.2423175802475206
-0.7728081834044919,-1.5567553873025688,-0.012816450576302527,0.8514095563357676,-0.5497496100492676,-0.6407743308645104
0.9237646029144622,-0.26252068050184457,-0.5970883565478255,-1.1717573928430105,-0.5497496100492676,1.3469337975315219
-0.07875567991037433,-1.2331967106023876,-0.26843540943884386,-0.23074950950404394,-0.5497496100492676,0.4053878419755066
2.1576357202373377,-0.26252068050184457,-0.41450338593172464,-1.0776566045091138,-0.5497496100492676,0.7192364938275118
-0.2329895695757338,-0.8287483647271614,-0.19540142119240347,0.38090561466628436,-0.5497496100492676,-0.5361581135805088
-0.7728081834044919,-2.1229830715278855,-0.26843540943884386,0.7102583738349227,-0.5497496100492676,-0.5361581135805088
-0.0016387350776945978,-0.9096380339022067,1.3383123319828445,1.1337119213374576,-0.5497496100492676,-0.11769324444450185
-1.31262679723325,-0.10074134215175404,0.6079724495184408,1.039611133003561,1.8190099305579894,-0.6407743308645104
-1.1583929075678905,-1.5567553873025688,0.49842146714878016,0.004502461330697721,1.8190099305579894,2.9161770567915473
0.9237646029144622,0.46548634207356276,-0.8161903212871467,-0.08959832700319895,-0.5497496100492676,-0.9546229827165156
-0.15587262474305405,-0.6669690263770709,0.8270744142577618,0.6161575855010261,-0.5497496100492676,-0.850006765432514
0.15259515458766487,1.0317140262988795,-0.3414693976852842,-0.5601022686726822,-0.5497496100492676,-0.013077027160500168
-1.1583929075678905,2.2450590639245585,-0.1223674329459631,0.9455103446696643,1.8190099305579894,-0.850006765432514
-0.38722345924109325,-1.5567553873025688,-0.8892243095335871,0.23975443216543937,-0.5497496100492676,-0.7453905481485121
0.07547820975498513,-0.9905277030772519,-0.30495240356206404,-0.37190069200488896,1.8190099305579894,2.4977121876555413
1.309349327077861,-0.4243000188519351,-0.9987752919032477,-0.8424046336743722,-0.5497496100492676,2.6023284049395423
1.0779984925798216,1.2743830338240154,-0.9987752919032477,0.47500640300018104,-0.5497496100492676,-1.0592392000005173
1.4635832167432203,-1.1523070414273424,-0.3414693976852842,-0.3248502978379406,-0.5497496100492676,-0.4315418962965071
0.6152968235837433,-0.5051896880269804,0.38887048477911956,0.5220567971671294,1.8190099305579894,-0.013077027160500168
-0.7728081834044919,-1.394976048952478,-0.41450338593172464,0.6632079796679744,-0.5497496100492676,-0.7453905481485121
1.309349327077861,-0.7478586955521161,0.3523534906558994,-1.7834125170133388,1.8190099305579894,1.6607824493835275
-0.5414573489064527,-2.0420934023528403,-0.5605713624246054,1.5101150746730443,-0.5497496100492676,1.1377013629635189
0.8466476580817824,2.2450590639245585,-0.1588844270691833,-0.7483038453404756,-0.5497496100492676,0.09153919012350165
